<ImportExportXml xmlns:xsi="http://www.w3.org/2001/XMLSchema-instance">
  <Entities></Entities>
  <Roles></Roles>
  <Workflows></Workflows>
  <FieldSecurityProfiles></FieldSecurityProfiles>
  <Templates />
  <EntityMaps />
  <EntityRelationships />
  <OrganizationSettings />
  <optionsets />
  <CustomControls />
  <EntityDataProviders />
  <CanvasApps>
    <CanvasApp>
      <Name>crcac_ppaorder_75922</Name>
      <AppVersion>2022-03-29T14:01:58Z</AppVersion>
      <Status>NotReady</Status>
      <CreatedByClientVersion>3.22022.23.0</CreatedByClientVersion>
      <MinClientVersion>3.22022.23.0</MinClientVersion>
      <Tags>{"primaryDeviceWidth":"640","primaryDeviceHeight":"1136","sienaVersion":"b583a844-7bab-431f-bb06-68a85e3f1db1","deviceCapabilities":"","supportsPortrait":"true","supportsLandscape":"false","primaryFormFactor":"Phone","publisherVersion":"3.22022.23","minimumRequiredApiVersion":"2.2.0","hasComponent":"false","hasUnlockedComponent":"false","isUnifiedRootApp":"false"}</Tags>
      <IsCdsUpgraded>0</IsCdsUpgraded>
      <GalleryItemId xsi:nil="true"></GalleryItemId>
      <BackgroundColor>rgba(1, 60, 96, 1)</BackgroundColor>
      <DisplayName>PPA_ORDER</DisplayName>
      <Description></Description>
      <CommitMessage></CommitMessage>
      <Publisher></Publisher>
      <AuthorizationReferences>[]</AuthorizationReferences>
      <ConnectionReferences>{"36073f5f-5732-436b-9343-9f2efbf6a5df":{"id":"/providers/microsoft.powerapps/apis/shared_office365users","displayName":"Office 365 Users","iconUri":"https://connectoricons-prod.azureedge.net/releases/v1.0.1563/1.0.1563.2732/office365users/icon.png","dataSources":["Office365Users"],"dependencies":[],"dependents":[],"parameterHints":{},"parameterHintsV2":{},"isOnPremiseConnection":false,"bypassConsent":false,"dataSets":{},"apiTier":"Standard","actions":["SearchUser","MyProfileV2"]},"0334eabf-2be1-4603-a042-ca9bec9a73ed":{"id":"/providers/microsoft.powerapps/apis/shared_logicflows","displayName":"Logic flows","iconUri":"https://connectoricons-prod.azureedge.net/releases/v1.0.1534/1.0.1534.2605/logicflows/icon.png","dataSources":["BPMToolkit-SubmitFormData-Proxy"],"dependencies":[],"dependents":[],"parameterHints":{"workflowName":{"value":"02bcd59c-27bd-4c59-8e09-2a2fd52db898"},"workflowEntityId":{"value":"bceb6494-8a30-eb11-a813-000d3add6d27"}},"parameterHintsV2":{"workflowName":{"value":"02bcd59c-27bd-4c59-8e09-2a2fd52db898"},"workflowEntityId":{"value":"bceb6494-8a30-eb11-a813-000d3add6d27"}},"isOnPremiseConnection":false,"bypassConsent":false,"dataSets":{},"apiTier":"Standard","actions":["Run"]},"4d01c1ae-3d9a-4624-9cf2-1926f80ca0de":{"id":"/providers/microsoft.powerapps/apis/shared_sharepointonline","displayName":"SharePoint","iconUri":"https://connectoricons-prod.azureedge.net/releases/v1.0.1563/1.0.1563.2732/sharepointonline/icon.png","dataSources":["PPA_ORDERS"],"dependencies":[],"dependents":[],"parameterHints":{},"parameterHintsV2":{},"isOnPremiseConnection":false,"bypassConsent":false,"dataSets":{"https://doctorflow03.sharepoint.com/sites/BPMToolkit":{"datasetOverride":{"environmentVariableName":"cr93e_BPMSite"},"dataSources":{"PPA_ORDERS":{"tableName":"e3c50343-dd76-4e90-a499-25fc22599c78","tableNameOverride":{"environmentVariableName":"cr93e_PPA_ORDERS"}}}}},"apiTier":"Standard","actions":["providers/PowerPlatform.Governance/Operations/Read"]}}</ConnectionReferences>
      <DatabaseReferences>{}</DatabaseReferences>
      <CanvasAppType>0</CanvasAppType>
      <BypassConsent>0</BypassConsent>
      <EmbeddedApp xsi:nil="true"></EmbeddedApp>
      <IntroducedVersion>1.0</IntroducedVersion>
      <CdsDependencies>{"cdsdependencies":[{"componenttype":380,"logicalname":"cr93e_BPMSite","componenttypeplatformname":"EnvironmentVariableDefinition"},{"componenttype":380,"logicalname":"cr93e_PPA_ORDERS","componenttypeplatformname":"EnvironmentVariableDefinition"}]}</CdsDependencies>
      <IsCustomizable>1</IsCustomizable>
      <BackgroundImageUri>/CanvasApps/crcac_ppaorder_75922_BackgroundImageUri</BackgroundImageUri>
      <DocumentUri>/CanvasApps/crcac_ppaorder_75922_DocumentUri.msapp</DocumentUri>
    </CanvasApp>
  </CanvasApps>
  <connectionreferences>
    <connectionreference connectionreferencelogicalname="crd97_BPMToolkitDemoConref">
      <connectionreferencedisplayname>BPM Toolkit Demo Con ref</connectionreferencedisplayname>
      <connectorid>/providers/Microsoft.PowerApps/apis/shared_sharepointonline</connectorid>
      <iscustomizable>1</iscustomizable>
      <statecode>0</statecode>
      <statuscode>1</statuscode>
    </connectionreference>
  </connectionreferences>
  <Languages>
    <Language>1033</Language>
  </Languages>
</ImportExportXml>