<ImportExportXml version="9.2.23022.178" SolutionPackageVersion="9.2" languagecode="1033" generatedBy="CrmLive" xmlns:xsi="http://www.w3.org/2001/XMLSchema-instance">
  <SolutionManifest>
    <UniqueName>BPMToolkit</UniqueName>
    <LocalizedNames>
      <LocalizedName description="BPM Toolkit" languagecode="1033" />
    </LocalizedNames>
    <Descriptions />
    <Version>2.0.0.4</Version>
    <Managed>0</Managed>
    <Publisher>
      <UniqueName>BPM</UniqueName>
      <LocalizedNames>
        <LocalizedName description="BPM" languagecode="1033" />
      </LocalizedNames>
      <Descriptions />
      <EMailAddress xsi:nil="true"></EMailAddress>
      <SupportingWebsiteUrl xsi:nil="true"></SupportingWebsiteUrl>
      <CustomizationPrefix>bpm_</CustomizationPrefix>
      <CustomizationOptionValuePrefix>75568</CustomizationOptionValuePrefix>
      <Addresses>
        <Address>
          <AddressNumber>1</AddressNumber>
          <AddressTypeCode>1</AddressTypeCode>
          <City xsi:nil="true"></City>
          <County xsi:nil="true"></County>
          <Country xsi:nil="true"></Country>
          <Fax xsi:nil="true"></Fax>
          <FreightTermsCode xsi:nil="true"></FreightTermsCode>
          <ImportSequenceNumber xsi:nil="true"></ImportSequenceNumber>
          <Latitude xsi:nil="true"></Latitude>
          <Line1 xsi:nil="true"></Line1>
          <Line2 xsi:nil="true"></Line2>
          <Line3 xsi:nil="true"></Line3>
          <Longitude xsi:nil="true"></Longitude>
          <Name xsi:nil="true"></Name>
          <PostalCode xsi:nil="true"></PostalCode>
          <PostOfficeBox xsi:nil="true"></PostOfficeBox>
          <PrimaryContactName xsi:nil="true"></PrimaryContactName>
          <ShippingMethodCode>1</ShippingMethodCode>
          <StateOrProvince xsi:nil="true"></StateOrProvince>
          <Telephone1 xsi:nil="true"></Telephone1>
          <Telephone2 xsi:nil="true"></Telephone2>
          <Telephone3 xsi:nil="true"></Telephone3>
          <TimeZoneRuleVersionNumber xsi:nil="true"></TimeZoneRuleVersionNumber>
          <UPSZone xsi:nil="true"></UPSZone>
          <UTCOffset xsi:nil="true"></UTCOffset>
          <UTCConversionTimeZoneCode xsi:nil="true"></UTCConversionTimeZoneCode>
        </Address>
        <Address>
          <AddressNumber>2</AddressNumber>
          <AddressTypeCode>1</AddressTypeCode>
          <City xsi:nil="true"></City>
          <County xsi:nil="true"></County>
          <Country xsi:nil="true"></Country>
          <Fax xsi:nil="true"></Fax>
          <FreightTermsCode xsi:nil="true"></FreightTermsCode>
          <ImportSequenceNumber xsi:nil="true"></ImportSequenceNumber>
          <Latitude xsi:nil="true"></Latitude>
          <Line1 xsi:nil="true"></Line1>
          <Line2 xsi:nil="true"></Line2>
          <Line3 xsi:nil="true"></Line3>
          <Longitude xsi:nil="true"></Longitude>
          <Name xsi:nil="true"></Name>
          <PostalCode xsi:nil="true"></PostalCode>
          <PostOfficeBox xsi:nil="true"></PostOfficeBox>
          <PrimaryContactName xsi:nil="true"></PrimaryContactName>
          <ShippingMethodCode>1</ShippingMethodCode>
          <StateOrProvince xsi:nil="true"></StateOrProvince>
          <Telephone1 xsi:nil="true"></Telephone1>
          <Telephone2 xsi:nil="true"></Telephone2>
          <Telephone3 xsi:nil="true"></Telephone3>
          <TimeZoneRuleVersionNumber xsi:nil="true"></TimeZoneRuleVersionNumber>
          <UPSZone xsi:nil="true"></UPSZone>
          <UTCOffset xsi:nil="true"></UTCOffset>
          <UTCConversionTimeZoneCode xsi:nil="true"></UTCConversionTimeZoneCode>
        </Address>
      </Addresses>
    </Publisher>
    <RootComponents>
      <RootComponent type="1" schemaName="bpm__activitylog" behavior="0" />
      <RootComponent type="1" schemaName="bpm__cases" behavior="0" />
      <RootComponent type="1" schemaName="bpm__casesconfiguration" behavior="0" />
      <RootComponent type="1" schemaName="bpm__caseslifecycle" behavior="0" />
      <RootComponent type="1" schemaName="bpm__errorlog" behavior="0" />
      <RootComponent type="1" schemaName="bpm__internalmessages" behavior="0" />
      <RootComponent type="1" schemaName="bpm__parameters" behavior="0" />
      <RootComponent type="1" schemaName="bpm__personsinroles" behavior="0" />
      <RootComponent type="1" schemaName="bpm__request" behavior="0" />
      <RootComponent type="1" schemaName="bpm__roles" behavior="0" />
      <RootComponent type="1" schemaName="bpm__tasks" behavior="0" />
      <RootComponent type="1" schemaName="bpm__workflowdefinitions" behavior="0" />
      <RootComponent type="1" schemaName="bpm__workflows" behavior="0" />
      <RootComponent type="29" id="{039880ab-c661-ed11-9561-0022489fde6b}" behavior="0" />
      <RootComponent type="29" id="{1017e6c0-373b-ed11-9db1-0022489fde6b}" behavior="0" />
      <RootComponent type="29" id="{129c9170-ee7a-ed11-81ad-0022489fd008}" behavior="0" />
      <RootComponent type="29" id="{171b4581-c661-ed11-9561-0022489fd008}" behavior="0" />
      <RootComponent type="29" id="{1e025f27-5079-ed11-81ad-0022489fd008}" behavior="0" />
      <RootComponent type="29" id="{2a8774c9-c061-ed11-9561-0022489fde6b}" behavior="0" />
      <RootComponent type="29" id="{2d1d27e6-d156-ed11-bba2-0022489fd008}" behavior="0" />
      <RootComponent type="29" id="{320dc7c8-323b-ed11-9db1-0022489fde6b}" behavior="0" />
      <RootComponent type="29" id="{44d5e393-c461-ed11-9561-0022489fd008}" behavior="0" />
      <RootComponent type="29" id="{47031a25-f161-ed11-9561-0022489fd008}" behavior="0" />
      <RootComponent type="29" id="{4b993741-c961-ed11-9561-0022489fde6b}" behavior="0" />
      <RootComponent type="29" id="{52c7160c-df61-ed11-9561-0022489fd008}" behavior="0" />
      <RootComponent type="29" id="{53573486-2858-ed11-9562-0022489fde6b}" behavior="0" />
      <RootComponent type="29" id="{58abc724-db73-ed11-81ab-0022489fde6b}" behavior="0" />
      <RootComponent type="29" id="{5966429e-3563-ed11-9561-0022489fd008}" behavior="0" />
      <RootComponent type="29" id="{69eb59d0-4b63-ed11-9561-0022489fd008}" behavior="0" />
      <RootComponent type="29" id="{73070496-e773-ed11-81ab-0022489fd008}" behavior="0" />
      <RootComponent type="29" id="{8f3ec168-db73-ed11-81ab-0022489fd008}" behavior="0" />
      <RootComponent type="29" id="{97431ff4-4a58-ed11-9562-0022489fd008}" behavior="0" />
      <RootComponent type="29" id="{979039fb-4758-ed11-9562-0022489fde6b}" behavior="0" />
      <RootComponent type="29" id="{b4dd2ec2-d461-ed11-9561-0022489fde6b}" behavior="0" />
      <RootComponent type="29" id="{b6d1313f-3e3b-ed11-9db1-0022489fd008}" behavior="0" />
      <RootComponent type="29" id="{bb4e295f-e27a-ed11-81ad-0022489fde6b}" behavior="0" />
      <RootComponent type="29" id="{c67bbcb6-543b-ed11-9db1-0022489fde6b}" behavior="0" />
      <RootComponent type="29" id="{cacb482f-4259-ed11-9562-0022489fd008}" behavior="0" />
      <RootComponent type="29" id="{e1840a12-e161-ed11-9561-0022489fde6b}" behavior="0" />
      <RootComponent type="29" id="{e637d30d-493b-ed11-9db1-0022489fde6b}" behavior="0" />
      <RootComponent type="29" id="{edb6097e-5d3b-ed11-9db1-0022489fde6b}" behavior="0" />
      <RootComponent type="300" schemaName="bpm__bpmtoolkitpulse_d1fb8" behavior="0" />
      <RootComponent type="300" schemaName="cr93e_bpmtoolkitworkflowgraphbeta_508a1" behavior="0" />
      <RootComponent type="300" schemaName="cr93e_bpmtoolkitworkflowscontrolcenterproto_9f2d9" behavior="0" />
    </RootComponents>
    <MissingDependencies>
      <MissingDependency>
        <Required type="1" schemaName="cra5b_statistics" displayName="Statistics" solution="Active" />
        <Dependent type="300" schemaName="cr93e_bpmtoolkitworkflowscontrolcenterproto_9f2d9" displayName="BPM Toolkit - Workflows Control Center" />
      </MissingDependency>
    </MissingDependencies>
  </SolutionManifest>
</ImportExportXml>