{
  "properties": {
    "connectionReferences": {
      "shared_commondataserviceforapps": {
        "runtimeSource": "embedded",
        "connection": {
          "connectionReferenceLogicalName": "bpm__sharedcommondataserviceforapps_b60e4"
        },
        "api": {
          "name": "shared_commondataserviceforapps"
        }
      }
    },
    "definition": {
      "$schema": "https://schema.management.azure.com/providers/Microsoft.Logic/schemas/2016-06-01/workflowdefinition.json#",
      "contentVersion": "1.0.0.0",
      "parameters": {
        "$connections": {
          "defaultValue": {},
          "type": "Object"
        },
        "$authentication": {
          "defaultValue": {},
          "type": "SecureObject"
        }
      },
      "triggers": {
        "manual": {
          "metadata": {
            "operationMetadataId": "6f433cf9-a132-4dc2-a253-8d62e8220362"
          },
          "type": "Request",
          "kind": "Button",
          "inputs": {
            "schema": {
              "type": "object",
              "properties": {
                "text": {
                  "title": "Case Type",
                  "type": "string",
                  "x-ms-dynamically-added": true,
                  "description": "Please enter your input",
                  "x-ms-content-hint": "TEXT"
                }
              },
              "required": [
                "text"
              ]
            }
          }
        }
      },
      "actions": {
        "List_rows_-_Case_Configurations": {
          "runAfter": {},
          "metadata": {
            "operationMetadataId": "b639600e-194e-48c9-a205-e1bc851e101a"
          },
          "type": "OpenApiConnection",
          "inputs": {
            "host": {
              "connectionName": "shared_commondataserviceforapps",
              "operationId": "ListRecords",
              "apiId": "/providers/Microsoft.PowerApps/apis/shared_commondataserviceforapps"
            },
            "parameters": {
              "entityName": "bpm__casesconfigurations",
              "$filter": "bpm__name eq '@{triggerBody()['text']}'",
              "$top": 1
            },
            "authentication": {
              "type": "Raw",
              "value": "@json(decodeBase64(triggerOutputs().headers['X-MS-APIM-Tokens']))['$ConnectionKey']"
            }
          }
        },
        "CaseConfig": {
          "runAfter": {
            "List_rows_-_Case_Configurations": [
              "Succeeded"
            ]
          },
          "metadata": {
            "operationMetadataId": "abac3a89-fed2-439b-a14e-911036a261c7"
          },
          "type": "Compose",
          "inputs": "@outputs('List_rows_-_Case_Configurations')?['body']?['value']?[0]"
        },
        "Response": {
          "runAfter": {
            "CaseConfig": [
              "Succeeded"
            ]
          },
          "metadata": {
            "operationMetadataId": "0130194d-759b-4eb2-aa01-5365645ecd68"
          },
          "type": "Response",
          "kind": "Http",
          "inputs": {
            "statusCode": 200,
            "body": "@outputs('CaseConfig')"
          }
        }
      }
    },
    "templateName": null
  },
  "schemaVersion": "1.0.0.0"
}