{
  "properties": {
    "connectionReferences": {
      "shared_commondataserviceforapps": {
        "runtimeSource": "embedded",
        "connection": {
          "connectionReferenceLogicalName": "bpm__sharedcommondataserviceforapps_b60e4"
        },
        "api": {
          "name": "shared_commondataserviceforapps"
        }
      }
    },
    "definition": {
      "$schema": "https://schema.management.azure.com/providers/Microsoft.Logic/schemas/2016-06-01/workflowdefinition.json#",
      "contentVersion": "1.0.0.0",
      "parameters": {
        "$connections": {
          "defaultValue": {},
          "type": "Object"
        },
        "$authentication": {
          "defaultValue": {},
          "type": "SecureObject"
        }
      },
      "triggers": {
        "manual": {
          "metadata": {
            "operationMetadataId": "2221368b-3ca6-4e93-96b1-4ba641aed1a4"
          },
          "type": "Request",
          "kind": "Button",
          "inputs": {
            "schema": {
              "type": "object",
              "properties": {
                "text": {
                  "title": "CaseGuid",
                  "type": "string",
                  "x-ms-dynamically-added": true,
                  "description": "Please enter your input",
                  "x-ms-content-hint": "TEXT"
                },
                "text_1": {
                  "title": "CaseLifecycleGuid",
                  "type": "string",
                  "x-ms-dynamically-added": true,
                  "description": "Please enter your input",
                  "x-ms-content-hint": "TEXT"
                }
              },
              "required": [
                "text",
                "text_1"
              ]
            }
          }
        }
      },
      "actions": {
        "CaseGuid": {
          "runAfter": {},
          "metadata": {
            "operationMetadataId": "4baf13a1-eb4a-4a75-847a-c7516009f934"
          },
          "type": "Compose",
          "inputs": "@triggerBody()['text']"
        },
        "Initialize_variable_Final_Workflow_Status": {
          "runAfter": {
            "CaseLifecycleGuid": [
              "Succeeded"
            ]
          },
          "metadata": {
            "operationMetadataId": "3bf64c2d-42af-46b3-a76b-6025033e6085"
          },
          "type": "InitializeVariable",
          "inputs": {
            "variables": [
              {
                "name": "Final Workflow Status",
                "type": "string"
              }
            ]
          }
        },
        "Initialize_variable_aStopActionHasbeenFound": {
          "runAfter": {
            "Initialize_variable_Final_Workflow_Status": [
              "Succeeded"
            ]
          },
          "metadata": {
            "operationMetadataId": "8c9587b3-a1fb-46ff-b82d-bc9a3d6d571b"
          },
          "type": "InitializeVariable",
          "inputs": {
            "variables": [
              {
                "name": "aStopActionHasbeenFound",
                "type": "boolean",
                "value": false
              }
            ]
          }
        },
        "Respond_to_a_PowerApp_or_flow": {
          "runAfter": {
            "Check_If_there_is_a_GOTO": [
              "Succeeded"
            ]
          },
          "metadata": {
            "operationMetadataId": "5a2a75a0-6e3f-4b53-8146-0fa80a1beeca"
          },
          "type": "Response",
          "kind": "PowerApp",
          "inputs": {
            "statusCode": 200,
            "body": {},
            "schema": {
              "type": "object",
              "properties": {}
            }
          }
        },
        "Switch_NewStatus": {
          "runAfter": {
            "FromStep": [
              "Succeeded"
            ]
          },
          "cases": {
            "RejectedStop": {
              "case": "RejectedStop",
              "actions": {
                "Update_a_row_-_Update_Workflow_Status_to_Approved": {
                  "runAfter": {},
                  "type": "OpenApiConnection",
                  "inputs": {
                    "host": {
                      "connectionName": "shared_commondataserviceforapps",
                      "operationId": "UpdateRecord",
                      "apiId": "/providers/Microsoft.PowerApps/apis/shared_commondataserviceforapps"
                    },
                    "parameters": {
                      "entityName": "bpm__caseses",
                      "recordId": "@outputs('CaseGuid')",
                      "item/bpm__workflowstatus": "Rejected",
                      "item/bpm__workingonit": "@string('')",
                      "item/bpm__workingonitcache": "@string('')"
                    },
                    "authentication": {
                      "type": "Raw",
                      "value": "@json(decodeBase64(triggerOutputs().headers['X-MS-APIM-Tokens']))['$ConnectionKey']"
                    }
                  }
                },
                "Terminate": {
                  "runAfter": {
                    "Update_a_row_-_Update_Workflow_Status_to_Approved": [
                      "Succeeded"
                    ]
                  },
                  "type": "Terminate",
                  "inputs": {
                    "runStatus": "Succeeded"
                  }
                }
              }
            },
            "ApprovedStop": {
              "case": "ApprovedStop",
              "actions": {
                "Update_a_row_-_Update_Workflow_Status_to_Approved___": {
                  "runAfter": {},
                  "type": "OpenApiConnection",
                  "inputs": {
                    "host": {
                      "connectionName": "shared_commondataserviceforapps",
                      "operationId": "UpdateRecord",
                      "apiId": "/providers/Microsoft.PowerApps/apis/shared_commondataserviceforapps"
                    },
                    "parameters": {
                      "entityName": "bpm__caseses",
                      "recordId": "@outputs('CaseGuid')",
                      "item/bpm__workflowstatus": "Approved",
                      "item/bpm__workingonit": "@string('')",
                      "item/bpm__workingonitcache": "@string('')"
                    },
                    "authentication": {
                      "type": "Raw",
                      "value": "@json(decodeBase64(triggerOutputs().headers['X-MS-APIM-Tokens']))['$ConnectionKey']"
                    }
                  }
                },
                "Terminate_": {
                  "runAfter": {
                    "Update_a_row_-_Update_Workflow_Status_to_Approved___": [
                      "Succeeded"
                    ]
                  },
                  "type": "Terminate",
                  "inputs": {
                    "runStatus": "Succeeded"
                  }
                }
              }
            },
            "Stop": {
              "case": "Stop",
              "actions": {
                "Update_a_row_-_Update_Workflow_Status_to_Stopped___": {
                  "runAfter": {},
                  "type": "OpenApiConnection",
                  "inputs": {
                    "host": {
                      "connectionName": "shared_commondataserviceforapps",
                      "operationId": "UpdateRecord",
                      "apiId": "/providers/Microsoft.PowerApps/apis/shared_commondataserviceforapps"
                    },
                    "parameters": {
                      "entityName": "bpm__caseses",
                      "recordId": "@outputs('CaseGuid')",
                      "item/bpm__workflowstatus": "Stopped",
                      "item/bpm__workingonit": "@string('')",
                      "item/bpm__workingonitcache": "@string('')"
                    },
                    "authentication": {
                      "type": "Raw",
                      "value": "@json(decodeBase64(triggerOutputs().headers['X-MS-APIM-Tokens']))['$ConnectionKey']"
                    }
                  }
                }
              }
            }
          },
          "default": {
            "actions": {}
          },
          "expression": "@outputs('NewStatus')",
          "metadata": {
            "operationMetadataId": "cb711833-b359-4987-8990-959938982c36"
          },
          "type": "Switch"
        },
        "Update_a_row_-_Cases_-_Update_WorkingOnit_Status_of_the_workflow": {
          "runAfter": {
            "Switch_NewStatus": [
              "Succeeded"
            ]
          },
          "metadata": {
            "operationMetadataId": "de5dd5a5-044e-4dd2-9fa2-f82389542fc0"
          },
          "type": "OpenApiConnection",
          "inputs": {
            "host": {
              "connectionName": "shared_commondataserviceforapps",
              "operationId": "UpdateRecord",
              "apiId": "/providers/Microsoft.PowerApps/apis/shared_commondataserviceforapps"
            },
            "parameters": {
              "entityName": "bpm__caseses",
              "recordId": "@outputs('CaseGuid')",
              "item/bpm__workingonit": "@string('')",
              "item/bpm__workingonitcache": "@string('')"
            },
            "authentication": {
              "type": "Raw",
              "value": "@json(decodeBase64(triggerOutputs().headers['X-MS-APIM-Tokens']))['$ConnectionKey']"
            }
          }
        },
        "Check_If_there_is_a_GOTO": {
          "actions": {
            "IfValue": {
              "runAfter": {},
              "metadata": {
                "operationMetadataId": "f0e7dd23-3345-450f-80f0-f25e836d3279"
              },
              "type": "Compose",
              "inputs": "@outputs('Get_a_row_by_ID_-_Get_Step_Info')?['body/bpm__ifgoto']?['bpm__ifvalue']"
            },
            "Check_if_condition_is_met": {
              "actions": {
                "GoToActor": {
                  "runAfter": {},
                  "metadata": {
                    "operationMetadataId": "07a0a4f5-f918-4a3f-ae6a-85f3d5593b91"
                  },
                  "type": "Compose",
                  "inputs": "@outputs('Get_a_row_by_ID_-_Get_Step_Info')?['body/bpm__ifgoto']"
                },
                "Run_a_Child_Flow_-_Get_Step_Number_from_Actor": {
                  "runAfter": {
                    "GoToActor": [
                      "Succeeded"
                    ]
                  },
                  "metadata": {
                    "operationMetadataId": "a0489d64-c278-41f0-af37-79f59e060578"
                  },
                  "type": "Workflow",
                  "inputs": {
                    "host": {
                      "workflowReferenceName": "129c9170-ee7a-ed11-81ad-0022489fd008"
                    },
                    "body": {
                      "text": "@outputs('CaseGuid')",
                      "text_1": "@outputs('GoToActor')"
                    }
                  }
                },
                "ToStep": {
                  "runAfter": {
                    "Run_a_Child_Flow_-_Get_Step_Number_from_Actor": [
                      "Succeeded"
                    ]
                  },
                  "metadata": {
                    "operationMetadataId": "428328f3-7506-4e47-9070-48f6459ace29"
                  },
                  "type": "Compose",
                  "inputs": "@body('Run_a_Child_Flow_-_Get_Step_Number_from_Actor')['Step']"
                },
                "Run_a_Child_Flow_-_Redirect_to_Step": {
                  "runAfter": {
                    "ToStep": [
                      "Succeeded"
                    ]
                  },
                  "metadata": {
                    "operationMetadataId": "7819f679-2a29-4c6e-b66b-61342dc6fdc2"
                  },
                  "type": "Workflow",
                  "inputs": {
                    "host": {
                      "workflowReferenceName": "5966429e-3563-ed11-9561-0022489fd008"
                    },
                    "body": {
                      "number": "@int(outputs('FromStep'))",
                      "number_1": "@int(outputs('ToStep'))",
                      "text": "@outputs('CaseGuid')",
                      "boolean": false,
                      "text_1": "NOP",
                      "text_2": "system"
                    }
                  }
                }
              },
              "runAfter": {
                "IfValue": [
                  "Succeeded"
                ]
              },
              "expression": {
                "equals": [
                  "@outputs('IfValue')",
                  "@outputs('NewStatus')"
                ]
              },
              "metadata": {
                "operationMetadataId": "b1a8b0e4-eae9-4ce0-8e7c-62cb0ed8f272"
              },
              "type": "If"
            }
          },
          "runAfter": {
            "Update_a_row_-_Cases_-_Update_WorkingOnit_Status_of_the_workflow": [
              "Succeeded"
            ]
          },
          "else": {
            "actions": {
              "Find_Next_Step": {
                "actions": {
                  "NextStep": {
                    "runAfter": {},
                    "metadata": {
                      "operationMetadataId": "4c4907fa-438b-4499-8d9e-e7271c582e13"
                    },
                    "type": "Compose",
                    "inputs": "@add(int(outputs('FromStep')), 1)"
                  },
                  "List_rows_-_Case_Lifecycles": {
                    "runAfter": {
                      "NextStep": [
                        "Succeeded"
                      ]
                    },
                    "metadata": {
                      "operationMetadataId": "427f44e7-9d75-4d5a-acd4-a4b6b515e095"
                    },
                    "type": "OpenApiConnection",
                    "inputs": {
                      "host": {
                        "connectionName": "shared_commondataserviceforapps",
                        "operationId": "ListRecords",
                        "apiId": "/providers/Microsoft.PowerApps/apis/shared_commondataserviceforapps"
                      },
                      "parameters": {
                        "entityName": "bpm__caseslifecycles",
                        "$filter": "_bpm__case_value eq '@{outputs('CaseGuid')}' and  bpm__step eq @{outputs('NextStep')}",
                        "$orderby": "bpm__step",
                        "$top": 1
                      },
                      "authentication": {
                        "type": "Raw",
                        "value": "@json(decodeBase64(triggerOutputs().headers['X-MS-APIM-Tokens']))['$ConnectionKey']"
                      }
                    }
                  },
                  "If_no_Next_Step": {
                    "actions": {
                      "Run_a_Child_Flow_-_Set_Final_Status": {
                        "runAfter": {},
                        "metadata": {
                          "operationMetadataId": "9d800c96-165a-46d8-8e48-4bc0c6bdbf6f"
                        },
                        "type": "Workflow",
                        "inputs": {
                          "host": {
                            "workflowReferenceName": "73070496-e773-ed11-81ab-0022489fd008"
                          },
                          "body": {
                            "text": "@outputs('CaseGuid')"
                          }
                        }
                      }
                    },
                    "runAfter": {
                      "List_rows_-_Case_Lifecycles": [
                        "Succeeded"
                      ]
                    },
                    "else": {
                      "actions": {
                        "CaseLifecycleNextGuid": {
                          "runAfter": {},
                          "metadata": {
                            "operationMetadataId": "d8c373e6-6baf-4222-ae0f-cc8cf62c7ce0"
                          },
                          "type": "Compose",
                          "inputs": "@outputs('List_rows_-_Case_Lifecycles')?['body/value']?[0]?['bpm__caseslifecycleid']"
                        },
                        "If_the_next_one_is_a_Stop": {
                          "actions": {
                            "Update_a_row_-_Cases_Lifecycles_Set_Status_to_Stopped": {
                              "runAfter": {},
                              "metadata": {
                                "operationMetadataId": "44563c02-d3d7-435f-9fea-c78f63a5b4f6"
                              },
                              "type": "OpenApiConnection",
                              "inputs": {
                                "host": {
                                  "connectionName": "shared_commondataserviceforapps",
                                  "operationId": "UpdateRecord",
                                  "apiId": "/providers/Microsoft.PowerApps/apis/shared_commondataserviceforapps"
                                },
                                "parameters": {
                                  "entityName": "bpm__caseslifecycles",
                                  "recordId": "@outputs('CaseLifecycleNextGuid')",
                                  "item/bpm__startedwhen": "@utcNow()",
                                  "item/bpm__stepstatus": "Stopped"
                                },
                                "authentication": {
                                  "type": "Raw",
                                  "value": "@json(decodeBase64(triggerOutputs().headers['X-MS-APIM-Tokens']))['$ConnectionKey']"
                                }
                              }
                            }
                          },
                          "runAfter": {
                            "CaseLifecycleNextGuid": [
                              "Succeeded"
                            ]
                          },
                          "else": {
                            "actions": {
                              "Update_a_row_-_Cases_Lifecycles_Set_Status_to_Waiting": {
                                "runAfter": {},
                                "metadata": {
                                  "operationMetadataId": "44563c02-d3d7-435f-9fea-c78f63a5b4f6"
                                },
                                "type": "OpenApiConnection",
                                "inputs": {
                                  "host": {
                                    "connectionName": "shared_commondataserviceforapps",
                                    "operationId": "UpdateRecord",
                                    "apiId": "/providers/Microsoft.PowerApps/apis/shared_commondataserviceforapps"
                                  },
                                  "parameters": {
                                    "entityName": "bpm__caseslifecycles",
                                    "recordId": "@outputs('CaseLifecycleNextGuid')",
                                    "item/bpm__startedwhen": "@utcNow()",
                                    "item/bpm__stepstatus": "Waiting"
                                  },
                                  "authentication": {
                                    "type": "Raw",
                                    "value": "@json(decodeBase64(triggerOutputs().headers['X-MS-APIM-Tokens']))['$ConnectionKey']"
                                  }
                                }
                              }
                            }
                          },
                          "expression": {
                            "equals": [
                              "@outputs('List_rows_-_Case_Lifecycles')?['body/value']?[0]?['ExpectedAction']",
                              "Stop"
                            ]
                          },
                          "metadata": {
                            "operationMetadataId": "0fbccb45-da8b-459f-a6ec-f7bd98a7f377"
                          },
                          "type": "If"
                        }
                      }
                    },
                    "expression": {
                      "equals": [
                        "@length(outputs('List_rows_-_Case_Lifecycles')?['body/value'])",
                        0
                      ]
                    },
                    "metadata": {
                      "operationMetadataId": "7a8e90e4-a9db-4025-80b4-b150401c68e3"
                    },
                    "type": "If"
                  }
                },
                "runAfter": {},
                "metadata": {
                  "operationMetadataId": "6f91d803-538d-4423-bc6c-9d53d65f0f57"
                },
                "type": "Scope"
              }
            }
          },
          "expression": {
            "greater": [
              "@length(trim(coalesce(outputs('Get_a_row_by_ID_-_Get_Step_Info')?['body/bpm__ifgoto'],' ') ))",
              0
            ]
          },
          "metadata": {
            "operationMetadataId": "ce907e5f-a6ab-4fbc-827b-d7e48ae25d8e"
          },
          "type": "If"
        },
        "CaseLifecycleGuid": {
          "runAfter": {
            "CaseGuid": [
              "Succeeded"
            ]
          },
          "metadata": {
            "operationMetadataId": "d8c373e6-6baf-4222-ae0f-cc8cf62c7ce0"
          },
          "type": "Compose",
          "inputs": "@triggerBody()['text_1']"
        },
        "Get_a_row_by_ID_-_Get_Step_Info": {
          "runAfter": {
            "Initialize_variable_aStopActionHasbeenFound": [
              "Succeeded"
            ]
          },
          "metadata": {
            "operationMetadataId": "a4cecc7f-20e9-4207-abf8-13e8704e6da7"
          },
          "type": "OpenApiConnection",
          "inputs": {
            "host": {
              "connectionName": "shared_commondataserviceforapps",
              "operationId": "GetItem",
              "apiId": "/providers/Microsoft.PowerApps/apis/shared_commondataserviceforapps"
            },
            "parameters": {
              "entityName": "bpm__caseslifecycles",
              "recordId": "@outputs('CaseLifecycleGuid')"
            },
            "authentication": {
              "type": "Raw",
              "value": "@json(decodeBase64(triggerOutputs().headers['X-MS-APIM-Tokens']))['$ConnectionKey']"
            }
          }
        },
        "FromStep": {
          "runAfter": {
            "NewStatus": [
              "Succeeded"
            ]
          },
          "metadata": {
            "operationMetadataId": "962eb77c-8b61-40cf-83f6-ecabbb626cb5"
          },
          "type": "Compose",
          "inputs": "@outputs('Get_a_row_by_ID_-_Get_Step_Info')?['body/bpm__step']"
        },
        "NewStatus": {
          "runAfter": {
            "Get_a_row_by_ID_-_Get_Step_Info": [
              "Succeeded"
            ]
          },
          "metadata": {
            "operationMetadataId": "31f2fd14-2ae2-4f5d-8399-4c4423634239"
          },
          "type": "Compose",
          "inputs": "@outputs('Get_a_row_by_ID_-_Get_Step_Info')?['body/bpm__stepstatus']"
        }
      }
    },
    "templateName": ""
  },
  "schemaVersion": "1.0.0.0"
}