{
  "properties": {
    "connectionReferences": {
      "shared_commondataserviceforapps": {
        "runtimeSource": "embedded",
        "connection": {
          "connectionReferenceLogicalName": "bpm__sharedcommondataserviceforapps_b60e4"
        },
        "api": {
          "name": "shared_commondataserviceforapps"
        }
      }
    },
    "definition": {
      "$schema": "https://schema.management.azure.com/providers/Microsoft.Logic/schemas/2016-06-01/workflowdefinition.json#",
      "contentVersion": "1.0.0.0",
      "parameters": {
        "$connections": {
          "defaultValue": {},
          "type": "Object"
        },
        "$authentication": {
          "defaultValue": {},
          "type": "SecureObject"
        }
      },
      "triggers": {
        "manual": {
          "metadata": {
            "operationMetadataId": "3b95040a-bc6c-4402-aa6b-63dbf914569b"
          },
          "type": "Request",
          "kind": "Button",
          "inputs": {
            "schema": {
              "type": "object",
              "properties": {
                "text": {
                  "title": "CaseGuid",
                  "type": "string",
                  "x-ms-dynamically-added": true,
                  "description": "Please enter your input",
                  "x-ms-content-hint": "TEXT"
                },
                "text_1": {
                  "title": "NewOwner",
                  "type": "string",
                  "x-ms-dynamically-added": true,
                  "description": "Please enter your input",
                  "x-ms-content-hint": "TEXT"
                },
                "text_2": {
                  "title": "Action",
                  "type": "string",
                  "x-ms-dynamically-added": true,
                  "description": "TAKE or RELEASE",
                  "x-ms-content-hint": "TEXT"
                }
              },
              "required": [
                "text",
                "text_2"
              ]
            }
          }
        }
      },
      "actions": {
        "CaseGuid": {
          "runAfter": {},
          "metadata": {
            "operationMetadataId": "c6fd2771-d91f-4715-bc58-148ac4f2d2d6"
          },
          "type": "Compose",
          "inputs": "@triggerBody()['text']"
        },
        "NewOwner": {
          "runAfter": {
            "CaseGuid": [
              "Succeeded"
            ]
          },
          "metadata": {
            "operationMetadataId": "15b0b90e-605c-404c-8352-6c3aa9a5551e"
          },
          "type": "Compose",
          "inputs": "@triggerBody()['text_1']"
        },
        "Check_the_Action_type": {
          "actions": {
            "Update_a_row_-_Case_-_Take_Ownership": {
              "runAfter": {},
              "metadata": {
                "operationMetadataId": "328a1969-c045-4410-9562-19f58cc245f5"
              },
              "type": "OpenApiConnection",
              "inputs": {
                "host": {
                  "connectionName": "shared_commondataserviceforapps",
                  "operationId": "UpdateRecord",
                  "apiId": "/providers/Microsoft.PowerApps/apis/shared_commondataserviceforapps"
                },
                "parameters": {
                  "entityName": "bpm__caseses",
                  "recordId": "@outputs('CaseGuid')",
                  "item/bpm__workingonit": "@toLower(outputs('NewOwner'))"
                },
                "authentication": {
                  "type": "Raw",
                  "value": "@json(decodeBase64(triggerOutputs().headers['X-MS-APIM-Tokens']))['$ConnectionKey']"
                }
              }
            }
          },
          "runAfter": {
            "Action": [
              "Succeeded"
            ]
          },
          "else": {
            "actions": {
              "Update_a_row_-_Case_-_Release_Ownership": {
                "runAfter": {},
                "metadata": {
                  "operationMetadataId": "2db5ce56-ce5d-4f08-ac41-ce6f0b91a74c"
                },
                "type": "OpenApiConnection",
                "inputs": {
                  "host": {
                    "connectionName": "shared_commondataserviceforapps",
                    "operationId": "UpdateRecord",
                    "apiId": "/providers/Microsoft.PowerApps/apis/shared_commondataserviceforapps"
                  },
                  "parameters": {
                    "entityName": "bpm__caseses",
                    "recordId": "@outputs('CaseGuid')",
                    "item/bpm__workingonit": "@string('')"
                  },
                  "authentication": {
                    "type": "Raw",
                    "value": "@json(decodeBase64(triggerOutputs().headers['X-MS-APIM-Tokens']))['$ConnectionKey']"
                  }
                }
              }
            }
          },
          "expression": {
            "equals": [
              "@outputs('Action')",
              "TAKE"
            ]
          },
          "metadata": {
            "operationMetadataId": "64638cd6-1b40-4e24-a22f-f8e99f7f0855"
          },
          "type": "If"
        },
        "Action": {
          "runAfter": {
            "NewOwner": [
              "Succeeded"
            ]
          },
          "metadata": {
            "operationMetadataId": "440eb4d6-b32f-4147-801c-0bc25c25d698"
          },
          "type": "Compose",
          "inputs": "@triggerBody()['text_2']"
        },
        "Respond_to_a_PowerApp_or_flow": {
          "runAfter": {
            "Check_the_Action_type": [
              "Succeeded"
            ]
          },
          "metadata": {
            "operationMetadataId": "24781599-19d3-4391-84c8-e1bfda1efba3"
          },
          "type": "Response",
          "kind": "PowerApp",
          "inputs": {
            "statusCode": 200,
            "body": {},
            "schema": {
              "type": "object",
              "properties": {}
            }
          }
        }
      }
    },
    "templateName": ""
  },
  "schemaVersion": "1.0.0.0"
}