{
  "properties": {
    "connectionReferences": {
      "shared_commondataserviceforapps": {
        "runtimeSource": "embedded",
        "connection": {
          "connectionReferenceLogicalName": "bpm__sharedcommondataserviceforapps_b60e4"
        },
        "api": {
          "name": "shared_commondataserviceforapps"
        }
      }
    },
    "definition": {
      "$schema": "https://schema.management.azure.com/providers/Microsoft.Logic/schemas/2016-06-01/workflowdefinition.json#",
      "contentVersion": "1.0.0.0",
      "parameters": {
        "$connections": {
          "defaultValue": {},
          "type": "Object"
        },
        "$authentication": {
          "defaultValue": {},
          "type": "SecureObject"
        }
      },
      "triggers": {
        "manual": {
          "metadata": {
            "operationMetadataId": "c673f5e9-df76-48bd-b06a-b32244d75d1f"
          },
          "type": "Request",
          "kind": "Button",
          "inputs": {
            "schema": {
              "type": "object",
              "properties": {
                "text": {
                  "title": "CaseGuid",
                  "type": "string",
                  "x-ms-dynamically-added": true,
                  "description": "Please enter your input",
                  "x-ms-content-hint": "TEXT"
                },
                "number": {
                  "title": "FromStep",
                  "type": "number",
                  "x-ms-dynamically-added": true,
                  "description": "Please enter a number",
                  "x-ms-content-hint": "NUMBER"
                },
                "text_1": {
                  "title": "Actor",
                  "type": "string",
                  "x-ms-dynamically-added": true,
                  "description": "Please enter your input",
                  "x-ms-content-hint": "TEXT"
                }
              },
              "required": [
                "text",
                "number",
                "text_1"
              ]
            }
          }
        }
      },
      "actions": {
        "Respond_to_a_PowerApp_or_flow": {
          "runAfter": {
            "Apply_to_each_Lifecycle_step": [
              "Succeeded"
            ]
          },
          "metadata": {
            "operationMetadataId": "462df35f-96a2-4751-adf2-9220910c1877"
          },
          "type": "Response",
          "kind": "PowerApp",
          "inputs": {
            "statusCode": 200,
            "body": {},
            "schema": {
              "type": "object",
              "properties": {}
            }
          }
        },
        "Get_a_row_by_ID_-_Cases": {
          "runAfter": {
            "Actor": [
              "Succeeded"
            ]
          },
          "metadata": {
            "operationMetadataId": "c9fa9915-25d3-460c-ba9b-e84a365b119c"
          },
          "type": "OpenApiConnection",
          "inputs": {
            "host": {
              "connectionName": "shared_commondataserviceforapps",
              "operationId": "GetItem",
              "apiId": "/providers/Microsoft.PowerApps/apis/shared_commondataserviceforapps"
            },
            "parameters": {
              "entityName": "bpm__caseses",
              "recordId": "@outputs('CaseGuid')",
              "$expand": "bpm__bpm__caseslifecycle_Case_bpm__cases($select=bpm__caseslifecycleid;$orderby=bpm__step;$filter=bpm__step ge @{outputs('FromStep')})"
            },
            "authentication": {
              "type": "Raw",
              "value": "@json(decodeBase64(triggerOutputs().headers['X-MS-APIM-Tokens']))['$ConnectionKey']"
            }
          }
        },
        "CaseGuid": {
          "runAfter": {},
          "metadata": {
            "operationMetadataId": "df5c9123-5f63-4aef-a3ee-0ce888ba550f"
          },
          "type": "Compose",
          "inputs": "@triggerBody()['text']"
        },
        "FromStep": {
          "runAfter": {
            "CaseGuid": [
              "Succeeded"
            ]
          },
          "metadata": {
            "operationMetadataId": "16b2002b-6ab3-4e8e-ba15-285a4cfd3359"
          },
          "type": "Compose",
          "inputs": "@triggerBody()['number']"
        },
        "Actor": {
          "runAfter": {
            "FromStep": [
              "Succeeded"
            ]
          },
          "metadata": {
            "operationMetadataId": "5b22d101-3f53-4fee-9f28-450d39372035"
          },
          "type": "Compose",
          "inputs": "@triggerBody()['text_1']"
        },
        "Compose": {
          "runAfter": {
            "Get_a_row_by_ID_-_Cases": [
              "Succeeded"
            ]
          },
          "metadata": {
            "operationMetadataId": "2ffac944-9b1c-4b23-a943-84db2971e498"
          },
          "type": "Compose",
          "inputs": "@body('Get_a_row_by_ID_-_Cases')"
        },
        "Apply_to_each_Lifecycle_step": {
          "foreach": "@body('Get_a_row_by_ID_-_Cases')?['bpm__bpm__caseslifecycle_Case_bpm__cases']",
          "actions": {
            "Condition": {
              "actions": {
                "Update_a_row_-_case_Lifecycle": {
                  "runAfter": {},
                  "metadata": {
                    "operationMetadataId": "cd19e215-2a8e-499c-a739-cd34cac08b38"
                  },
                  "type": "OpenApiConnection",
                  "inputs": {
                    "host": {
                      "connectionName": "shared_commondataserviceforapps",
                      "operationId": "UpdateRecord",
                      "apiId": "/providers/Microsoft.PowerApps/apis/shared_commondataserviceforapps"
                    },
                    "parameters": {
                      "entityName": "bpm__caseslifecycles",
                      "recordId": "@items('Apply_to_each_Lifecycle_step')?['bpm__caseslifecycleid']",
                      "item/bpm__stepstatus": "Waiting"
                    },
                    "authentication": {
                      "type": "Raw",
                      "value": "@json(decodeBase64(triggerOutputs().headers['X-MS-APIM-Tokens']))['$ConnectionKey']"
                    }
                  }
                }
              },
              "runAfter": {},
              "else": {
                "actions": {
                  "Update_a_row_-_case_Lifecycle_2": {
                    "runAfter": {},
                    "metadata": {
                      "operationMetadataId": "cd19e215-2a8e-499c-a739-cd34cac08b38"
                    },
                    "type": "OpenApiConnection",
                    "inputs": {
                      "host": {
                        "connectionName": "shared_commondataserviceforapps",
                        "operationId": "UpdateRecord",
                        "apiId": "/providers/Microsoft.PowerApps/apis/shared_commondataserviceforapps"
                      },
                      "parameters": {
                        "entityName": "bpm__caseslifecycles",
                        "recordId": "@item()?['bpm__caseslifecycleid']",
                        "item/bpm__stepstatus": "ToBeExecuted"
                      },
                      "authentication": {
                        "type": "Raw",
                        "value": "@json(decodeBase64(triggerOutputs().headers['X-MS-APIM-Tokens']))['$ConnectionKey']"
                      }
                    }
                  }
                }
              },
              "expression": {
                "equals": [
                  "@item()?['bpm__step']",
                  "@int(outputs('FromStep'))"
                ]
              },
              "metadata": {
                "operationMetadataId": "9d5d3e4a-337e-43a6-bb13-0e1866c49715"
              },
              "type": "If"
            },
            "Compose_2": {
              "runAfter": {
                "Condition": [
                  "Succeeded"
                ]
              },
              "metadata": {
                "operationMetadataId": "129b0e18-7482-410f-a6d0-cd7cf17dfbd8"
              },
              "type": "Compose",
              "inputs": "@items('Apply_to_each_Lifecycle_step')?['bpm__caselifecyclesid']?['step']"
            },
            "Compose_3": {
              "runAfter": {
                "Compose_2": [
                  "Succeeded"
                ]
              },
              "metadata": {
                "operationMetadataId": "3d284aec-c92e-4e9d-9cc7-ce892e1c28f3"
              },
              "type": "Compose",
              "inputs": "@int(outputs('FromStep'))"
            }
          },
          "runAfter": {
            "Compose": [
              "Succeeded"
            ]
          },
          "metadata": {
            "operationMetadataId": "2f362fee-58fa-4eda-8de8-f6c74670f5aa"
          },
          "type": "Foreach"
        }
      }
    },
    "templateName": ""
  },
  "schemaVersion": "1.0.0.0"
}