{
  "properties": {
    "connectionReferences": {},
    "definition": {
      "$schema": "https://schema.management.azure.com/providers/Microsoft.Logic/schemas/2016-06-01/workflowdefinition.json#",
      "contentVersion": "1.0.0.0",
      "parameters": {
        "$authentication": {
          "defaultValue": {},
          "type": "SecureObject"
        }
      },
      "triggers": {
        "manual": {
          "metadata": {
            "operationMetadataId": "1ed14bb3-6a20-4dc8-8b8b-91e49e63e354"
          },
          "type": "Request",
          "kind": "Button",
          "inputs": {
            "schema": {
              "type": "object",
              "properties": {},
              "required": []
            }
          }
        }
      },
      "actions": {
        "NewCase": {
          "runAfter": {},
          "metadata": {
            "operationMetadataId": "c7d643eb-b30d-4452-ab65-cb3d179d6315"
          },
          "type": "Compose",
          "inputs": "Case-@{utcNow()}"
        },
        "Respond_to_a_PowerApp_or_flow": {
          "runAfter": {
            "NewCase": [
              "Succeeded"
            ]
          },
          "metadata": {
            "operationMetadataId": "ae30bfc4-a255-4468-9c39-5dd1849eabd7"
          },
          "type": "Response",
          "kind": "PowerApp",
          "inputs": {
            "statusCode": 200,
            "body": {
              "newcaseid": "@{outputs('NewCase')}",
              "responsecode": "200",
              "responsemessage": "OK"
            },
            "schema": {
              "type": "object",
              "properties": {
                "newcaseid": {
                  "title": "NewCaseID",
                  "x-ms-dynamically-added": true,
                  "type": "string"
                },
                "responsecode": {
                  "title": "ResponseCode",
                  "x-ms-dynamically-added": true,
                  "type": "string"
                },
                "responsemessage": {
                  "title": "ResponseMessage",
                  "x-ms-dynamically-added": true,
                  "type": "string"
                }
              }
            }
          }
        }
      }
    },
    "templateName": ""
  },
  "schemaVersion": "1.0.0.0"
}