<environmentvariabledefinition schemaname="cr93e_BPMSite">
  <apiid>/providers/microsoft.powerapps/apis/shared_sharepointonline</apiid>
  <displayname default="BPM Site">
    <label description="BPM Site" languagecode="1033" />
  </displayname>
  <introducedversion>1.0.0.100</introducedversion>
  <iscustomizable>1</iscustomizable>
  <isrequired>0</isrequired>
  <parameterkey>dataset</parameterkey>
  <secretstore>0</secretstore>
  <type>100000004</type>
</environmentvariabledefinition>