<ImportExportXml version="9.2.22024.143" SolutionPackageVersion="9.2" languagecode="1033" generatedBy="CrmLive" xmlns:xsi="http://www.w3.org/2001/XMLSchema-instance">
  <SolutionManifest>
    <UniqueName>ApprovalFactory</UniqueName>
    <LocalizedNames>
      <LocalizedName description="BPM Toolkit" languagecode="1033" />
    </LocalizedNames>
    <Descriptions />
    <Version>1.0.0.400</Version>
    <Managed>0</Managed>
    <Publisher>
      <UniqueName>Cr874a3</UniqueName>
      <LocalizedNames>
        <LocalizedName description="CDS Default Publisher" languagecode="1033" />
      </LocalizedNames>
      <Descriptions />
      <EMailAddress xsi:nil="true"></EMailAddress>
      <SupportingWebsiteUrl xsi:nil="true"></SupportingWebsiteUrl>
      <CustomizationPrefix>cr93e</CustomizationPrefix>
      <CustomizationOptionValuePrefix>58073</CustomizationOptionValuePrefix>
      <Addresses>
        <Address>
          <AddressNumber>1</AddressNumber>
          <AddressTypeCode xsi:nil="true"></AddressTypeCode>
          <City xsi:nil="true"></City>
          <County xsi:nil="true"></County>
          <Country xsi:nil="true"></Country>
          <Fax xsi:nil="true"></Fax>
          <FreightTermsCode xsi:nil="true"></FreightTermsCode>
          <ImportSequenceNumber xsi:nil="true"></ImportSequenceNumber>
          <Latitude xsi:nil="true"></Latitude>
          <Line1 xsi:nil="true"></Line1>
          <Line2 xsi:nil="true"></Line2>
          <Line3 xsi:nil="true"></Line3>
          <Longitude xsi:nil="true"></Longitude>
          <Name xsi:nil="true"></Name>
          <PostalCode xsi:nil="true"></PostalCode>
          <PostOfficeBox xsi:nil="true"></PostOfficeBox>
          <PrimaryContactName xsi:nil="true"></PrimaryContactName>
          <ShippingMethodCode xsi:nil="true"></ShippingMethodCode>
          <StateOrProvince xsi:nil="true"></StateOrProvince>
          <Telephone1 xsi:nil="true"></Telephone1>
          <Telephone2 xsi:nil="true"></Telephone2>
          <Telephone3 xsi:nil="true"></Telephone3>
          <TimeZoneRuleVersionNumber xsi:nil="true"></TimeZoneRuleVersionNumber>
          <UPSZone xsi:nil="true"></UPSZone>
          <UTCOffset xsi:nil="true"></UTCOffset>
          <UTCConversionTimeZoneCode xsi:nil="true"></UTCConversionTimeZoneCode>
        </Address>
        <Address>
          <AddressNumber>2</AddressNumber>
          <AddressTypeCode xsi:nil="true"></AddressTypeCode>
          <City xsi:nil="true"></City>
          <County xsi:nil="true"></County>
          <Country xsi:nil="true"></Country>
          <Fax xsi:nil="true"></Fax>
          <FreightTermsCode xsi:nil="true"></FreightTermsCode>
          <ImportSequenceNumber xsi:nil="true"></ImportSequenceNumber>
          <Latitude xsi:nil="true"></Latitude>
          <Line1 xsi:nil="true"></Line1>
          <Line2 xsi:nil="true"></Line2>
          <Line3 xsi:nil="true"></Line3>
          <Longitude xsi:nil="true"></Longitude>
          <Name xsi:nil="true"></Name>
          <PostalCode xsi:nil="true"></PostalCode>
          <PostOfficeBox xsi:nil="true"></PostOfficeBox>
          <PrimaryContactName xsi:nil="true"></PrimaryContactName>
          <ShippingMethodCode xsi:nil="true"></ShippingMethodCode>
          <StateOrProvince xsi:nil="true"></StateOrProvince>
          <Telephone1 xsi:nil="true"></Telephone1>
          <Telephone2 xsi:nil="true"></Telephone2>
          <Telephone3 xsi:nil="true"></Telephone3>
          <TimeZoneRuleVersionNumber xsi:nil="true"></TimeZoneRuleVersionNumber>
          <UPSZone xsi:nil="true"></UPSZone>
          <UTCOffset xsi:nil="true"></UTCOffset>
          <UTCConversionTimeZoneCode xsi:nil="true"></UTCConversionTimeZoneCode>
        </Address>
      </Addresses>
    </Publisher>
    <RootComponents>
      <RootComponent type="1" schemaName="cr93e_archivebpmtoolkitcaselifecycle" behavior="0" />
      <RootComponent type="1" schemaName="cr93e_archivebpmtoolkitcases" behavior="0" />
      <RootComponent type="1" schemaName="crd97_archivebpmtoolkitcasespurged" behavior="0" />
      <RootComponent type="29" id="{00b1e63b-059c-eb11-b1ac-000d3adb2e7a}" behavior="0" />
      <RootComponent type="29" id="{01389840-615e-eb11-a812-0022489c791b}" behavior="0" />
      <RootComponent type="29" id="{02a70817-9831-ec11-b6e6-000d3ab2fdc7}" behavior="0" />
      <RootComponent type="29" id="{05ca91b6-22c8-ea11-a813-000d3a4a1f88}" behavior="0" />
      <RootComponent type="29" id="{06a3f9a2-a907-eb11-a813-000d3ab8f989}" behavior="0" />
      <RootComponent type="29" id="{07bb3954-6d1e-eb11-a813-000d3ab8ff7b}" behavior="0" />
      <RootComponent type="29" id="{1062f234-10b6-ea11-a812-000d3a45b556}" behavior="0" />
      <RootComponent type="29" id="{10bdf5db-5369-eb11-a812-0022489aba60}" behavior="0" />
      <RootComponent type="29" id="{1ad61bab-28b1-ea11-a812-000d3a45b556}" behavior="0" />
      <RootComponent type="29" id="{20aeeccc-9f3d-ec11-8c63-0022489d0683}" behavior="0" />
      <RootComponent type="29" id="{20e26cd9-ddc5-ea11-a813-000d3a4a1f88}" behavior="0" />
      <RootComponent type="29" id="{22ce819f-181c-ec11-b6e6-000d3ab4e1c1}" behavior="0" />
      <RootComponent type="29" id="{25fd657a-e92f-ec11-b6e6-000d3ab2f685}" behavior="0" />
      <RootComponent type="29" id="{2bafd465-ddc4-ea11-a813-000d3a4a1f88}" behavior="0" />
      <RootComponent type="29" id="{2e46503b-d63b-ec11-b6e5-0022489caa04}" behavior="0" />
      <RootComponent type="29" id="{30daf300-a3c2-ea11-a812-000d3a4a1f88}" behavior="0" />
      <RootComponent type="29" id="{328fbbd1-029c-eb11-b1ac-000d3ada5c56}" behavior="0" />
      <RootComponent type="29" id="{34a42ca6-aed1-ea11-a812-000d3a4a1f88}" behavior="0" />
      <RootComponent type="29" id="{36bcab3b-ef7c-ec11-8d21-000d3a6593fe}" behavior="0" />
      <RootComponent type="29" id="{3a256c8f-29e2-ea11-a813-000d3a22c28b}" behavior="0" />
      <RootComponent type="29" id="{448039c7-e866-eb11-a812-000d3ab38342}" behavior="0" />
      <RootComponent type="29" id="{4ac02bb9-10cd-ea11-a812-000d3a4a1f88}" behavior="0" />
      <RootComponent type="29" id="{4e1cd2fa-68a3-ea11-a812-000d3a249ca1}" behavior="0" />
      <RootComponent type="29" id="{50455244-c8b7-ea11-a812-000d3a45b556}" behavior="0" />
      <RootComponent type="29" id="{52664b33-dec5-ea11-a813-000d3a4a1f88}" behavior="0" />
      <RootComponent type="29" id="{5579e27a-5031-eb11-a813-000d3ab8ff7b}" behavior="0" />
      <RootComponent type="29" id="{57c9a2f4-b21d-eb11-a813-000d3ab8f989}" behavior="0" />
      <RootComponent type="29" id="{588cb9af-95d2-ea11-a812-000d3a4a1f88}" behavior="0" />
      <RootComponent type="29" id="{59624403-c5a3-ea11-a812-000d3a249ca1}" behavior="0" />
      <RootComponent type="29" id="{5a604516-0d9c-eb11-b1ac-000d3ada5c56}" behavior="0" />
      <RootComponent type="29" id="{5aadeedd-0c81-eb11-a812-000d3ade2aee}" behavior="0" />
      <RootComponent type="29" id="{5be42f27-234b-eb11-a812-000d3abee2a0}" behavior="0" />
      <RootComponent type="29" id="{5dee917f-a429-eb11-a813-000d3ab8ff7b}" behavior="0" />
      <RootComponent type="29" id="{5f11de6d-3430-ec11-b6e6-000d3ab2fdc7}" behavior="0" />
      <RootComponent type="29" id="{5fd67409-8e30-eb11-a813-000d3add6d27}" behavior="0" />
      <RootComponent type="29" id="{60bb89e2-6090-eb11-b1ac-000d3adb2cea}" behavior="0" />
      <RootComponent type="29" id="{61993f0a-27c8-ea11-a813-000d3a4a1f88}" behavior="0" />
      <RootComponent type="29" id="{61ff408c-a529-eb11-a813-000d3ab8ff7b}" behavior="0" />
      <RootComponent type="29" id="{647eda22-b6bb-ea11-a812-000d3a45b556}" behavior="0" />
      <RootComponent type="29" id="{65184c79-f230-ec11-b6e6-000d3ab2fdc7}" behavior="0" />
      <RootComponent type="29" id="{6651d604-b59b-eb11-b1ac-000d3ada5c56}" behavior="0" />
      <RootComponent type="29" id="{66b0a58f-d4b6-ea11-a812-000d3a45b556}" behavior="0" />
      <RootComponent type="29" id="{68269f55-121c-ec11-b6e6-000d3ab4e7cc}" behavior="0" />
      <RootComponent type="29" id="{6c69e37b-9dbb-ea11-a812-000d3a45b556}" behavior="0" />
      <RootComponent type="29" id="{6fd654b2-1fb5-ea11-a812-000d3a45b556}" behavior="0" />
      <RootComponent type="29" id="{7100a1db-c151-eb11-a812-000d3a29865f}" behavior="0" />
      <RootComponent type="29" id="{719fde19-94d2-ea11-a812-000d3a4a1f88}" behavior="0" />
      <RootComponent type="29" id="{7427641e-8fd2-ea11-a812-000d3a4a1f88}" behavior="0" />
      <RootComponent type="29" id="{76db4af3-3fa4-ea11-a812-000d3a249ca1}" behavior="0" />
      <RootComponent type="29" id="{78faa821-b23a-eb11-a813-000d3aba6a10}" behavior="0" />
      <RootComponent type="29" id="{7bbe7b59-b3bb-ea11-a812-000d3a45b556}" behavior="0" />
      <RootComponent type="29" id="{7c0056e5-741c-eb11-a813-000d3a2c81cd}" behavior="0" />
      <RootComponent type="29" id="{7c125f5c-e707-eb11-a813-000d3ab8ff7b}" behavior="0" />
      <RootComponent type="29" id="{7d601ab2-a0b3-ea11-a812-000d3a45b556}" behavior="0" />
      <RootComponent type="29" id="{874c4177-21c8-ea11-a813-000d3a4a1f88}" behavior="0" />
      <RootComponent type="29" id="{8e449a71-6eb1-ea11-a812-000d3a45b556}" behavior="0" />
      <RootComponent type="29" id="{982ce3a7-e8a3-ea11-a812-000d3a249ca1}" behavior="0" />
      <RootComponent type="29" id="{985f2e4f-23c8-ea11-a813-000d3a4a1f88}" behavior="0" />
      <RootComponent type="29" id="{a32c7bba-3a18-eb11-a813-000d3ab8f989}" behavior="0" />
      <RootComponent type="29" id="{a7620f40-dbc4-ea11-a813-000d3a4a1f88}" behavior="0" />
      <RootComponent type="29" id="{ac7c448e-5eb2-ea11-a812-000d3abbae2c}" behavior="0" />
      <RootComponent type="29" id="{b553e890-c7a8-ea11-a812-000d3a249ca1}" behavior="0" />
      <RootComponent type="29" id="{b55bd7d8-e2c4-ea11-a813-000d3a4a1f88}" behavior="0" />
      <RootComponent type="29" id="{bceb6494-8a30-eb11-a813-000d3add6d27}" behavior="0" />
      <RootComponent type="29" id="{be5f7001-19ba-ea11-a812-000d3a45b556}" behavior="0" />
      <RootComponent type="29" id="{c4275d1b-f230-ec11-b6e6-000d3ab2f685}" behavior="0" />
      <RootComponent type="29" id="{c5a31aa5-98af-ea11-a812-000d3ab8d5b5}" behavior="0" />
      <RootComponent type="29" id="{c75d4c46-dda3-ea11-a812-000d3a249ca1}" behavior="0" />
      <RootComponent type="29" id="{c7c1d773-dec4-ea11-a813-000d3a4a1f88}" behavior="0" />
      <RootComponent type="29" id="{cd71ca53-2eb1-ea11-a812-000d3a45b556}" behavior="0" />
      <RootComponent type="29" id="{cdb0f698-2e4b-eb11-a812-000d3abee2a0}" behavior="0" />
      <RootComponent type="29" id="{cdc49519-b0bb-ea11-a812-000d3a45b556}" behavior="0" />
      <RootComponent type="29" id="{ce32ccad-bf9b-eb11-b1ac-000d3adb2e7a}" behavior="0" />
      <RootComponent type="29" id="{d248323d-9db3-ea11-a812-000d3a45b556}" behavior="0" />
      <RootComponent type="29" id="{d2c0757f-6669-eb11-a812-0022489abfbf}" behavior="0" />
      <RootComponent type="29" id="{d3657743-72a6-ea11-a812-000d3a249ca1}" behavior="0" />
      <RootComponent type="29" id="{db583b15-6bb7-ea11-a812-000d3a45b556}" behavior="0" />
      <RootComponent type="29" id="{dd226058-753d-ec11-8c63-0022489d0683}" behavior="0" />
      <RootComponent type="29" id="{dd7cd72a-ec37-ec11-8c64-000d3aba89db}" behavior="0" />
      <RootComponent type="29" id="{e0a2b68e-b1a1-ea11-a812-000d3ad7f66c}" behavior="0" />
      <RootComponent type="29" id="{e0d888f4-abc2-ea11-a812-000d3a4a1f88}" behavior="0" />
      <RootComponent type="29" id="{e14c6e9f-6eb1-ea11-a812-000d3a45b556}" behavior="0" />
      <RootComponent type="29" id="{e9e40cc6-1cb7-ea11-a812-000d3a45b556}" behavior="0" />
      <RootComponent type="29" id="{ebe1eee4-11cd-ea11-a812-000d3a4a1f88}" behavior="0" />
      <RootComponent type="29" id="{ee31b2c0-0b30-ec11-b6e6-000d3ab2f685}" behavior="0" />
      <RootComponent type="29" id="{ee712c1c-c7bb-ea11-a812-000d3a45b556}" behavior="0" />
      <RootComponent type="29" id="{f18708f1-be3b-ec11-b6e5-0022489cafff}" behavior="0" />
      <RootComponent type="29" id="{f33c9a22-7db7-ea11-a812-000d3a45b556}" behavior="0" />
      <RootComponent type="29" id="{f5bd1a1c-a131-ec11-b6e6-000d3ab2f685}" behavior="0" />
      <RootComponent type="29" id="{f64c7627-dc36-eb11-a813-000d3ad8eb7c}" behavior="0" />
      <RootComponent type="29" id="{f7a11c12-a71d-eb11-a813-000d3ab8f989}" behavior="0" />
      <RootComponent type="29" id="{f8e6d12d-c6b6-ea11-a812-000d3a45b556}" behavior="0" />
      <RootComponent type="300" schemaName="cr93e_approvaldashboard_19256" behavior="0" />
      <RootComponent type="300" schemaName="cr93e_bpmtoolkitarchiveapp_deac9" behavior="0" />
      <RootComponent type="300" schemaName="cr93e_bpmtoolkiterrorviewer_304ff" behavior="0" />
      <RootComponent type="300" schemaName="cr93e_bpmtoolkitworkflowgraphbeta_508a1" behavior="0" />
      <RootComponent type="300" schemaName="cr93e_bpmtoolkitworkflowscontrolcenterproto_9f2d9" behavior="0" />
    </RootComponents>
    <MissingDependencies />
  </SolutionManifest>
</ImportExportXml>