{
  "properties": {
    "connectionReferences": {
      "shared_commondataserviceforapps": {
        "runtimeSource": "embedded",
        "connection": {
          "connectionReferenceLogicalName": "bpm__sharedcommondataserviceforapps_b60e4"
        },
        "api": {
          "name": "shared_commondataserviceforapps"
        }
      }
    },
    "definition": {
      "$schema": "https://schema.management.azure.com/providers/Microsoft.Logic/schemas/2016-06-01/workflowdefinition.json#",
      "contentVersion": "1.0.0.0",
      "parameters": {
        "$connections": {
          "defaultValue": {},
          "type": "Object"
        },
        "$authentication": {
          "defaultValue": {},
          "type": "SecureObject"
        }
      },
      "triggers": {
        "manual": {
          "metadata": {
            "operationMetadataId": "479c64ff-dad3-4777-808e-ccc0a6553876"
          },
          "type": "Request",
          "kind": "Button",
          "inputs": {
            "schema": {
              "type": "object",
              "properties": {
                "text": {
                  "title": "CaseGuid",
                  "type": "string",
                  "x-ms-dynamically-added": true,
                  "description": "Please enter your input",
                  "x-ms-content-hint": "TEXT"
                },
                "text_1": {
                  "title": "Actor",
                  "type": "string",
                  "x-ms-dynamically-added": true,
                  "description": "Please enter your input",
                  "x-ms-content-hint": "TEXT"
                }
              },
              "required": [
                "text",
                "text_1"
              ]
            }
          }
        }
      },
      "actions": {
        "CaseGuid": {
          "runAfter": {},
          "metadata": {
            "operationMetadataId": "7ecf004f-3039-4587-8316-8d4a3cf2d6c6"
          },
          "type": "Compose",
          "inputs": "@triggerBody()['text']"
        },
        "Actor": {
          "runAfter": {
            "CaseGuid": [
              "Succeeded"
            ]
          },
          "metadata": {
            "operationMetadataId": "7a6d9426-2924-4069-8827-6ddb323da51e"
          },
          "type": "Compose",
          "inputs": "@triggerBody()['text_1']"
        },
        "Try": {
          "actions": {
            "Get_a_row_by_ID_-_Cases": {
              "runAfter": {},
              "metadata": {
                "operationMetadataId": "62a1402f-3a4f-4ae5-bc05-1dcbad6e6a3d"
              },
              "type": "OpenApiConnection",
              "inputs": {
                "host": {
                  "connectionName": "shared_commondataserviceforapps",
                  "operationId": "GetItem",
                  "apiId": "/providers/Microsoft.PowerApps/apis/shared_commondataserviceforapps"
                },
                "parameters": {
                  "entityName": "bpm__caseses",
                  "recordId": "@outputs('CaseGuid')",
                  "$expand": "bpm__bpm__caseslifecycle_Case_bpm__cases($select=bpm__name)"
                },
                "authentication": {
                  "type": "Raw",
                  "value": "@json(decodeBase64(triggerOutputs().headers['X-MS-APIM-Tokens']))['$ConnectionKey']"
                }
              }
            },
            "Update_a_row_-Cases_-_Set_Workflow_Status_to_Stopped": {
              "runAfter": {
                "Get_a_row_by_ID_-_Cases": [
                  "Succeeded"
                ]
              },
              "metadata": {
                "operationMetadataId": "28a3adef-ba80-47ad-b261-10fa07ca7472"
              },
              "type": "OpenApiConnection",
              "inputs": {
                "host": {
                  "connectionName": "shared_commondataserviceforapps",
                  "operationId": "UpdateRecord",
                  "apiId": "/providers/Microsoft.PowerApps/apis/shared_commondataserviceforapps"
                },
                "parameters": {
                  "entityName": "bpm__caseses",
                  "recordId": "@outputs('CaseGuid')",
                  "item/bpm__workflowstatus": "Stopped",
                  "item/bpm__workingonit": "@string('')",
                  "item/bpm__workinprogress": "@string('')"
                },
                "authentication": {
                  "type": "Raw",
                  "value": "@json(decodeBase64(triggerOutputs().headers['X-MS-APIM-Tokens']))['$ConnectionKey']"
                }
              }
            },
            "Apply_to_each_Case_LifeCycle_Step": {
              "foreach": "@body('Get_a_row_by_ID_-_Cases')?['bpm__bpm__caseslifecycle_Case_bpm__cases']",
              "actions": {
                "Update_a_row__-_Case_Lifecycles_-_Set_Step_status_to_Stopped": {
                  "runAfter": {},
                  "metadata": {
                    "operationMetadataId": "e51d0737-3de5-4a13-b51e-d3e9423c4d0c"
                  },
                  "type": "OpenApiConnection",
                  "inputs": {
                    "host": {
                      "connectionName": "shared_commondataserviceforapps",
                      "operationId": "UpdateRecord",
                      "apiId": "/providers/Microsoft.PowerApps/apis/shared_commondataserviceforapps"
                    },
                    "parameters": {
                      "entityName": "bpm__caseslifecycles",
                      "recordId": "@item()?['bpm__caseslifecycleid']",
                      "item/bpm__stepstatus": "Stopped"
                    },
                    "authentication": {
                      "type": "Raw",
                      "value": "@json(decodeBase64(triggerOutputs().headers['X-MS-APIM-Tokens']))['$ConnectionKey']"
                    }
                  }
                }
              },
              "runAfter": {
                "Update_a_row_-Cases_-_Set_Workflow_Status_to_Stopped": [
                  "Succeeded"
                ]
              },
              "metadata": {
                "operationMetadataId": "1766c4c4-3ed9-403c-883f-6a4dea67c340"
              },
              "type": "Foreach"
            },
            "Run_a_Child_Flow_-_Take_or_Release_Case_Ownership": {
              "runAfter": {
                "Get_a_row_by_ID_-_Cases": [
                  "Succeeded"
                ]
              },
              "metadata": {
                "operationMetadataId": "f77b1b84-a359-46c5-88ba-3a4b4047919a"
              },
              "type": "Workflow",
              "inputs": {
                "host": {
                  "workflowReferenceName": "52c7160c-df61-ed11-9561-0022489fd008"
                },
                "body": {
                  "text": "@outputs('CaseGuid')",
                  "text_2": "RELEASE",
                  "text_1": "@string('')"
                }
              }
            }
          },
          "runAfter": {
            "Actor": [
              "Succeeded"
            ]
          },
          "metadata": {
            "operationMetadataId": "88f63ec5-8377-4248-b8c7-231a69f9b513"
          },
          "type": "Scope"
        },
        "Catch": {
          "actions": {},
          "runAfter": {
            "Try": [
              "Failed",
              "Skipped",
              "TimedOut"
            ]
          },
          "metadata": {
            "operationMetadataId": "34a4248a-d1ab-4593-a7ac-4621bbdacd02"
          },
          "type": "Scope"
        },
        "Finally": {
          "actions": {},
          "runAfter": {
            "Catch": [
              "Succeeded",
              "Failed",
              "Skipped",
              "TimedOut"
            ]
          },
          "metadata": {
            "operationMetadataId": "2cc52057-f946-44aa-93a8-7294c6ff337b"
          },
          "type": "Scope"
        },
        "Respond_to_a_PowerApp_or_flow": {
          "runAfter": {
            "Finally": [
              "Succeeded"
            ]
          },
          "metadata": {
            "operationMetadataId": "be0e798f-f032-409b-9508-a3df234af3f5"
          },
          "type": "Response",
          "kind": "PowerApp",
          "inputs": {
            "statusCode": 200,
            "body": {},
            "schema": {
              "type": "object",
              "properties": {}
            }
          }
        }
      }
    },
    "templateName": ""
  },
  "schemaVersion": "1.0.0.0"
}