{
  "properties": {
    "connectionReferences": {
      "shared_commondataserviceforapps": {
        "runtimeSource": "embedded",
        "connection": {
          "connectionReferenceLogicalName": "bpm__sharedcommondataserviceforapps_b60e4"
        },
        "api": {
          "name": "shared_commondataserviceforapps"
        }
      }
    },
    "definition": {
      "$schema": "https://schema.management.azure.com/providers/Microsoft.Logic/schemas/2016-06-01/workflowdefinition.json#",
      "contentVersion": "1.0.0.0",
      "parameters": {
        "$connections": {
          "defaultValue": {},
          "type": "Object"
        },
        "$authentication": {
          "defaultValue": {},
          "type": "SecureObject"
        }
      },
      "staticResults": {
        "Add_a_new_row_-_Cases0": {
          "status": "Succeeded",
          "outputs": {
            "statusCode": "OK",
            "headers": {}
          }
        }
      },
      "triggers": {
        "manual": {
          "metadata": {
            "operationMetadataId": "d607a0a7-847f-4a31-b4ed-7e7049fbf499"
          },
          "type": "Request",
          "kind": "Button",
          "inputs": {
            "schema": {
              "type": "object",
              "properties": {
                "text": {
                  "title": "On Behalf Of",
                  "type": "string",
                  "x-ms-dynamically-added": true,
                  "description": "Please enter your input",
                  "x-ms-content-hint": "TEXT"
                },
                "text_1": {
                  "title": "Submitted By",
                  "type": "string",
                  "x-ms-dynamically-added": true,
                  "description": "Please enter your input",
                  "x-ms-content-hint": "TEXT"
                },
                "text_2": {
                  "title": "Type Of Case",
                  "type": "string",
                  "x-ms-dynamically-added": true,
                  "description": "Please enter your input",
                  "x-ms-content-hint": "TEXT"
                },
                "text_3": {
                  "title": "CaseSubmissionStatus",
                  "type": "string",
                  "x-ms-dynamically-added": true,
                  "description": "Please enter your input",
                  "x-ms-content-hint": "TEXT"
                },
                "text_4": {
                  "title": "Actors",
                  "type": "string",
                  "x-ms-dynamically-added": true,
                  "description": "Please enter your input",
                  "x-ms-content-hint": "TEXT"
                },
                "text_5": {
                  "title": "CaseDescription",
                  "type": "string",
                  "x-ms-dynamically-added": true,
                  "description": "Please enter your input",
                  "x-ms-content-hint": "TEXT"
                }
              },
              "required": [
                "text",
                "text_1",
                "text_2",
                "text_4",
                "text_5"
              ]
            }
          }
        }
      },
      "actions": {
        "Params": {
          "runAfter": {},
          "metadata": {
            "operationMetadataId": "813ad7e0-5ea3-4b04-a6f6-73e672485d22"
          },
          "type": "ParseJson",
          "inputs": {
            "content": "@triggerBody()",
            "schema": {
              "type": "object",
              "properties": {
                "text": {
                  "title": "On Behalf Of",
                  "type": "string",
                  "x-ms-dynamically-added": true,
                  "description": "Please enter your input",
                  "x-ms-content-hint": "TEXT"
                },
                "text_1": {
                  "title": "Submitted By",
                  "type": "string",
                  "x-ms-dynamically-added": true,
                  "description": "Please enter your input",
                  "x-ms-content-hint": "TEXT"
                },
                "text_2": {
                  "title": "Type Of Case",
                  "type": "string",
                  "x-ms-dynamically-added": true,
                  "description": "Please enter your input",
                  "x-ms-content-hint": "TEXT"
                },
                "text_3": {
                  "title": "CaseSubmissionStatus",
                  "type": "string",
                  "x-ms-dynamically-added": true,
                  "description": "Please enter your input",
                  "x-ms-content-hint": "TEXT"
                },
                "text_4": {
                  "title": "Actors",
                  "type": "string",
                  "x-ms-dynamically-added": true,
                  "description": "Please enter your input",
                  "x-ms-content-hint": "TEXT"
                },
                "text_5": {
                  "title": "CaseDescription",
                  "type": "string",
                  "x-ms-dynamically-added": true,
                  "description": "Please enter your input",
                  "x-ms-content-hint": "TEXT"
                }
              },
              "required": [
                "text",
                "text_1",
                "text_2",
                "text_4",
                "text_5"
              ]
            }
          }
        },
        "Run_a_Child_Flow_-_BPM_Toolkit_-_Generate_New_CaseID": {
          "runAfter": {
            "Params": [
              "Succeeded"
            ]
          },
          "metadata": {
            "operationMetadataId": "148da3c8-4113-4f87-b2e4-e902960e4b9b"
          },
          "type": "Workflow",
          "inputs": {
            "host": {
              "workflowReferenceName": "1017e6c0-373b-ed11-9db1-0022489fde6b"
            }
          }
        },
        "Run_a_Child_Flow_-_BPM_Toolkit_-_Get_Case_Configuration": {
          "runAfter": {
            "Params": [
              "Succeeded"
            ]
          },
          "metadata": {
            "operationMetadataId": "79662dee-9ed9-4148-a0ed-e50c0aa9cdb6"
          },
          "type": "Workflow",
          "inputs": {
            "host": {
              "workflowReferenceName": "b6d1313f-3e3b-ed11-9db1-0022489fd008"
            },
            "body": {
              "text": "@body('Params')['text_2']"
            }
          }
        },
        "Try": {
          "actions": {
            "CaseConfiguration_odata.id_lookup": {
              "runAfter": {},
              "metadata": {
                "operationMetadataId": "d9fcb470-8372-48cd-8cfa-228267917346"
              },
              "type": "Compose",
              "inputs": "@body('Run_a_Child_Flow_-_BPM_Toolkit_-_Get_Case_Configuration')?['@odata.id']"
            },
            "Add_a_new_row_-_Cases": {
              "runAfter": {
                "CaseConfiguration_odata.id_lookup": [
                  "Succeeded"
                ]
              },
              "metadata": {
                "operationMetadataId": "1a0a482f-efbe-47e1-9146-a2b121d7ab01"
              },
              "type": "OpenApiConnection",
              "inputs": {
                "host": {
                  "connectionName": "shared_commondataserviceforapps",
                  "operationId": "CreateRecord",
                  "apiId": "/providers/Microsoft.PowerApps/apis/shared_commondataserviceforapps"
                },
                "parameters": {
                  "entityName": "bpm__caseses",
                  "item/bpm__name": "@body('Run_a_Child_Flow_-_BPM_Toolkit_-_Generate_New_CaseID')?['newcaseid']",
                  "item/bpm__CaseConfiguration_@odata.bind": "@outputs('CaseConfiguration_odata.id_lookup')",
                  "item/bpm__casedescription": "@body('Params')['text_5']",
                  "item/bpm__casesubmissionstatus": "@body('Params')?['text_3']",
                  "item/bpm__casesubmittedby": "@body('Params')['text_1']",
                  "item/bpm__casesubmittedonbehalfof": "@body('Params')['text']"
                },
                "authentication": {
                  "type": "Raw",
                  "value": "@json(decodeBase64(triggerOutputs().headers['X-MS-APIM-Tokens']))['$ConnectionKey']"
                }
              },
              "runtimeConfiguration": {
                "staticResult": {
                  "staticResultOptions": "Disabled",
                  "name": "Add_a_new_row_-_Cases0"
                }
              }
            }
          },
          "runAfter": {
            "Respond_to_a_PowerApp_or_flow": [
              "Succeeded"
            ]
          },
          "metadata": {
            "operationMetadataId": "26e78906-0b35-48b6-9faa-067356fd32c9"
          },
          "type": "Scope"
        },
        "Catch": {
          "actions": {
            "Run_a_Child_Flow_-_BPM_Toolkit_-_Log_Flow_Errors": {
              "runAfter": {},
              "metadata": {
                "operationMetadataId": "ed4a2285-0512-4240-8b41-6eef096081c5"
              },
              "type": "Workflow",
              "inputs": {
                "host": {
                  "workflowReferenceName": "e637d30d-493b-ed11-9db1-0022489fde6b"
                },
                "body": {
                  "text": "@string(result('Try'))",
                  "text_2": "@body('Run_a_Child_Flow_-_BPM_Toolkit_-_Generate_New_CaseID')?['newcaseid']",
                  "text_1": "@workflow()"
                }
              }
            }
          },
          "runAfter": {
            "Try": [
              "Failed",
              "Skipped",
              "TimedOut"
            ]
          },
          "metadata": {
            "operationMetadataId": "94625439-4c3c-4813-a76c-fcfbfdcc14f1"
          },
          "type": "Scope"
        },
        "Finally": {
          "actions": {},
          "runAfter": {
            "Catch": [
              "Succeeded",
              "Failed",
              "Skipped",
              "TimedOut"
            ]
          },
          "metadata": {
            "operationMetadataId": "10d0eb15-880d-42ad-8552-bda01f1fbf19"
          },
          "type": "Scope"
        },
        "Respond_to_a_PowerApp_or_flow": {
          "runAfter": {
            "Run_a_Child_Flow_-_BPM_Toolkit_-_Generate_New_CaseID": [
              "Succeeded"
            ],
            "Run_a_Child_Flow_-_BPM_Toolkit_-_Get_Case_Configuration": [
              "Succeeded"
            ]
          },
          "metadata": {
            "operationMetadataId": "94e424a3-38e5-4d94-9a88-39ae50242067"
          },
          "type": "Response",
          "kind": "PowerApp",
          "inputs": {
            "statusCode": 200,
            "body": {
              "caseid": "@body('Run_a_Child_Flow_-_BPM_Toolkit_-_Generate_New_CaseID')?['newcaseid']"
            },
            "schema": {
              "type": "object",
              "properties": {
                "caseid": {
                  "title": "CaseID",
                  "x-ms-dynamically-added": true,
                  "type": "string"
                }
              }
            }
          }
        }
      }
    },
    "templateName": ""
  },
  "schemaVersion": "1.0.0.0"
}