{
  "properties": {
    "connectionReferences": {
      "shared_commondataserviceforapps": {
        "runtimeSource": "embedded",
        "connection": {
          "connectionReferenceLogicalName": "bpm__sharedcommondataserviceforapps_b60e4"
        },
        "api": {
          "name": "shared_commondataserviceforapps"
        }
      }
    },
    "definition": {
      "$schema": "https://schema.management.azure.com/providers/Microsoft.Logic/schemas/2016-06-01/workflowdefinition.json#",
      "contentVersion": "1.0.0.0",
      "parameters": {
        "$connections": {
          "defaultValue": {},
          "type": "Object"
        },
        "$authentication": {
          "defaultValue": {},
          "type": "SecureObject"
        }
      },
      "staticResults": {
        "Get_a_row_by_ID_-_Get_Case_Configuration1": {
          "status": "Succeeded",
          "outputs": {
            "statusCode": "OK",
            "headers": {}
          }
        },
        "List_rows_-_Workflow_Definitions0": {
          "status": "Succeeded",
          "outputs": {
            "statusCode": "OK",
            "headers": {}
          }
        }
      },
      "triggers": {
        "manual": {
          "metadata": {
            "operationMetadataId": "a20f5a1e-befe-4c07-afac-f39f4c028e7c"
          },
          "type": "Request",
          "kind": "Button",
          "inputs": {
            "schema": {
              "type": "object",
              "properties": {
                "text": {
                  "title": "CaseID",
                  "type": "string",
                  "x-ms-dynamically-added": true,
                  "description": "Please enter your input",
                  "x-ms-content-hint": "TEXT"
                },
                "text_1": {
                  "title": "CaseGuid",
                  "type": "string",
                  "x-ms-dynamically-added": true,
                  "description": "Please enter your input",
                  "x-ms-content-hint": "TEXT"
                }
              },
              "required": []
            }
          }
        }
      },
      "actions": {
        "Check_If_CaseGuid_is_provided": {
          "actions": {
            "Terminate": {
              "runAfter": {},
              "metadata": {
                "operationMetadataId": "cb82a0a0-1a59-43f7-aaf5-3d5f7d02ff6d"
              },
              "type": "Terminate",
              "inputs": {
                "runStatus": "Failed"
              }
            }
          },
          "runAfter": {
            "Initialize_variable_StepNumber": [
              "Succeeded"
            ]
          },
          "expression": {
            "equals": [
              "@empty(outputs('CaseGuid'))",
              true
            ]
          },
          "metadata": {
            "operationMetadataId": "85a0868a-6a14-4517-9c4c-333d58a8febe"
          },
          "type": "If"
        },
        "CaseGuid": {
          "runAfter": {},
          "metadata": {
            "operationMetadataId": "c8a85bbc-19d7-4da5-816c-4ac250ade90e"
          },
          "type": "Compose",
          "inputs": "@triggerBody()?['text_1']"
        },
        "CaseID": {
          "runAfter": {
            "CaseGuid": [
              "Succeeded"
            ]
          },
          "metadata": {
            "operationMetadataId": "ccf6417e-e6ba-43d9-80fa-fb4a4334ff1e"
          },
          "type": "Compose",
          "inputs": "@triggerBody()?['text']"
        },
        "Initialize_variable_StepNumber": {
          "runAfter": {
            "CaseID": [
              "Succeeded"
            ]
          },
          "metadata": {
            "operationMetadataId": "3348e093-882f-4091-9b39-d7f95581bde6"
          },
          "type": "InitializeVariable",
          "inputs": {
            "variables": [
              {
                "name": "StepNumber",
                "type": "integer",
                "value": 0
              }
            ]
          }
        },
        "Respond_to_a_PowerApp_or_flow": {
          "runAfter": {
            "Apply_to_each_Step_-__Workflow_Definitions": [
              "Succeeded"
            ]
          },
          "metadata": {
            "operationMetadataId": "1a7702eb-7541-4899-961b-5719e42ab4ac"
          },
          "type": "Response",
          "kind": "PowerApp",
          "inputs": {
            "statusCode": 200,
            "body": {},
            "schema": {
              "type": "object",
              "properties": {}
            }
          }
        },
        "Get_a_row_by_ID_-_Get_Case_Configuration": {
          "runAfter": {
            "Check_If_CaseGuid_is_provided": [
              "Succeeded"
            ]
          },
          "metadata": {
            "operationMetadataId": "07537944-f96a-4510-9863-fb84e3eca901"
          },
          "type": "OpenApiConnection",
          "inputs": {
            "host": {
              "connectionName": "shared_commondataserviceforapps",
              "operationId": "GetItem",
              "apiId": "/providers/Microsoft.PowerApps/apis/shared_commondataserviceforapps"
            },
            "parameters": {
              "entityName": "bpm__caseses",
              "recordId": "@outputs('CaseGuid')",
              "$select": "bpm__name",
              "$expand": "bpm__CaseConfiguration_($select=bpm__name,bpm__archiveafterdays)"
            },
            "authentication": {
              "type": "Raw",
              "value": "@json(decodeBase64(triggerOutputs().headers['X-MS-APIM-Tokens']))['$ConnectionKey']"
            }
          },
          "runtimeConfiguration": {
            "staticResult": {
              "staticResultOptions": "Enabled",
              "name": "Get_a_row_by_ID_-_Get_Case_Configuration1"
            }
          }
        },
        "Get_a_row_by_ID_-_Cases_-_Get_Case_Info": {
          "runAfter": {
            "Get_a_row_by_ID_-_Get_Case_Configuration": [
              "Succeeded"
            ]
          },
          "metadata": {
            "operationMetadataId": "3d4930b2-41ee-4a7f-a3ff-936fb7eb9a35"
          },
          "type": "OpenApiConnection",
          "inputs": {
            "host": {
              "connectionName": "shared_commondataserviceforapps",
              "operationId": "GetItem",
              "apiId": "/providers/Microsoft.PowerApps/apis/shared_commondataserviceforapps"
            },
            "parameters": {
              "entityName": "bpm__caseses",
              "recordId": "@outputs('CaseGuid')"
            },
            "authentication": {
              "type": "Raw",
              "value": "@json(decodeBase64(triggerOutputs().headers['X-MS-APIM-Tokens']))['$ConnectionKey']"
            }
          },
          "description": "The goal is to retrieve the Case @odata.id"
        },
        "List_rows_-_Workflow_Definitions": {
          "runAfter": {
            "Get_a_row_by_ID_-_Cases_-_Get_Case_Info": [
              "Succeeded"
            ]
          },
          "metadata": {
            "operationMetadataId": "41bb6836-2c25-4738-a010-ea1579397e63"
          },
          "type": "OpenApiConnection",
          "inputs": {
            "host": {
              "connectionName": "shared_commondataserviceforapps",
              "operationId": "ListRecords",
              "apiId": "/providers/Microsoft.PowerApps/apis/shared_commondataserviceforapps"
            },
            "parameters": {
              "entityName": "bpm__caseses",
              "fetchXml": "<fetch top=\"50\">\n  <entity name=\"bpm__cases\">\n   <attribute name=\"bpm__casesubmittedonbehalfof\" alias=\"CaseSubmittedOnBehalfOf\" />\n    <attribute name=\"bpm__casesubmittedby\" alias=\"CaseSubmittedBy\" />\n    <filter>\n      <condition attribute=\"bpm__casesid\" operator=\"eq\" value=\"@{triggerBody()?['text_1']}\"  />\n    </filter>\n   <link-entity name=\"bpm__casesconfiguration\" from=\"bpm__casesconfigurationid\" to=\"bpm__caseconfiguration_\">\n      <link-entity name=\"bpm__workflows\" from=\"bpm__workflowsid\" to=\"bpm__workflow_\">\n        <link-entity name=\"bpm__workflowdefinitions\" from=\"bpm__workflow_\" to=\"bpm__workflowsid\">\n          <attribute name=\"bpm__name\" alias=\"Name\" />\n          <attribute name=\"bpm__step\" alias=\"Step\" />\n          <attribute name=\"bpm__ifoperation\" alias=\"Ifoperation\" />\n          <attribute name=\"bpm__gotostep\" alias=\"GotoStep\" />\n          <attribute name=\"bpm__ifproperty\" alias=\"Ifproperty\" />\n          <attribute name=\"bpm__ifgoto\" alias=\"Ifgoto\" />\n          <attribute name=\"bpm__ifvalue\" alias=\"Ifvalue\" />\n          <attribute name=\"bpm__expectedaction\" alias=\"ExpectedAction\" />\n          <attribute name=\"bpm__actors\" alias=\"Actors\" />\n          <attribute name=\"bpm__workflowidtorun\" alias=\"workflowidtorun\" />\n          <attribute name=\"bpm__workflowmethod\" alias=\"workflowmethod\" />\n          <order attribute=\"bpm__step\" />\n        </link-entity>\n      </link-entity>\n    </link-entity>\n  </entity>\n</fetch>"
            },
            "authentication": {
              "type": "Raw",
              "value": "@json(decodeBase64(triggerOutputs().headers['X-MS-APIM-Tokens']))['$ConnectionKey']"
            }
          },
          "runtimeConfiguration": {
            "staticResult": {
              "staticResultOptions": "Disabled",
              "name": "List_rows_-_Workflow_Definitions0"
            }
          }
        },
        "Apply_to_each_Step_-__Workflow_Definitions": {
          "foreach": "@outputs('List_rows_-_Workflow_Definitions')?['body/value']",
          "actions": {
            "Submitter": {
              "runAfter": {},
              "metadata": {
                "operationMetadataId": "a60f3ab5-a275-413d-a1e0-e8d97ab0a66b"
              },
              "type": "Compose",
              "inputs": "@items('Apply_to_each_Step_-__Workflow_Definitions')?['CaseSubmittedBy']"
            },
            "Check_if_we_have_humans": {
              "actions": {},
              "runAfter": {
                "Submitter": [
                  "Succeeded"
                ]
              },
              "else": {
                "actions": {
                  "Add_a_new_row_-_Case_Lifecycles": {
                    "runAfter": {},
                    "metadata": {
                      "operationMetadataId": "55df6d97-eaa0-4279-8124-37842c7e4f51"
                    },
                    "type": "OpenApiConnection",
                    "inputs": {
                      "host": {
                        "connectionName": "shared_commondataserviceforapps",
                        "operationId": "CreateRecord",
                        "apiId": "/providers/Microsoft.PowerApps/apis/shared_commondataserviceforapps"
                      },
                      "parameters": {
                        "entityName": "bpm__caseslifecycles",
                        "item/bpm__Case@odata.bind": "@outputs('Get_a_row_by_ID_-_Cases_-_Get_Case_Info')?['body/@odata.id']",
                        "item/bpm__name": "NA",
                        "item/bpm__actor": "@item()?['Actors']",
                        "item/bpm__expectedaction": "@items('Apply_to_each_Step_-__Workflow_Definitions')?['ExpectedAction']",
                        "item/bpm__gotostep": "@items('Apply_to_each_Step_-__Workflow_Definitions')?['GotoStep']",
                        "item/bpm__ifgoto": "@items('Apply_to_each_Step_-__Workflow_Definitions')?['Ifgoto']",
                        "item/bpm__ifoperation": "@items('Apply_to_each_Step_-__Workflow_Definitions')?['Ifoperation']",
                        "item/bpm__ifproperty": "@items('Apply_to_each_Step_-__Workflow_Definitions')?['Ifproperty']",
                        "item/bpm__ifvalue": "@item()?['Ifvalue']",
                        "item/bpm__originalstep": "@items('Apply_to_each_Step_-__Workflow_Definitions')?['Step']",
                        "item/bpm__step": "@items('Apply_to_each_Step_-__Workflow_Definitions')?['Step']",
                        "item/bpm__stepstatus": "ToBeExecuted"
                      },
                      "authentication": {
                        "type": "Raw",
                        "value": "@json(decodeBase64(triggerOutputs().headers['X-MS-APIM-Tokens']))['$ConnectionKey']"
                      }
                    }
                  },
                  "Increment_variable_StepNumber": {
                    "runAfter": {
                      "Add_a_new_row_-_Case_Lifecycles": [
                        "Succeeded"
                      ]
                    },
                    "metadata": {
                      "operationMetadataId": "59ac3135-c631-4806-b01d-67319bc7dd4c"
                    },
                    "type": "IncrementVariable",
                    "inputs": {
                      "name": "StepNumber",
                      "value": 1
                    }
                  }
                }
              },
              "expression": {
                "equals": [
                  "@item()?['bpm__Actors']",
                  "Actors"
                ]
              },
              "metadata": {
                "operationMetadataId": "04c42fec-fbc0-4638-aa7c-c4be4090d49b"
              },
              "type": "If"
            }
          },
          "runAfter": {
            "Compose": [
              "Succeeded"
            ]
          },
          "metadata": {
            "operationMetadataId": "c82f6c4e-9ae4-4540-8ef3-ab014ff96303"
          },
          "type": "Foreach"
        },
        "Compose": {
          "runAfter": {
            "List_rows_-_Workflow_Definitions": [
              "Succeeded"
            ]
          },
          "metadata": {
            "operationMetadataId": "3267991c-1fcd-4978-95c5-21ddd8552012"
          },
          "type": "Compose",
          "inputs": "@outputs('List_rows_-_Workflow_Definitions')?['body/value']"
        }
      }
    },
    "templateName": ""
  },
  "schemaVersion": "1.0.0.0"
}