{
  "properties": {
    "connectionReferences": {
      "shared_commondataserviceforapps": {
        "runtimeSource": "embedded",
        "connection": {
          "connectionReferenceLogicalName": "bpm__sharedcommondataserviceforapps_b60e4"
        },
        "api": {
          "name": "shared_commondataserviceforapps"
        }
      }
    },
    "definition": {
      "$schema": "https://schema.management.azure.com/providers/Microsoft.Logic/schemas/2016-06-01/workflowdefinition.json#",
      "contentVersion": "1.0.0.0",
      "parameters": {
        "$connections": {
          "defaultValue": {},
          "type": "Object"
        },
        "$authentication": {
          "defaultValue": {},
          "type": "SecureObject"
        }
      },
      "triggers": {
        "manual": {
          "metadata": {
            "operationMetadataId": "ea25b09e-eddc-4c6b-a869-2f0cf62f9274"
          },
          "type": "Request",
          "kind": "Button",
          "inputs": {
            "schema": {
              "type": "object",
              "properties": {
                "text": {
                  "title": "CaseGuid",
                  "type": "string",
                  "x-ms-dynamically-added": true,
                  "description": "Please enter your input",
                  "x-ms-content-hint": "TEXT"
                },
                "number": {
                  "title": "Step",
                  "type": "number",
                  "x-ms-dynamically-added": true,
                  "description": "Please enter a number",
                  "x-ms-content-hint": "NUMBER"
                },
                "text_1": {
                  "title": "ActionToPerform",
                  "type": "string",
                  "x-ms-dynamically-added": true,
                  "description": "Please enter your input",
                  "x-ms-content-hint": "TEXT"
                },
                "text_2": {
                  "title": "NewActor",
                  "type": "string",
                  "x-ms-dynamically-added": true,
                  "description": "Please enter your input",
                  "x-ms-content-hint": "TEXT"
                },
                "text_3": {
                  "title": "MessageToUser",
                  "type": "string",
                  "x-ms-dynamically-added": true,
                  "description": "Please enter your input",
                  "x-ms-content-hint": "TEXT"
                },
                "text_4": {
                  "title": "Actor",
                  "type": "string",
                  "x-ms-dynamically-added": true,
                  "description": "Please enter your input",
                  "x-ms-content-hint": "TEXT"
                }
              },
              "required": [
                "text",
                "number",
                "text_1",
                "text_2",
                "text_3",
                "text_4"
              ]
            }
          }
        }
      },
      "actions": {
        "CaseGuid": {
          "runAfter": {},
          "metadata": {
            "operationMetadataId": "8bd1f463-8ebe-420b-88d3-8275a88b0a6d"
          },
          "type": "Compose",
          "inputs": "@triggerBody()['text']"
        },
        "Step": {
          "runAfter": {
            "CaseGuid": [
              "Succeeded"
            ]
          },
          "metadata": {
            "operationMetadataId": "c5f155ff-126f-4043-a8cd-8bd498ae419a"
          },
          "type": "Compose",
          "inputs": "@triggerBody()['number']"
        },
        "ActionToPerform": {
          "runAfter": {
            "Step": [
              "Succeeded"
            ]
          },
          "metadata": {
            "operationMetadataId": "3f765be1-108e-45f2-a353-3ab91381b42c"
          },
          "type": "Compose",
          "inputs": "@triggerBody()['text_1']"
        },
        "NewActor": {
          "runAfter": {
            "ActionToPerform": [
              "Succeeded"
            ]
          },
          "metadata": {
            "operationMetadataId": "bba6d861-7dda-46d0-beb0-c048ba9d8bf1"
          },
          "type": "Compose",
          "inputs": "@triggerBody()['text_2']"
        },
        "MessageToUser": {
          "runAfter": {
            "NewActor": [
              "Succeeded"
            ]
          },
          "metadata": {
            "operationMetadataId": "f314c2fc-edb8-43ce-993c-4f61cdc08c76"
          },
          "type": "Compose",
          "inputs": "@triggerBody()['text_3']"
        },
        "Actor": {
          "runAfter": {
            "MessageToUser": [
              "Succeeded"
            ]
          },
          "metadata": {
            "operationMetadataId": "9188df6a-9f22-4ac4-86e9-835025f2a854"
          },
          "type": "Compose",
          "inputs": "@triggerBody()['text_4']"
        },
        "Try": {
          "actions": {
            "List_rows_-_Case_Lifecycles_-_Find_Step": {
              "runAfter": {},
              "metadata": {
                "operationMetadataId": "3afd78e8-3cec-45d0-b40c-ff20a9edff4c"
              },
              "type": "OpenApiConnection",
              "inputs": {
                "host": {
                  "connectionName": "shared_commondataserviceforapps",
                  "operationId": "ListRecords",
                  "apiId": "/providers/Microsoft.PowerApps/apis/shared_commondataserviceforapps"
                },
                "parameters": {
                  "entityName": "bpm__caseslifecycles",
                  "$filter": "_bpm__case_value eq @{outputs('CaseGuid')} and bpm__step eq @{outputs('Step')}",
                  "$top": 1
                },
                "authentication": {
                  "type": "Raw",
                  "value": "@json(decodeBase64(triggerOutputs().headers['X-MS-APIM-Tokens']))['$ConnectionKey']"
                }
              }
            },
            "LifecycleGuid": {
              "runAfter": {
                "List_rows_-_Case_Lifecycles_-_Find_Step": [
                  "Succeeded"
                ]
              },
              "metadata": {
                "operationMetadataId": "202ad11d-d8f5-4ebd-b75e-e81584f89626"
              },
              "type": "Compose",
              "inputs": "@outputs('List_rows_-_Case_Lifecycles_-_Find_Step')?['body/value']?[0]?['bpm__caseslifecycleid']"
            },
            "Switch_Type_of_Action": {
              "runAfter": {
                "LifecycleGuid": [
                  "Succeeded"
                ]
              },
              "cases": {
                "Case_REASSIGN": {
                  "case": "REASSIGN",
                  "actions": {
                    "Update_a_row_-_Case_Lifecycles_-_new_Actor": {
                      "runAfter": {},
                      "type": "OpenApiConnection",
                      "inputs": {
                        "host": {
                          "connectionName": "shared_commondataserviceforapps",
                          "operationId": "UpdateRecord",
                          "apiId": "/providers/Microsoft.PowerApps/apis/shared_commondataserviceforapps"
                        },
                        "parameters": {
                          "entityName": "bpm__caseslifecycles",
                          "recordId": "@outputs('LifecycleGuid')",
                          "item/bpm__actor": "@outputs('NewActor')",
                          "item/bpm__taskexecutedby": "@outputs('Actor')"
                        },
                        "authentication": {
                          "type": "Raw",
                          "value": "@json(decodeBase64(triggerOutputs().headers['X-MS-APIM-Tokens']))['$ConnectionKey']"
                        }
                      }
                    }
                  }
                },
                "Case_SKIP": {
                  "case": "SKIP",
                  "actions": {
                    "List_rows_-_Case_Lifecycles_-_Find_Next_step": {
                      "runAfter": {},
                      "type": "OpenApiConnection",
                      "inputs": {
                        "host": {
                          "connectionName": "shared_commondataserviceforapps",
                          "operationId": "ListRecords",
                          "apiId": "/providers/Microsoft.PowerApps/apis/shared_commondataserviceforapps"
                        },
                        "parameters": {
                          "entityName": "bpm__caseslifecycles",
                          "$filter": "_bpm__case_value eq @{outputs('CaseGuid')} and bpm__step gt @{outputs('Step')}",
                          "$orderby": "bpm__step",
                          "$top": 1
                        },
                        "authentication": {
                          "type": "Raw",
                          "value": "@json(decodeBase64(triggerOutputs().headers['X-MS-APIM-Tokens']))['$ConnectionKey']"
                        }
                      }
                    },
                    "If_there_is_a_next_step": {
                      "actions": {
                        "Update_a_row_-_Case_Lifecycles_-_Set_StepStatus_to_Skipped": {
                          "runAfter": {},
                          "type": "OpenApiConnection",
                          "inputs": {
                            "host": {
                              "connectionName": "shared_commondataserviceforapps",
                              "operationId": "UpdateRecord",
                              "apiId": "/providers/Microsoft.PowerApps/apis/shared_commondataserviceforapps"
                            },
                            "parameters": {
                              "entityName": "bpm__caseslifecycles",
                              "recordId": "@outputs('LifecycleGuid')",
                              "item/bpm__stepstatus": "Skipped"
                            },
                            "authentication": {
                              "type": "Raw",
                              "value": "@json(decodeBase64(triggerOutputs().headers['X-MS-APIM-Tokens']))['$ConnectionKey']"
                            }
                          }
                        },
                        "Update_a_row_-_Case_Lifecycles_-_Set_Next_Step_Status_to_Waiting": {
                          "runAfter": {
                            "Update_a_row_-_Case_Lifecycles_-_Set_StepStatus_to_Skipped": [
                              "Succeeded"
                            ]
                          },
                          "type": "OpenApiConnection",
                          "inputs": {
                            "host": {
                              "connectionName": "shared_commondataserviceforapps",
                              "operationId": "UpdateRecord",
                              "apiId": "/providers/Microsoft.PowerApps/apis/shared_commondataserviceforapps"
                            },
                            "parameters": {
                              "entityName": "bpm__caseslifecycles",
                              "recordId": "@outputs('List_rows_-_Case_Lifecycles_-_Find_Next_step')?['body/value']?[0]?['bpm__caseslifecycleid']",
                              "item/bpm__stepstatus": "Waiting"
                            },
                            "authentication": {
                              "type": "Raw",
                              "value": "@json(decodeBase64(triggerOutputs().headers['X-MS-APIM-Tokens']))['$ConnectionKey']"
                            }
                          }
                        }
                      },
                      "runAfter": {
                        "List_rows_-_Case_Lifecycles_-_Find_Next_step": [
                          "Succeeded"
                        ]
                      },
                      "expression": {
                        "greater": [
                          "@length(outputs('List_rows_-_Case_Lifecycles_-_Find_Next_step')?['body/value'])",
                          0
                        ]
                      },
                      "type": "If",
                      "description": "I want to avoid an apply to each to avoid any bottleneck"
                    }
                  }
                }
              },
              "default": {
                "actions": {}
              },
              "expression": "@coalesce(outputs('ActionToPerform'),'nop')",
              "metadata": {
                "operationMetadataId": "e43cd38e-c3f3-4cd4-a3e1-e963d032a833"
              },
              "type": "Switch"
            }
          },
          "runAfter": {
            "Actor": [
              "Succeeded"
            ]
          },
          "metadata": {
            "operationMetadataId": "e0ba2121-8787-48ec-910b-c57932880bfb"
          },
          "type": "Scope"
        },
        "Catch": {
          "actions": {},
          "runAfter": {
            "Try": [
              "Failed",
              "Skipped",
              "TimedOut"
            ]
          },
          "metadata": {
            "operationMetadataId": "c7e4b4b8-d3f4-47f6-ade5-a1408249663a"
          },
          "type": "Scope"
        },
        "Finally": {
          "actions": {
            "Respond_to_a_PowerApp_or_flow": {
              "runAfter": {},
              "metadata": {
                "operationMetadataId": "904de586-c22b-41aa-a9d5-5d358321181e"
              },
              "type": "Response",
              "kind": "PowerApp",
              "inputs": {
                "statusCode": 200,
                "body": {},
                "schema": {
                  "type": "object",
                  "properties": {}
                }
              }
            }
          },
          "runAfter": {
            "Catch": [
              "Succeeded",
              "Failed",
              "Skipped",
              "TimedOut"
            ]
          },
          "metadata": {
            "operationMetadataId": "99d3d22d-0d75-456d-b985-23ea5f1695a0"
          },
          "type": "Scope"
        }
      }
    },
    "templateName": ""
  },
  "schemaVersion": "1.0.0.0"
}