{
  "properties": {
    "connectionReferences": {
      "shared_commondataserviceforapps": {
        "runtimeSource": "embedded",
        "connection": {
          "connectionReferenceLogicalName": "bpm__sharedcommondataserviceforapps_b60e4"
        },
        "api": {
          "name": "shared_commondataserviceforapps"
        }
      }
    },
    "definition": {
      "$schema": "https://schema.management.azure.com/providers/Microsoft.Logic/schemas/2016-06-01/workflowdefinition.json#",
      "contentVersion": "1.0.0.0",
      "parameters": {
        "$connections": {
          "defaultValue": {},
          "type": "Object"
        },
        "$authentication": {
          "defaultValue": {},
          "type": "SecureObject"
        }
      },
      "triggers": {
        "manual": {
          "metadata": {
            "operationMetadataId": "721c412e-7c4f-4f2b-a4f7-5f86d761f013"
          },
          "type": "Request",
          "kind": "Button",
          "inputs": {
            "schema": {
              "type": "object",
              "properties": {
                "number": {
                  "title": "FromStep",
                  "type": "number",
                  "x-ms-dynamically-added": true,
                  "description": "Please enter a number",
                  "x-ms-content-hint": "NUMBER"
                },
                "number_1": {
                  "title": "ToStep",
                  "type": "number",
                  "x-ms-dynamically-added": true,
                  "description": "Please enter a number",
                  "x-ms-content-hint": "NUMBER"
                },
                "text": {
                  "title": "CaseGuid",
                  "type": "string",
                  "x-ms-dynamically-added": true,
                  "description": "Please enter your input",
                  "x-ms-content-hint": "TEXT"
                },
                "boolean": {
                  "title": "CleanUpBetween",
                  "type": "boolean",
                  "x-ms-dynamically-added": true,
                  "description": "Please select yes or no",
                  "x-ms-content-hint": "BOOLEAN"
                },
                "text_1": {
                  "title": "MessageToUser",
                  "type": "string",
                  "x-ms-dynamically-added": true,
                  "description": "Please enter your input",
                  "x-ms-content-hint": "TEXT"
                },
                "text_2": {
                  "title": "Actor",
                  "type": "string",
                  "x-ms-dynamically-added": true,
                  "description": "Please enter your input",
                  "x-ms-content-hint": "TEXT"
                }
              },
              "required": [
                "number",
                "number_1",
                "text",
                "boolean",
                "text_1",
                "text_2"
              ]
            }
          }
        }
      },
      "actions": {
        "Respond_to_a_PowerApp_or_flow": {
          "runAfter": {
            "Apply_to_each_-_Case_Lifecycles_-_Forward": [
              "Succeeded"
            ]
          },
          "metadata": {
            "operationMetadataId": "0108fa7b-0b53-47c4-b10d-4e20ea236e26"
          },
          "type": "Response",
          "kind": "PowerApp",
          "inputs": {
            "statusCode": 200,
            "body": {},
            "schema": {
              "type": "object",
              "properties": {}
            }
          }
        },
        "FromStep": {
          "runAfter": {},
          "metadata": {
            "operationMetadataId": "5d0ca89a-c593-4d16-a32e-5cef715a5b7c"
          },
          "type": "Compose",
          "inputs": "@triggerBody()['number']"
        },
        "ToStep": {
          "runAfter": {
            "FromStep": [
              "Succeeded"
            ]
          },
          "metadata": {
            "operationMetadataId": "a5c685a6-49c1-486d-932a-a41c5d3baa53"
          },
          "type": "Compose",
          "inputs": "@triggerBody()['number_1']"
        },
        "CaseGuid": {
          "runAfter": {
            "ToStep": [
              "Succeeded"
            ]
          },
          "metadata": {
            "operationMetadataId": "c3b1544b-8c78-47f3-ad3c-37422c3671cf"
          },
          "type": "Compose",
          "inputs": "@triggerBody()['text']"
        },
        "CleanUpBetween": {
          "runAfter": {
            "CaseGuid": [
              "Succeeded"
            ]
          },
          "metadata": {
            "operationMetadataId": "3045efb4-77c3-4cc8-9cec-8189ad3e9ab8"
          },
          "type": "Compose",
          "inputs": "@triggerBody()['boolean']"
        },
        "MessageToUser": {
          "runAfter": {
            "CleanUpBetween": [
              "Succeeded"
            ]
          },
          "metadata": {
            "operationMetadataId": "1fd2afc6-4e63-42a9-ad27-a2fdcee11224"
          },
          "type": "Compose",
          "inputs": "@triggerBody()['text_1']"
        },
        "Actor": {
          "runAfter": {
            "MessageToUser": [
              "Succeeded"
            ]
          },
          "metadata": {
            "operationMetadataId": "48782530-79f6-41c1-b551-92548628bfcb"
          },
          "type": "Compose",
          "inputs": "@triggerBody()['text_2']"
        },
        "Check_if_we_go_backward": {
          "actions": {
            "Set_variable_Filter_": {
              "runAfter": {},
              "metadata": {
                "operationMetadataId": "0a8ecf29-c506-4a60-a046-29d74d81bdec"
              },
              "type": "SetVariable",
              "inputs": {
                "name": "Filter",
                "value": "_bpm__case_value eq @{outputs('CaseGuid')} "
              }
            }
          },
          "runAfter": {
            "Initialize_variable_Filter": [
              "Succeeded"
            ]
          },
          "else": {
            "actions": {
              "Filter": {
                "runAfter": {},
                "metadata": {
                  "operationMetadataId": "06423e33-ec60-4722-b7f9-da8e02ee53f8"
                },
                "type": "Compose",
                "inputs": "_bpm__case_value eq @{outputs('CaseGuid')} and bpm__step ge @{outputs('FromStep')} and bpm__step le @{outputs('ToStep')}"
              },
              "Set_variable_Filter": {
                "runAfter": {
                  "Filter": [
                    "Succeeded"
                  ]
                },
                "metadata": {
                  "operationMetadataId": "279c823a-2f7a-41d4-a061-55788ba8d799"
                },
                "type": "SetVariable",
                "inputs": {
                  "name": "Filter",
                  "value": "_bpm__case_value eq @{outputs('CaseGuid')} and bpm__step ge @{outputs('FromStep')} and bpm__step le @{outputs('ToStep')}"
                }
              }
            }
          },
          "expression": {
            "greater": [
              "@outputs('FromStep')",
              "@outputs('ToStep')"
            ]
          },
          "metadata": {
            "operationMetadataId": "467ebb74-0118-44b1-b8dc-56ece4f24c2c"
          },
          "type": "If"
        },
        "Apply_to_each_-_Case_Lifecycles_-_Forward": {
          "foreach": "@outputs('List_rows_-_Cases_Lifecycles')?['body/value']",
          "actions": {
            "Check_if_Destination": {
              "actions": {
                "Update_a_row_-_Cases_Lifecycles": {
                  "runAfter": {},
                  "metadata": {
                    "operationMetadataId": "ef580c3b-91a2-4dce-a2cd-137056f622a9"
                  },
                  "type": "OpenApiConnection",
                  "inputs": {
                    "host": {
                      "connectionName": "shared_commondataserviceforapps",
                      "operationId": "UpdateRecord",
                      "apiId": "/providers/Microsoft.PowerApps/apis/shared_commondataserviceforapps"
                    },
                    "parameters": {
                      "entityName": "bpm__caseslifecycles",
                      "recordId": "@item()?['bpm__caseslifecycleid']",
                      "item/bpm__stepstatus": "Waiting"
                    },
                    "authentication": {
                      "type": "Raw",
                      "value": "@json(decodeBase64(triggerOutputs().headers['X-MS-APIM-Tokens']))['$ConnectionKey']"
                    }
                  }
                }
              },
              "runAfter": {},
              "else": {
                "actions": {
                  "Update_a_row_-_Cases_Lifecycles__": {
                    "runAfter": {},
                    "metadata": {
                      "operationMetadataId": "23ff664f-5135-4a4c-bb35-b4ba85b0a0ad"
                    },
                    "type": "OpenApiConnection",
                    "inputs": {
                      "host": {
                        "connectionName": "shared_commondataserviceforapps",
                        "operationId": "UpdateRecord",
                        "apiId": "/providers/Microsoft.PowerApps/apis/shared_commondataserviceforapps"
                      },
                      "parameters": {
                        "entityName": "bpm__caseslifecycles",
                        "recordId": "@items('Apply_to_each_-_Case_Lifecycles_-_Forward')?['bpm__caseslifecycleid']",
                        "item/bpm__stepstatus": "@if(greater(outputs('FromStep'),outputs('ToStep') ), 'Skipped', 'ToBeExecuted')"
                      },
                      "authentication": {
                        "type": "Raw",
                        "value": "@json(decodeBase64(triggerOutputs().headers['X-MS-APIM-Tokens']))['$ConnectionKey']"
                      }
                    }
                  }
                }
              },
              "expression": {
                "equals": [
                  "@items('Apply_to_each_-_Case_Lifecycles_-_Forward')?['bpm__step']",
                  "@outputs('ToStep')"
                ]
              },
              "metadata": {
                "operationMetadataId": "85131aa6-7637-4c84-8c6f-311d9225b073"
              },
              "type": "If"
            },
            "Check_the_type_of_action": {
              "runAfter": {
                "Check_if_Destination": [
                  "Succeeded"
                ]
              },
              "cases": {
                "Case_callworkflow": {
                  "case": "callworfklow",
                  "actions": {
                    "CustomWorkflowUrl": {
                      "runAfter": {},
                      "type": "Compose",
                      "inputs": "@items('Apply_to_each_-_Case_Lifecycles_-_Forward')?['bpm__workflowidtorun']"
                    },
                    "HTTP_-_Start_Custom_workflow": {
                      "runAfter": {
                        "CustomWorkflowUrl": [
                          "Succeeded"
                        ]
                      },
                      "type": "Http",
                      "inputs": {
                        "method": "@items('Apply_to_each_-_Case_Lifecycles_-_Forward')?['bpm__workflowmethod']",
                        "uri": "@items('Apply_to_each_-_Case_Lifecycles_-_Forward')?['bpm__workflowidtorun']",
                        "cookie": "{\n\"CaseGuid\": @{outputs('CaseGuid')},\n\"Step\": @{item()?['bpm__step']}\n\n}"
                      }
                    }
                  }
                },
                "Case_stop": {
                  "case": "stop",
                  "actions": {}
                },
                "Case_goto": {
                  "case": "goto",
                  "actions": {}
                }
              },
              "default": {
                "actions": {}
              },
              "expression": "@toLower(coalesce(item()?['ExpectedAction'],'nop'))",
              "metadata": {
                "operationMetadataId": "bb1a7a1e-be60-4603-9009-c19215ba3b0c"
              },
              "type": "Switch"
            }
          },
          "runAfter": {
            "List_rows_-_Cases_Lifecycles": [
              "Succeeded"
            ]
          },
          "metadata": {
            "operationMetadataId": "f80fe9b3-f86f-47c4-bc63-f78425c3d0b6"
          },
          "type": "Foreach"
        },
        "List_rows_-_Cases_Lifecycles": {
          "runAfter": {
            "Check_if_we_go_backward": [
              "Succeeded"
            ]
          },
          "metadata": {
            "operationMetadataId": "fc555e87-57e9-4e8b-a75b-cb41ec6280c8"
          },
          "type": "OpenApiConnection",
          "inputs": {
            "host": {
              "connectionName": "shared_commondataserviceforapps",
              "operationId": "ListRecords",
              "apiId": "/providers/Microsoft.PowerApps/apis/shared_commondataserviceforapps"
            },
            "parameters": {
              "entityName": "bpm__caseslifecycles",
              "$filter": "@variables('Filter')",
              "$orderby": "bpm__step"
            },
            "authentication": {
              "type": "Raw",
              "value": "@json(decodeBase64(triggerOutputs().headers['X-MS-APIM-Tokens']))['$ConnectionKey']"
            }
          }
        },
        "Initialize_variable_Filter": {
          "runAfter": {
            "Actor": [
              "Succeeded"
            ]
          },
          "metadata": {
            "operationMetadataId": "42f12039-4d1b-4567-b538-fd619c9a9d24"
          },
          "type": "InitializeVariable",
          "inputs": {
            "variables": [
              {
                "name": "Filter",
                "type": "string"
              }
            ]
          }
        }
      }
    },
    "templateName": ""
  },
  "schemaVersion": "1.0.0.0"
}