{
  "properties": {
    "connectionReferences": {
      "shared_commondataserviceforapps": {
        "runtimeSource": "embedded",
        "connection": {
          "connectionReferenceLogicalName": "bpm__sharedcommondataserviceforapps_b60e4"
        },
        "api": {
          "name": "shared_commondataserviceforapps"
        }
      }
    },
    "definition": {
      "$schema": "https://schema.management.azure.com/providers/Microsoft.Logic/schemas/2016-06-01/workflowdefinition.json#",
      "contentVersion": "1.0.0.0",
      "parameters": {
        "$connections": {
          "defaultValue": {},
          "type": "Object"
        },
        "$authentication": {
          "defaultValue": {},
          "type": "SecureObject"
        }
      },
      "triggers": {
        "manual": {
          "metadata": {
            "operationMetadataId": "45120b3a-9ded-4b64-8dd3-42bc8bf02acc"
          },
          "type": "Request",
          "kind": "Button",
          "inputs": {
            "schema": {
              "type": "object",
              "properties": {
                "text": {
                  "title": "CaseGuid",
                  "type": "string",
                  "x-ms-dynamically-added": true,
                  "description": "Please enter your input",
                  "x-ms-content-hint": "TEXT"
                },
                "text_1": {
                  "title": "NewStatus",
                  "type": "string",
                  "x-ms-dynamically-added": true,
                  "description": "Please enter your input",
                  "x-ms-content-hint": "TEXT"
                },
                "number": {
                  "title": "Step",
                  "type": "number",
                  "x-ms-dynamically-added": true,
                  "description": "Please enter a number",
                  "x-ms-content-hint": "NUMBER"
                },
                "text_2": {
                  "title": "NewComment",
                  "type": "string",
                  "x-ms-dynamically-added": true,
                  "description": "Please enter your input",
                  "x-ms-content-hint": "TEXT"
                },
                "text_3": {
                  "title": "Actor",
                  "type": "string",
                  "x-ms-dynamically-added": true,
                  "description": "Please enter your input",
                  "x-ms-content-hint": "TEXT"
                }
              },
              "required": [
                "text",
                "text_1",
                "number",
                "text_2",
                "text_3"
              ]
            }
          }
        }
      },
      "actions": {
        "CaseGuid": {
          "runAfter": {},
          "metadata": {
            "operationMetadataId": "2c81513a-33cd-4478-aed8-164cc9eb4f4c"
          },
          "type": "Compose",
          "inputs": "@triggerBody()['text']"
        },
        "NewStatus": {
          "runAfter": {
            "CaseGuid": [
              "Succeeded"
            ]
          },
          "metadata": {
            "operationMetadataId": "06608dde-f878-4313-bb5d-b11e374edd8c"
          },
          "type": "Compose",
          "inputs": "@triggerBody()['text_1']"
        },
        "Step": {
          "runAfter": {
            "NewStatus": [
              "Succeeded"
            ]
          },
          "metadata": {
            "operationMetadataId": "6e3dac8f-fdf4-4df0-a4c5-0f94a2073a3b"
          },
          "type": "Compose",
          "inputs": "@triggerBody()['number']"
        },
        "NewComment": {
          "runAfter": {
            "Step": [
              "Succeeded"
            ]
          },
          "metadata": {
            "operationMetadataId": "56b0a090-30fe-4ca4-9524-0af027ea4f35"
          },
          "type": "Compose",
          "inputs": "@triggerBody()['text_2']"
        },
        "Actor": {
          "runAfter": {
            "NewComment": [
              "Succeeded"
            ]
          },
          "metadata": {
            "operationMetadataId": "3d39b38e-274d-4926-90cf-b4017e7345fb"
          },
          "type": "Compose",
          "inputs": "@triggerBody()['text_3']"
        },
        "Respond_to_a_PowerApp_or_flow": {
          "runAfter": {
            "Initialize_variable_CaseStepId": [
              "Succeeded"
            ]
          },
          "metadata": {
            "operationMetadataId": "73bea660-80da-41f7-a1f0-ab05edd64e64"
          },
          "type": "Response",
          "kind": "PowerApp",
          "inputs": {
            "statusCode": 200,
            "body": {},
            "schema": {
              "type": "object",
              "properties": {}
            }
          }
        },
        "Initialize_variable_NewStatusInLifecycle": {
          "runAfter": {
            "Actor": [
              "Succeeded"
            ]
          },
          "metadata": {
            "operationMetadataId": "494c1dee-bb13-4f34-8af6-93fe83835acb"
          },
          "type": "InitializeVariable",
          "inputs": {
            "variables": [
              {
                "name": "NewStatusInLifecycle",
                "type": "string"
              }
            ]
          }
        },
        "Initialize_variable_CaseStepId": {
          "runAfter": {
            "Initialize_variable_NewStatusInLifecycle": [
              "Succeeded"
            ]
          },
          "metadata": {
            "operationMetadataId": "7cb50e26-261e-477c-b48d-1a0b98fd3038"
          },
          "type": "InitializeVariable",
          "inputs": {
            "variables": [
              {
                "name": "CaseStepId",
                "type": "string"
              }
            ]
          }
        },
        "List_rows_-_Case_Lifecycles": {
          "runAfter": {
            "Respond_to_a_PowerApp_or_flow": [
              "Succeeded"
            ]
          },
          "metadata": {
            "operationMetadataId": "4505d322-7953-4cf8-96e7-703962cc7dc2"
          },
          "type": "OpenApiConnection",
          "inputs": {
            "host": {
              "connectionName": "shared_commondataserviceforapps",
              "operationId": "ListRecords",
              "apiId": "/providers/Microsoft.PowerApps/apis/shared_commondataserviceforapps"
            },
            "parameters": {
              "entityName": "bpm__caseslifecycles",
              "$filter": "_bpm__case_value eq '@{outputs('CaseGuid')}' and bpm__step eq @{outputs('Step')}",
              "$top": 1
            },
            "authentication": {
              "type": "Raw",
              "value": "@json(decodeBase64(triggerOutputs().headers['X-MS-APIM-Tokens']))['$ConnectionKey']"
            }
          }
        },
        "ExpectedAction": {
          "runAfter": {
            "List_rows_-_Case_Lifecycles": [
              "Succeeded"
            ]
          },
          "metadata": {
            "operationMetadataId": "73fc2064-8292-45c9-ae52-90c3e25aa8b2"
          },
          "type": "Compose",
          "inputs": "@body('List_rows_-_Case_Lifecycles')?['Value']?[0]?['bpm__expectedaction']"
        },
        "Switch": {
          "runAfter": {
            "CaseLifecycleGuid": [
              "Succeeded"
            ]
          },
          "cases": {
            "Feedback": {
              "case": "Feedback",
              "actions": {
                "Check_if_feedback_from_user_is_positive": {
                  "actions": {
                    "Set_variable_NewStatusInLifecycle_to_Positive": {
                      "runAfter": {},
                      "type": "SetVariable",
                      "inputs": {
                        "name": "NewStatusInLifecycle",
                        "value": "Positive"
                      }
                    }
                  },
                  "runAfter": {},
                  "else": {
                    "actions": {
                      "Set_variable_NewStatusInLifecycle_to_Negative": {
                        "runAfter": {},
                        "type": "SetVariable",
                        "inputs": {
                          "name": "NewStatusInLifecycle",
                          "value": "Negative"
                        }
                      }
                    }
                  },
                  "expression": {
                    "or": [
                      {
                        "equals": [
                          "@toUpper(outputs('NewStatus'))",
                          "APPROVED"
                        ]
                      },
                      {
                        "equals": [
                          "@toUpper(outputs('NewStatus'))",
                          "POSITIVE"
                        ]
                      }
                    ]
                  },
                  "type": "If"
                }
              }
            },
            "Approval": {
              "case": "Approval",
              "actions": {
                "Check_if_it_is_Approved_": {
                  "actions": {
                    "Set_variable_NewStatusInLifecycle_to_Approved__": {
                      "runAfter": {},
                      "type": "SetVariable",
                      "inputs": {
                        "name": "NewStatusInLifecycle",
                        "value": "Approved"
                      }
                    }
                  },
                  "runAfter": {},
                  "else": {
                    "actions": {
                      "Set_variable_NewStatusInLifecycle_To_Rejected": {
                        "runAfter": {},
                        "type": "SetVariable",
                        "inputs": {
                          "name": "NewStatusInLifecycle",
                          "value": "Rejected"
                        }
                      }
                    }
                  },
                  "expression": {
                    "or": [
                      {
                        "equals": [
                          "@toUpper(outputs('NewStatus'))",
                          "APPROVED"
                        ]
                      },
                      {
                        "equals": [
                          "@toUpper(outputs('NewStatus'))",
                          "POSITIVE"
                        ]
                      }
                    ]
                  },
                  "type": "If"
                }
              }
            },
            "CallWorkflow": {
              "case": "CallWorkflow",
              "actions": {
                "Set_variable_NewStatusInLifecycle_to_WorkflowExecuted": {
                  "runAfter": {},
                  "type": "SetVariable",
                  "inputs": {
                    "name": "NewStatusInLifecycle",
                    "value": "WorkflowExecuted"
                  }
                }
              }
            },
            "ApprovalStop": {
              "case": "ApprovalStop",
              "actions": {
                "Condition": {
                  "actions": {
                    "Set_variable_NewStatusInLifecycle_To_ApprovedStop": {
                      "runAfter": {},
                      "type": "SetVariable",
                      "inputs": {
                        "name": "NewStatusInLifecycle",
                        "value": "ApprovedStop"
                      }
                    }
                  },
                  "runAfter": {},
                  "else": {
                    "actions": {
                      "Set_variable_NewStatusInLifecycle_To_RejectedStop__": {
                        "runAfter": {},
                        "type": "SetVariable",
                        "inputs": {
                          "name": "NewStatusInLifecycle",
                          "value": "RejectedStop"
                        }
                      }
                    }
                  },
                  "expression": {
                    "or": [
                      {
                        "equals": [
                          "@outputs('NewStatus')",
                          "Approved"
                        ]
                      },
                      {
                        "equals": [
                          "@outputs('NewStatus')",
                          "Positive"
                        ]
                      }
                    ]
                  },
                  "type": "If"
                }
              }
            },
            "RejectionStop": {
              "case": "RejectionStop",
              "actions": {
                "If_New_Status_looks_like_Negative": {
                  "actions": {
                    "Set_variable_NewStatusInLifecycle_To_RejectedStop____": {
                      "runAfter": {},
                      "type": "SetVariable",
                      "inputs": {
                        "name": "NewStatusInLifecycle",
                        "value": "RejectedStop"
                      }
                    }
                  },
                  "runAfter": {},
                  "else": {
                    "actions": {
                      "Set_variable_NewStatusInLifecycle_To_Positive____": {
                        "runAfter": {},
                        "type": "SetVariable",
                        "inputs": {
                          "name": "NewStatusInLifecycle",
                          "value": "Positive"
                        }
                      }
                    }
                  },
                  "expression": {
                    "or": [
                      {
                        "equals": [
                          "@outputs('NewStatus')",
                          "Rejected"
                        ]
                      },
                      {
                        "equals": [
                          "@outputs('NewStatus')",
                          "Negative"
                        ]
                      }
                    ]
                  },
                  "type": "If"
                }
              }
            },
            "Skipped": {
              "case": "Skipped",
              "actions": {
                "Set_variable_newStatusInLifecycle_to_Skipped_": {
                  "runAfter": {},
                  "type": "SetVariable",
                  "inputs": {
                    "name": "NewStatusInLifecycle",
                    "value": "Skipped"
                  }
                }
              }
            },
            "Stop": {
              "case": "Stop",
              "actions": {
                "Set_variable_NewStatusInLifecycle_to_Stopped": {
                  "runAfter": {},
                  "type": "SetVariable",
                  "inputs": {
                    "name": "NewStatusInLifecycle",
                    "value": "Stopped"
                  }
                }
              }
            }
          },
          "default": {
            "actions": {}
          },
          "expression": "@outputs('ExpectedAction')",
          "metadata": {
            "operationMetadataId": "26753bf2-e9ca-414e-acc8-a3ea56c1df67"
          },
          "type": "Switch"
        },
        "Update_a_row_-_Case_Lifecycles_-_Set_New_Status": {
          "runAfter": {
            "Switch": [
              "Succeeded"
            ]
          },
          "metadata": {
            "operationMetadataId": "01c9840e-2be6-4d3f-a4e6-bb8c61071b3c"
          },
          "type": "OpenApiConnection",
          "inputs": {
            "host": {
              "connectionName": "shared_commondataserviceforapps",
              "operationId": "UpdateRecord",
              "apiId": "/providers/Microsoft.PowerApps/apis/shared_commondataserviceforapps"
            },
            "parameters": {
              "entityName": "bpm__caseslifecycles",
              "recordId": "@outputs('CaseLifecycleGuid')",
              "item/bpm__comment": "@outputs('NewComment')",
              "item/bpm__endedwhen": "@utcNow()",
              "item/bpm__stepstatus": "@variables('NewStatusInLifecycle')",
              "item/bpm__stepvisiblebyenduser": "YES",
              "item/bpm__taskexecutedby": "@coalesce(outputs('Actor'),'',outputs('Actor'))"
            },
            "authentication": {
              "type": "Raw",
              "value": "@json(decodeBase64(triggerOutputs().headers['X-MS-APIM-Tokens']))['$ConnectionKey']"
            }
          }
        },
        "Run_a_Child_Flow__-_Workflow_Runtime": {
          "runAfter": {
            "TODO_security_Make_sure_next_human_actor_has_permission": [
              "Succeeded"
            ]
          },
          "metadata": {
            "operationMetadataId": "12bba301-05ed-4f84-8e27-d93b49d11a0f"
          },
          "type": "Workflow",
          "inputs": {
            "host": {
              "workflowReferenceName": "97431ff4-4a58-ed11-9562-0022489fd008"
            },
            "body": {
              "text": "@outputs('CaseGuid')",
              "text_1": "@outputs('CaseLifecycleGuid')"
            }
          }
        },
        "CaseLifecycleGuid": {
          "runAfter": {
            "ExpectedAction": [
              "Succeeded"
            ]
          },
          "metadata": {
            "operationMetadataId": "92e95cbc-256c-4d39-a757-d201fcc2a0e2"
          },
          "type": "Compose",
          "inputs": "@body('List_rows_-_Case_Lifecycles')?['Value']?[0]?['bpm__caseslifecycleid']"
        },
        "TODO_security_Make_sure_next_human_actor_has_permission": {
          "actions": {},
          "runAfter": {
            "Update_a_row_-_Case_Lifecycles_-_Set_New_Status": [
              "Succeeded"
            ]
          },
          "metadata": {
            "operationMetadataId": "dbec02f6-422b-4da4-a798-4153447a5f9a"
          },
          "type": "Scope"
        }
      }
    },
    "templateName": ""
  },
  "schemaVersion": "1.0.0.0"
}