{
  "properties": {
    "connectionReferences": {
      "shared_commondataserviceforapps": {
        "runtimeSource": "embedded",
        "connection": {
          "connectionReferenceLogicalName": "bpm__sharedcommondataserviceforapps_b60e4"
        },
        "api": {
          "name": "shared_commondataserviceforapps"
        }
      }
    },
    "definition": {
      "$schema": "https://schema.management.azure.com/providers/Microsoft.Logic/schemas/2016-06-01/workflowdefinition.json#",
      "contentVersion": "1.0.0.0",
      "parameters": {
        "$connections": {
          "defaultValue": {},
          "type": "Object"
        },
        "$authentication": {
          "defaultValue": {},
          "type": "SecureObject"
        }
      },
      "triggers": {
        "manual": {
          "metadata": {
            "operationMetadataId": "054eff95-1457-414f-a845-85b38f285197"
          },
          "type": "Request",
          "kind": "Button",
          "inputs": {
            "schema": {
              "type": "object",
              "properties": {
                "text": {
                  "title": "CaseGuid",
                  "type": "string",
                  "x-ms-dynamically-added": true,
                  "description": "Please enter your input",
                  "x-ms-content-hint": "TEXT"
                },
                "text_1": {
                  "title": "Actor",
                  "type": "string",
                  "x-ms-dynamically-added": true,
                  "description": "Please enter your input",
                  "x-ms-content-hint": "TEXT"
                }
              },
              "required": [
                "text",
                "text_1"
              ]
            }
          }
        }
      },
      "actions": {
        "CaseGuid": {
          "runAfter": {},
          "metadata": {
            "operationMetadataId": "7416a496-4a24-42f8-b547-46e5ee8d87ee"
          },
          "type": "Compose",
          "inputs": "@triggerBody()['text']"
        },
        "Actor": {
          "runAfter": {
            "CaseGuid": [
              "Succeeded"
            ]
          },
          "metadata": {
            "operationMetadataId": "649c032a-5aff-4c00-a5d7-7983304ab902"
          },
          "type": "Compose",
          "inputs": "@triggerBody()['text_1']"
        },
        "Respond_to_a_PowerApp_or_flow": {
          "runAfter": {
            "Check_if_Step_has_been_found": [
              "Succeeded"
            ]
          },
          "metadata": {
            "operationMetadataId": "7939fa67-00a0-48a6-95ed-34efbff3eca5"
          },
          "type": "Response",
          "kind": "PowerApp",
          "inputs": {
            "statusCode": 200,
            "body": {
              "step": "@{variables('Step')}"
            },
            "schema": {
              "type": "object",
              "properties": {
                "step": {
                  "title": "Step",
                  "x-ms-dynamically-added": true,
                  "type": "string"
                }
              }
            }
          }
        },
        "List_rows_-_Cases_Lifecycles_-_Find_Step_with_Actor": {
          "runAfter": {
            "Initialize_variable_Step": [
              "Succeeded"
            ]
          },
          "metadata": {
            "operationMetadataId": "b2e41975-2fee-4ea0-8498-8b7a2975d7f3"
          },
          "type": "OpenApiConnection",
          "inputs": {
            "host": {
              "connectionName": "shared_commondataserviceforapps",
              "operationId": "ListRecords",
              "apiId": "/providers/Microsoft.PowerApps/apis/shared_commondataserviceforapps"
            },
            "parameters": {
              "entityName": "bpm__caseslifecycles",
              "$filter": "bpm__actor eq '@{outputs('Actor')}'  and _bpm__case_value eq '@{outputs('CaseGuid')}'",
              "$top": 1
            },
            "authentication": {
              "type": "Raw",
              "value": "@json(decodeBase64(triggerOutputs().headers['X-MS-APIM-Tokens']))['$ConnectionKey']"
            }
          }
        },
        "Initialize_variable_Step": {
          "runAfter": {
            "Actor": [
              "Succeeded"
            ]
          },
          "metadata": {
            "operationMetadataId": "c2046a85-e1ab-43ed-bbba-a3ad4dc78856"
          },
          "type": "InitializeVariable",
          "inputs": {
            "variables": [
              {
                "name": "Step",
                "type": "integer",
                "value": -1
              }
            ]
          }
        },
        "Check_if_Step_has_been_found": {
          "actions": {
            "Set_variable": {
              "runAfter": {},
              "metadata": {
                "operationMetadataId": "566ccebd-8dac-4554-91c9-65400b63e6e0"
              },
              "type": "SetVariable",
              "inputs": {
                "name": "Step",
                "value": "@outputs('List_rows_-_Cases_Lifecycles_-_Find_Step_with_Actor')?['body/value']?[0]?['bpm__step']"
              }
            }
          },
          "runAfter": {
            "List_rows_-_Cases_Lifecycles_-_Find_Step_with_Actor": [
              "Succeeded"
            ]
          },
          "expression": {
            "greater": [
              "@length(outputs('List_rows_-_Cases_Lifecycles_-_Find_Step_with_Actor')?['body/value'])",
              0
            ]
          },
          "metadata": {
            "operationMetadataId": "a85cc0c6-2a49-41bd-ad8c-ca26f1511662"
          },
          "type": "If"
        }
      }
    },
    "templateName": null
  },
  "schemaVersion": "1.0.0.0"
}