{
  "properties": {
    "connectionReferences": {
      "shared_commondataserviceforapps": {
        "runtimeSource": "embedded",
        "connection": {
          "connectionReferenceLogicalName": "bpm__sharedcommondataserviceforapps_b60e4"
        },
        "api": {
          "name": "shared_commondataserviceforapps"
        }
      }
    },
    "definition": {
      "$schema": "https://schema.management.azure.com/providers/Microsoft.Logic/schemas/2016-06-01/workflowdefinition.json#",
      "contentVersion": "1.0.0.0",
      "parameters": {
        "$connections": {
          "defaultValue": {},
          "type": "Object"
        },
        "$authentication": {
          "defaultValue": {},
          "type": "SecureObject"
        }
      },
      "triggers": {
        "manual": {
          "metadata": {
            "operationMetadataId": "1cd3d4d9-f451-4735-b8a7-020d210c8e59"
          },
          "type": "Request",
          "kind": "Button",
          "inputs": {
            "schema": {
              "type": "object",
              "properties": {
                "text": {
                  "title": "CaseGuid",
                  "type": "string",
                  "x-ms-dynamically-added": true,
                  "description": "Please enter your input",
                  "x-ms-content-hint": "TEXT"
                }
              },
              "required": [
                "text"
              ]
            }
          }
        }
      },
      "actions": {
        "Respond_to_a_PowerApp_or_flow": {
          "runAfter": {
            "Switch": [
              "Succeeded"
            ]
          },
          "metadata": {
            "operationMetadataId": "e528be3a-2175-4013-b629-ee5325fa757e"
          },
          "type": "Response",
          "kind": "PowerApp",
          "inputs": {
            "statusCode": 200,
            "body": {},
            "schema": {
              "type": "object",
              "properties": {}
            }
          }
        },
        "CaseGuid": {
          "runAfter": {},
          "metadata": {
            "operationMetadataId": "3e8835e7-80c3-43ee-9337-bb729d051a0a"
          },
          "type": "Compose",
          "inputs": "@triggerBody()['text']"
        },
        "Get_a_row_by_ID_-_Cases": {
          "runAfter": {
            "CaseGuid": [
              "Succeeded"
            ]
          },
          "metadata": {
            "operationMetadataId": "761c4786-9416-495a-9ba0-fce3b0c8c4f3"
          },
          "type": "OpenApiConnection",
          "inputs": {
            "host": {
              "connectionName": "shared_commondataserviceforapps",
              "operationId": "GetItem",
              "apiId": "/providers/Microsoft.PowerApps/apis/shared_commondataserviceforapps"
            },
            "parameters": {
              "entityName": "bpm__caseses",
              "recordId": "@outputs('CaseGuid')",
              "$expand": "bpm__CaseConfiguration_($select=bpm__finalstatuspattern)"
            },
            "authentication": {
              "type": "Raw",
              "value": "@json(decodeBase64(triggerOutputs().headers['X-MS-APIM-Tokens']))['$ConnectionKey']"
            }
          }
        },
        "ApprovalPattern": {
          "runAfter": {
            "Get_a_row_by_ID_-_Cases": [
              "Succeeded"
            ]
          },
          "metadata": {
            "operationMetadataId": "bb7b6c42-43a8-4842-ad7b-c08a046b0acd"
          },
          "type": "Compose",
          "inputs": "@outputs('Get_a_row_by_ID_-_Cases')?['body']?['bpm__CaseConfiguration_']?['bpm__finalstatuspattern']"
        },
        "Switch": {
          "runAfter": {
            "ApprovalPattern": [
              "Succeeded"
            ]
          },
          "cases": {
            "DEFAULT": {
              "case": "DEFAULT",
              "actions": {
                "Update_a_row_-_Cases_-_Workflow_Status_-_Completed": {
                  "runAfter": {},
                  "type": "OpenApiConnection",
                  "inputs": {
                    "host": {
                      "connectionName": "shared_commondataserviceforapps",
                      "operationId": "UpdateRecord",
                      "apiId": "/providers/Microsoft.PowerApps/apis/shared_commondataserviceforapps"
                    },
                    "parameters": {
                      "entityName": "bpm__caseses",
                      "recordId": "@outputs('CaseGuid')",
                      "item/bpm__workflowstatus": "Completed"
                    },
                    "authentication": {
                      "type": "Raw",
                      "value": "@json(decodeBase64(triggerOutputs().headers['X-MS-APIM-Tokens']))['$ConnectionKey']"
                    }
                  }
                }
              }
            }
          },
          "default": {
            "actions": {}
          },
          "expression": "@toUpper(coalesce(outputs('ApprovalPattern'),'nop'))",
          "metadata": {
            "operationMetadataId": "027a1fb9-56d0-4d9b-b2f3-5a43a83601e6"
          },
          "type": "Switch"
        }
      }
    },
    "templateName": ""
  },
  "schemaVersion": "1.0.0.0"
}