{
  "properties": {
    "connectionReferences": {
      "shared_commondataserviceforapps": {
        "runtimeSource": "embedded",
        "connection": {
          "connectionReferenceLogicalName": "bpm__sharedcommondataserviceforapps_b60e4"
        },
        "api": {
          "name": "shared_commondataserviceforapps"
        }
      }
    },
    "definition": {
      "$schema": "https://schema.management.azure.com/providers/Microsoft.Logic/schemas/2016-06-01/workflowdefinition.json#",
      "contentVersion": "1.0.0.0",
      "parameters": {
        "$connections": {
          "defaultValue": {},
          "type": "Object"
        },
        "$authentication": {
          "defaultValue": {},
          "type": "SecureObject"
        }
      },
      "triggers": {
        "manual": {
          "metadata": {
            "operationMetadataId": "49541ca3-a2f5-4d05-b14f-267acb2b8e76"
          },
          "type": "Request",
          "kind": "Button",
          "inputs": {
            "schema": {
              "type": "object",
              "properties": {
                "text": {
                  "title": "Case Type",
                  "type": "string",
                  "x-ms-dynamically-added": true,
                  "description": "Please enter your input",
                  "x-ms-content-hint": "TEXT"
                }
              },
              "required": [
                "text"
              ]
            }
          }
        }
      },
      "actions": {
        "List_rows_Case_Configuration": {
          "runAfter": {},
          "metadata": {
            "operationMetadataId": "23f22048-1a1b-4d71-adb3-d6885e8771e8"
          },
          "type": "OpenApiConnection",
          "inputs": {
            "host": {
              "connectionName": "shared_commondataserviceforapps",
              "operationId": "ListRecords",
              "apiId": "/providers/Microsoft.PowerApps/apis/shared_commondataserviceforapps"
            },
            "parameters": {
              "entityName": "bpm__casesconfigurations",
              "fetchXml": "<fetch top=\"1\">\n  <entity name=\"bpm__casesconfiguration\">\n    <attribute name=\"bpm__archiveafterdays\" alias=\"ArchiveAfterDays\" />\n    <attribute name=\"bpm__typeinternalname\" alias=\"TypeInternalName\" />\n    <attribute name=\"bpm__editform\" alias=\"EditForm\" />\n    <attribute name=\"bpm__createform\" alias=\"CreateForm\" />\n    <attribute name=\"bpm__category\" alias=\"Category\" />\n    <attribute name=\"bpm__typefriendlyname\" alias=\"TypeFriendlyName\" />\n    <attribute name=\"bpm__viewform\" alias=\"ViewForm\" />\n    <attribute name=\"bpm__purgeafterdays\" alias=\"PurgeAfterDays\" />\n    <attribute name=\"bpm__securitygroup\" alias=\"Securitygroup\" />\n    <filter>\n      <condition attribute=\"bpm__name\" operator=\"eq\" value=\"@{triggerBody()['text']}\" />\n    </filter>\n  </entity>\n</fetch>",
              "$top": 1
            },
            "authentication": {
              "type": "Raw",
              "value": "@json(decodeBase64(triggerOutputs().headers['X-MS-APIM-Tokens']))['$ConnectionKey']"
            }
          }
        },
        "Respond_to_a_PowerApp_or_flow": {
          "runAfter": {
            "Compose": [
              "Succeeded"
            ]
          },
          "metadata": {
            "operationMetadataId": "5135ec20-ba7b-43ed-86cf-e58de05c50ef"
          },
          "type": "Response",
          "kind": "PowerApp",
          "inputs": {
            "statusCode": 200,
            "body": {
              "configuration": "@{outputs('Compose')}"
            },
            "schema": {
              "type": "object",
              "properties": {
                "configuration": {
                  "title": "Configuration",
                  "x-ms-dynamically-added": true,
                  "type": "string"
                }
              }
            }
          }
        },
        "Compose": {
          "runAfter": {
            "List_rows_Case_Configuration": [
              "Succeeded"
            ]
          },
          "metadata": {
            "operationMetadataId": "3f7eec6a-6995-404e-bef6-1c2f64e508be"
          },
          "type": "Compose",
          "inputs": "@outputs('List_rows_Case_Configuration')?['body/value']"
        }
      }
    },
    "templateName": ""
  },
  "schemaVersion": "1.0.0.0"
}