{
  "properties": {
    "connectionReferences": {
      "shared_commondataserviceforapps": {
        "runtimeSource": "embedded",
        "connection": {
          "connectionReferenceLogicalName": "bpm__sharedcommondataserviceforapps_b60e4"
        },
        "api": {
          "name": "shared_commondataserviceforapps"
        }
      }
    },
    "definition": {
      "$schema": "https://schema.management.azure.com/providers/Microsoft.Logic/schemas/2016-06-01/workflowdefinition.json#",
      "contentVersion": "1.0.0.0",
      "parameters": {
        "$connections": {
          "defaultValue": {},
          "type": "Object"
        },
        "$authentication": {
          "defaultValue": {},
          "type": "SecureObject"
        }
      },
      "triggers": {
        "manual": {
          "metadata": {
            "operationMetadataId": "b4cc2bb5-bf33-40af-ab0e-cb553da8d9f4"
          },
          "type": "Request",
          "kind": "Button",
          "inputs": {
            "schema": {
              "type": "object",
              "properties": {
                "text": {
                  "title": "FlowErrorData",
                  "type": "string",
                  "x-ms-dynamically-added": true,
                  "description": "Please enter your input",
                  "x-ms-content-hint": "TEXT"
                },
                "text_2": {
                  "title": "CaseID",
                  "type": "string",
                  "x-ms-dynamically-added": true,
                  "description": "Please enter your input",
                  "x-ms-content-hint": "TEXT"
                },
                "text_1": {
                  "title": "Workflow",
                  "type": "string",
                  "x-ms-dynamically-added": true,
                  "description": "Please enter your input",
                  "x-ms-content-hint": "TEXT"
                }
              },
              "required": [
                "text",
                "text_2",
                "text_1"
              ]
            }
          }
        }
      },
      "actions": {
        "Workflow": {
          "runAfter": {},
          "metadata": {
            "operationMetadataId": "ed5f1379-3a23-4215-aa66-e7e82adca01d"
          },
          "type": "Compose",
          "inputs": "@json(triggerBody()['text_1'])"
        },
        "Filter_array_-_Failed_actions": {
          "runAfter": {
            "FlowErrorData": [
              "Succeeded"
            ]
          },
          "metadata": {
            "operationMetadataId": "754df00f-ffae-45d1-acae-26297b0d4d3e"
          },
          "type": "Query",
          "inputs": {
            "from": "@outputs('FlowErrorData')",
            "where": "@equals(toUpper(item()?['status']), 'FAILED')"
          }
        },
        "FlowErrorData": {
          "runAfter": {
            "Workflow": [
              "Succeeded"
            ]
          },
          "metadata": {
            "operationMetadataId": "aec77bee-116e-4774-bfe2-3590640bdd80"
          },
          "type": "Compose",
          "inputs": "@json(triggerBody()['text'])"
        },
        "Apply_to_each_-_Failed_action": {
          "foreach": "@body('Filter_array_-_Failed_actions')",
          "actions": {
            "ErrorDetail": {
              "runAfter": {},
              "metadata": {
                "operationMetadataId": "5a047d7d-a1eb-412a-91c9-be3231c31157"
              },
              "type": "Compose",
              "inputs": {
                "FlowRunUrl": "https://emea.flow.microsoft.com/manage/environments/@{outputs('Workflow')?['tags']?['environmentname']}/flows/@{outputs('Workflow')?['name']}/runs/@{outputs('Workflow')?['run']?['name']}",
                "ActionName": "",
                "ErrorStatus": "",
                "ErrorCode": "",
                "ErrorDescription": "",
                "TrackingId": "@{items('Apply_to_each_-_Failed_action')?['trackingId']}",
                "FlowName": "",
                "Severity": 4
              }
            },
            "Add_a_new_row_-_BPM_Error_logs": {
              "runAfter": {
                "ErrorDetail": [
                  "Succeeded"
                ]
              },
              "metadata": {
                "operationMetadataId": "34d5339f-0309-4eec-9931-1d4531d55e48"
              },
              "type": "OpenApiConnection",
              "inputs": {
                "host": {
                  "connectionName": "shared_commondataserviceforapps",
                  "operationId": "CreateRecord",
                  "apiId": "/providers/Microsoft.PowerApps/apis/shared_commondataserviceforapps"
                },
                "parameters": {
                  "entityName": "bpm__errorlogs",
                  "item/bpm__name": "@outputs('Workflow')?['tags']['flowDisplayName']",
                  "item/bpm__caseid": "@triggerBody()['text_2']",
                  "item/bpm__details": "Action Name: @{item()?['name']}  Error status: @{item()?['status']} Error description: @{item()?['error']?['Message']}",
                  "item/bpm__flowrun": "\"https://emea.flow.microsoft.com/manage/environments/@{outputs('Workflow')?['tags']?['environmentname']}/flows/@{outputs('Workflow')?['name']}/runs/@{outputs('Workflow')?['run']?['name']}\""
                },
                "authentication": {
                  "type": "Raw",
                  "value": "@json(decodeBase64(triggerOutputs().headers['X-MS-APIM-Tokens']))['$ConnectionKey']"
                }
              }
            }
          },
          "runAfter": {
            "Filter_array_-_Failed_actions": [
              "Succeeded"
            ]
          },
          "metadata": {
            "operationMetadataId": "7744c267-b4fb-4238-bd5a-82c7633cd0eb"
          },
          "type": "Foreach"
        },
        "Respond_to_a_PowerApp_or_flow": {
          "runAfter": {
            "Apply_to_each_-_Failed_action": [
              "Succeeded"
            ]
          },
          "metadata": {
            "operationMetadataId": "8d7f2d44-026f-4aef-98d2-b24f2b51f6db"
          },
          "type": "Response",
          "kind": "PowerApp",
          "inputs": {
            "statusCode": 200,
            "body": {
              "responsecode": "200"
            },
            "schema": {
              "type": "object",
              "properties": {
                "responsecode": {
                  "title": "ResponseCode",
                  "x-ms-dynamically-added": true,
                  "type": "string"
                }
              }
            }
          }
        }
      }
    },
    "templateName": ""
  },
  "schemaVersion": "1.0.0.0"
}