{
  "properties": {
    "connectionReferences": {
      "shared_commondataserviceforapps": {
        "runtimeSource": "embedded",
        "connection": {
          "connectionReferenceLogicalName": "bpm__sharedcommondataserviceforapps_b60e4"
        },
        "api": {
          "name": "shared_commondataserviceforapps"
        }
      }
    },
    "definition": {
      "$schema": "https://schema.management.azure.com/providers/Microsoft.Logic/schemas/2016-06-01/workflowdefinition.json#",
      "contentVersion": "1.0.0.0",
      "parameters": {
        "$connections": {
          "defaultValue": {},
          "type": "Object"
        },
        "$authentication": {
          "defaultValue": {},
          "type": "SecureObject"
        }
      },
      "triggers": {
        "When_a_row_is_added,_modified_or_deleted": {
          "metadata": {
            "operationMetadataId": "47846692-ef3e-4792-987e-ea32b265be53"
          },
          "type": "OpenApiConnectionWebhook",
          "inputs": {
            "host": {
              "connectionName": "shared_commondataserviceforapps",
              "operationId": "SubscribeWebhookTrigger",
              "apiId": "/providers/Microsoft.PowerApps/apis/shared_commondataserviceforapps"
            },
            "parameters": {
              "subscriptionRequest/message": 4,
              "subscriptionRequest/entityname": "bpm__cases",
              "subscriptionRequest/scope": 4
            },
            "authentication": "@parameters('$authentication')"
          },
          "conditions": [
            {
              "expression": "@contains(triggerOutputs()?['body/bpm__casesubmissionstatus'],'FINAL') "
            },
            {
              "expression": "@empty(triggerOutputs()?['body/bpm__stepsgenerated'])"
            }
          ]
        }
      },
      "actions": {
        "Initialize_variable_Actors": {
          "runAfter": {
            "CaseGuid": [
              "Succeeded"
            ]
          },
          "metadata": {
            "operationMetadataId": "60a60b30-237f-4c0e-8555-a5d73e6eb85b"
          },
          "type": "InitializeVariable",
          "inputs": {
            "variables": [
              {
                "name": "Actors",
                "type": "array",
                "value": []
              }
            ]
          },
          "description": "Actors are people who must act : approvals & feedback"
        },
        "Try": {
          "actions": {
            "Load_Actors_TODO": {
              "actions": {},
              "runAfter": {
                "Prevent_Restart": [
                  "Succeeded"
                ]
              },
              "metadata": {
                "operationMetadataId": "7bc98015-ba03-4f85-88f3-e0d54e00066c"
              },
              "type": "Scope"
            },
            "Run_a_Child_Flow_-_MetaWorkflow_Generator": {
              "runAfter": {
                "Workflow_Initialization": [
                  "Succeeded"
                ]
              },
              "metadata": {
                "operationMetadataId": "7ef68e5a-84ad-49d6-8e27-010294a12be3"
              },
              "type": "Workflow",
              "inputs": {
                "host": {
                  "workflowReferenceName": "edb6097e-5d3b-ed11-9db1-0022489fde6b"
                },
                "body": {
                  "text": "@triggerOutputs()?['body/bpm__name']",
                  "text_1": "@triggerOutputs()?['body/bpm__casesid']"
                }
              }
            },
            "Get_a_row_by_ID_-_Get_Case_Info": {
              "runAfter": {},
              "metadata": {
                "operationMetadataId": "f3699253-7870-44d0-96c8-8e667e51aebf"
              },
              "type": "OpenApiConnection",
              "inputs": {
                "host": {
                  "connectionName": "shared_commondataserviceforapps",
                  "operationId": "GetItem",
                  "apiId": "/providers/Microsoft.PowerApps/apis/shared_commondataserviceforapps"
                },
                "parameters": {
                  "entityName": "bpm__caseses",
                  "recordId": "@triggerOutputs()?['body/bpm__casesid']"
                },
                "authentication": "@parameters('$authentication')"
              }
            },
            "Prevent_Restart": {
              "actions": {
                "Update_a_row_-_Cases_-_StepsGenerated_to_Yes": {
                  "runAfter": {},
                  "metadata": {
                    "operationMetadataId": "23a89a0c-9075-4c19-8ccd-78016fa7c5be"
                  },
                  "type": "OpenApiConnection",
                  "inputs": {
                    "host": {
                      "connectionName": "shared_commondataserviceforapps",
                      "operationId": "UpdateRecord",
                      "apiId": "/providers/Microsoft.PowerApps/apis/shared_commondataserviceforapps"
                    },
                    "parameters": {
                      "entityName": "bpm__caseses",
                      "recordId": "@triggerOutputs()?['body/bpm__casesid']",
                      "item/bpm__name": "@triggerOutputs()?['body/bpm__name']",
                      "item/bpm__stepsgenerated": "YES"
                    },
                    "authentication": "@parameters('$authentication')"
                  }
                }
              },
              "runAfter": {
                "Get_a_row_by_ID_-_Get_Case_Info": [
                  "Succeeded"
                ]
              },
              "metadata": {
                "operationMetadataId": "5ece0513-b474-437d-a800-c0e822b33b1f"
              },
              "type": "Scope"
            },
            "Kick_Off_Workflow_runtime": {
              "actions": {
                "List_rows_-_Find_Step_0_in_Case_Lifecycle": {
                  "runAfter": {},
                  "metadata": {
                    "operationMetadataId": "3e4bce38-f76a-4889-9805-fe8984c013bb"
                  },
                  "type": "OpenApiConnection",
                  "inputs": {
                    "host": {
                      "connectionName": "shared_commondataserviceforapps",
                      "operationId": "ListRecords",
                      "apiId": "/providers/Microsoft.PowerApps/apis/shared_commondataserviceforapps"
                    },
                    "parameters": {
                      "entityName": "bpm__caseslifecycles",
                      "$filter": "_bpm__case_value eq '@{outputs('Get_a_row_by_ID_-_Get_Case_Info')?['body/bpm__casesid']}' and bpm__step eq 0"
                    },
                    "authentication": "@parameters('$authentication')"
                  }
                },
                "Compose": {
                  "runAfter": {
                    "List_rows_-_Find_Step_0_in_Case_Lifecycle": [
                      "Succeeded"
                    ]
                  },
                  "metadata": {
                    "operationMetadataId": "ff1cc8a4-721e-4ecd-b3bc-e50ca8ee7bba"
                  },
                  "type": "Compose",
                  "inputs": "@body('List_rows_-_Find_Step_0_in_Case_Lifecycle')"
                },
                "Update_a_row_-_Case_Lifecycle_-_Set_Step_0_to_waiting": {
                  "runAfter": {
                    "Compose": [
                      "Succeeded"
                    ]
                  },
                  "metadata": {
                    "operationMetadataId": "5bc1833a-d0f2-4443-9314-fda8b7893185"
                  },
                  "type": "OpenApiConnection",
                  "inputs": {
                    "host": {
                      "connectionName": "shared_commondataserviceforapps",
                      "operationId": "UpdateRecord",
                      "apiId": "/providers/Microsoft.PowerApps/apis/shared_commondataserviceforapps"
                    },
                    "parameters": {
                      "entityName": "bpm__caseslifecycles",
                      "recordId": "@body('List_rows_-_Find_Step_0_in_Case_Lifecycle')?['Value']?[0]?['bpm__caseslifecycleid']",
                      "item/bpm__startedwhen": "@utcNow()",
                      "item/bpm__stepstatus": "Waiting"
                    },
                    "authentication": "@parameters('$authentication')"
                  }
                }
              },
              "runAfter": {
                "Notify_to_Teams_if_needed_TODO": [
                  "Succeeded"
                ]
              },
              "metadata": {
                "operationMetadataId": "28e4ba50-f5b4-40fa-9325-ee61e44e6f23"
              },
              "type": "Scope"
            },
            "Workflow_Initialization": {
              "actions": {
                "Update_a_row_-_Cases_-_Set_Workflow_Status_to_Running": {
                  "runAfter": {},
                  "metadata": {
                    "operationMetadataId": "5cd1c281-28ec-40c9-9e4d-917bce833cc2"
                  },
                  "type": "OpenApiConnection",
                  "inputs": {
                    "host": {
                      "connectionName": "shared_commondataserviceforapps",
                      "operationId": "UpdateRecord",
                      "apiId": "/providers/Microsoft.PowerApps/apis/shared_commondataserviceforapps"
                    },
                    "parameters": {
                      "entityName": "bpm__caseses",
                      "recordId": "@outputs('CaseGuid')",
                      "item/bpm__workflowstatus": "Running"
                    },
                    "authentication": "@parameters('$authentication')"
                  }
                }
              },
              "runAfter": {
                "Load_Actors_TODO": [
                  "Succeeded"
                ]
              },
              "metadata": {
                "operationMetadataId": "6e2c2c8e-5b05-4dc0-bd65-1a73b26d8310"
              },
              "type": "Scope"
            },
            "Notify_to_Teams_if_needed_TODO": {
              "actions": {},
              "runAfter": {
                "Run_a_Child_Flow_-_MetaWorkflow_Generator": [
                  "Succeeded"
                ]
              },
              "metadata": {
                "operationMetadataId": "0cc8ff99-f717-49e6-9a71-ee643dc27e81"
              },
              "type": "Scope"
            }
          },
          "runAfter": {
            "Initialize_variable_Actors": [
              "Succeeded"
            ]
          },
          "metadata": {
            "operationMetadataId": "f3996d7d-62cd-4659-a612-8bc7433101e3"
          },
          "type": "Scope"
        },
        "Catch": {
          "actions": {
            "Run_a_Child_Flow_-_Log_Flows_Errors": {
              "runAfter": {},
              "metadata": {
                "operationMetadataId": "bf9fb4b2-a481-4151-ab95-1742db4e3d6c"
              },
              "type": "Workflow",
              "inputs": {
                "host": {
                  "workflowReferenceName": "e637d30d-493b-ed11-9db1-0022489fde6b"
                },
                "body": {
                  "text": "@string(result('Try'))",
                  "text_2": "@triggerOutputs()?['body/bpm__name']",
                  "text_1": "@string(workflow())"
                }
              }
            }
          },
          "runAfter": {
            "Try": [
              "Failed",
              "Skipped",
              "TimedOut"
            ]
          },
          "metadata": {
            "operationMetadataId": "849bd647-93ca-4341-bcc3-03d2b62e4a2d"
          },
          "type": "Scope"
        },
        "Finally": {
          "actions": {},
          "runAfter": {
            "Catch": [
              "Succeeded",
              "Failed",
              "Skipped",
              "TimedOut"
            ]
          },
          "metadata": {
            "operationMetadataId": "161618d0-926f-4591-82fd-c7ebc5dd1a63"
          },
          "type": "Scope"
        },
        "CaseID": {
          "runAfter": {},
          "metadata": {
            "operationMetadataId": "83b73b10-0122-4403-a96b-d43d8598f113"
          },
          "type": "Compose",
          "inputs": "@triggerOutputs()?['body/bpm__name']"
        },
        "CaseGuid": {
          "runAfter": {
            "CaseID": [
              "Succeeded"
            ]
          },
          "metadata": {
            "operationMetadataId": "31368e3c-a3d1-4fbb-bba6-3a5242b5ea44"
          },
          "type": "Compose",
          "inputs": "@triggerOutputs()?['body/bpm__casesid']"
        }
      }
    },
    "templateName": ""
  },
  "schemaVersion": "1.0.0.0"
}