{
  "properties": {
    "connectionReferences": {
      "shared_commondataserviceforapps": {
        "impersonation": {},
        "runtimeSource": "embedded",
        "connection": {
          "connectionReferenceLogicalName": "bpm__sharedcommondataserviceforapps_b60e4"
        },
        "api": {
          "name": "shared_commondataserviceforapps"
        }
      }
    },
    "definition": {
      "$schema": "https://schema.management.azure.com/providers/Microsoft.Logic/schemas/2016-06-01/workflowdefinition.json#",
      "contentVersion": "1.0.0.0",
      "parameters": {
        "$connections": {
          "defaultValue": {},
          "type": "Object"
        },
        "$authentication": {
          "defaultValue": {},
          "type": "SecureObject"
        }
      },
      "triggers": {
        "manual": {
          "metadata": {
            "operationMetadataId": "ae2418c7-82a8-41e0-a669-7837ec3caac5"
          },
          "type": "Request",
          "kind": "Button",
          "inputs": {
            "schema": {
              "type": "object",
              "properties": {},
              "required": []
            }
          }
        }
      },
      "actions": {
        "List_rows_-_Cases_-_All": {
          "runAfter": {},
          "metadata": {
            "operationMetadataId": "a486ce03-2fec-4559-8a5a-70bad53c31cc"
          },
          "type": "OpenApiConnection",
          "inputs": {
            "host": {
              "apiId": "/providers/Microsoft.PowerApps/apis/shared_commondataserviceforapps",
              "connectionName": "shared_commondataserviceforapps",
              "operationId": "ListRecords"
            },
            "parameters": {
              "entityName": "bpm__caseses"
            },
            "authentication": "@parameters('$authentication')"
          }
        },
        "Apply_to_each": {
          "foreach": "@outputs('List_rows_-_Cases_-_All')?['body/value']",
          "actions": {
            "Delete_a_row": {
              "runAfter": {},
              "metadata": {
                "operationMetadataId": "16ee33a8-a74a-4ee0-bb0c-50d1cf33b27d"
              },
              "type": "OpenApiConnection",
              "inputs": {
                "host": {
                  "apiId": "/providers/Microsoft.PowerApps/apis/shared_commondataserviceforapps",
                  "connectionName": "shared_commondataserviceforapps",
                  "operationId": "DeleteRecord"
                },
                "parameters": {
                  "entityName": "bpm__caseses",
                  "recordId": "@items('Apply_to_each')?['bpm__casesid']"
                },
                "authentication": "@parameters('$authentication')"
              }
            }
          },
          "runAfter": {
            "List_rows_-_Cases_-_All": [
              "Succeeded"
            ]
          },
          "metadata": {
            "operationMetadataId": "9ba70217-c3d7-44fd-a54c-55c70179421e"
          },
          "type": "Foreach"
        }
      }
    },
    "templateName": null
  },
  "schemaVersion": "1.0.0.0"
}