{
  "properties": {
    "connectionReferences": {
      "shared_sharepointonline_1": {
        "runtimeSource": "embedded",
        "connection": {
          "connectionReferenceLogicalName": "cr93e_BPMToolkitSPConnectionref2"
        },
        "api": {
          "name": "shared_sharepointonline"
        }
      }
    },
    "definition": {
      "$schema": "https://schema.management.azure.com/providers/Microsoft.Logic/schemas/2016-06-01/workflowdefinition.json#",
      "contentVersion": "1.0.0.0",
      "parameters": {
        "$connections": {
          "defaultValue": {},
          "type": "Object"
        },
        "$authentication": {
          "defaultValue": {},
          "type": "SecureObject"
        },
        "BPM Site (cr93e_BPMSite)": {
          "defaultValue": "https://eurocontrol.sharepoint.com/sites/HRSADEV",
          "type": "String",
          "metadata": {
            "schemaName": "cr93e_BPMSite"
          }
        },
        "BPM Cases (cr93e_BPMCases)": {
          "defaultValue": "28007d72-bc53-410a-b713-409478508462",
          "type": "String",
          "metadata": {
            "schemaName": "cr93e_BPMCases"
          }
        }
      },
      "triggers": {
        "manual": {
          "metadata": {
            "operationMetadataId": "0c6f34d5-3ae8-4df1-a0c4-c0e6da033446"
          },
          "type": "Request",
          "kind": "Button",
          "inputs": {
            "schema": {
              "type": "object",
              "properties": {
                "text": {
                  "title": "CaseID",
                  "type": "string",
                  "x-ms-dynamically-added": true,
                  "description": "Please enter your input",
                  "x-ms-content-hint": "TEXT"
                }
              },
              "required": [
                "text"
              ]
            }
          }
        }
      },
      "actions": {
        "Respond_to_a_PowerApp_or_flow": {
          "runAfter": {
            "Apply_to_each": [
              "Succeeded"
            ]
          },
          "metadata": {
            "operationMetadataId": "68b207c6-84a1-4057-a14e-918e73e5aabf"
          },
          "type": "Response",
          "kind": "PowerApp",
          "inputs": {
            "statusCode": 200,
            "body": {
              "responsecode": "200",
              "responsemessage": " "
            },
            "schema": {
              "type": "object",
              "properties": {
                "responsecode": {
                  "title": "ResponseCode",
                  "x-ms-dynamically-added": true,
                  "type": "string"
                },
                "responsemessage": {
                  "title": "ResponseMessage",
                  "x-ms-dynamically-added": true,
                  "type": "string"
                }
              }
            }
          }
        },
        "CaseID": {
          "runAfter": {},
          "metadata": {
            "operationMetadataId": "ac4ae4e9-afd1-4884-bf7e-30e5a18ac771"
          },
          "type": "Compose",
          "inputs": "@triggerBody()['text']"
        },
        "Get_items_-_Case": {
          "runAfter": {
            "CaseID": [
              "Succeeded"
            ]
          },
          "metadata": {
            "operationMetadataId": "a16eaa6b-8b40-4850-935f-d5558296b09b"
          },
          "type": "OpenApiConnection",
          "inputs": {
            "host": {
              "connectionName": "shared_sharepointonline_1",
              "operationId": "GetItems",
              "apiId": "/providers/Microsoft.PowerApps/apis/shared_sharepointonline"
            },
            "parameters": {
              "dataset": "@parameters('BPM Site (cr93e_BPMSite)')",
              "table": "@parameters('BPM Cases (cr93e_BPMCases)')",
              "$filter": "CaseID eq '@{outputs('CaseID')}'"
            },
            "authentication": {
              "type": "Raw",
              "value": "@json(decodeBase64(triggerOutputs().headers['X-MS-APIM-Tokens']))['$ConnectionKey']"
            }
          }
        },
        "Apply_to_each": {
          "foreach": "@outputs('Get_items_-_Case')?['body/value']",
          "actions": {
            "Make_sure_the_case_is_draft": {
              "actions": {
                "Create_item_-_Case": {
                  "runAfter": {},
                  "metadata": {
                    "operationMetadataId": "0d66bdeb-9df9-464a-b23f-5a243c39549c"
                  },
                  "type": "OpenApiConnection",
                  "inputs": {
                    "host": {
                      "connectionName": "shared_sharepointonline_1",
                      "operationId": "PostItem",
                      "apiId": "/providers/Microsoft.PowerApps/apis/shared_sharepointonline"
                    },
                    "parameters": {
                      "dataset": "@parameters('BPM Site (cr93e_BPMSite)')",
                      "table": "@parameters('BPM Cases (cr93e_BPMCases)')",
                      "item/CaseID": "@items('Apply_to_each')?['CaseID']",
                      "item/CaseDescr": "@items('Apply_to_each')?['CaseDescr']",
                      "item/CaseActors": "@items('Apply_to_each')?['CaseActors']",
                      "item/Location": "@items('Apply_to_each')?['Location']",
                      "item/Submitter": "@items('Apply_to_each')?['Submitter']",
                      "item/OnBehalfOf": "@items('Apply_to_each')?['OnBehalfOf']",
                      "item/TypeOfrequest": "@items('Apply_to_each')?['TypeOfrequest']",
                      "item/CaseSubmissionStatus": "FINAL"
                    },
                    "authentication": {
                      "type": "Raw",
                      "value": "@json(decodeBase64(triggerOutputs().headers['X-MS-APIM-Tokens']))['$ConnectionKey']"
                    }
                  }
                },
                "Delete_item_-_Case": {
                  "runAfter": {
                    "Run_a_Child_Flow_-_Secure_Case": [
                      "Succeeded"
                    ]
                  },
                  "metadata": {
                    "operationMetadataId": "c556a071-fefa-4a5e-94c5-e8feaf36ea19"
                  },
                  "type": "OpenApiConnection",
                  "inputs": {
                    "host": {
                      "connectionName": "shared_sharepointonline_1",
                      "operationId": "DeleteItem",
                      "apiId": "/providers/Microsoft.PowerApps/apis/shared_sharepointonline"
                    },
                    "parameters": {
                      "dataset": "@parameters('BPM Site (cr93e_BPMSite)')",
                      "table": "@parameters('BPM Cases (cr93e_BPMCases)')",
                      "id": "@items('Apply_to_each')?['ID']"
                    },
                    "authentication": {
                      "type": "Raw",
                      "value": "@json(decodeBase64(triggerOutputs().headers['X-MS-APIM-Tokens']))['$ConnectionKey']"
                    }
                  }
                },
                "Run_a_Child_Flow_-_Secure_Case": {
                  "runAfter": {
                    "Create_item_-_Case": [
                      "Succeeded"
                    ]
                  },
                  "metadata": {
                    "operationMetadataId": "d7704eb8-20bc-4eff-ae0d-ad10eab0a4ff"
                  },
                  "type": "Workflow",
                  "inputs": {
                    "host": {
                      "workflowReferenceName": "ac7c448e-5eb2-ea11-a812-000d3abbae2c"
                    },
                    "body": {
                      "text": "@outputs('CaseID')",
                      "boolean": false
                    }
                  }
                }
              },
              "runAfter": {},
              "expression": {
                "equals": [
                  "@items('Apply_to_each')?['CaseSubmissionStatus']",
                  "DRAFT"
                ]
              },
              "metadata": {
                "operationMetadataId": "b4a00555-4fc4-4e94-81f8-52a4dd867679"
              },
              "type": "If"
            }
          },
          "runAfter": {
            "Get_items_-_Case": [
              "Succeeded"
            ]
          },
          "metadata": {
            "operationMetadataId": "1f66e383-87f2-472f-b2c1-1c7f58a2ad45"
          },
          "type": "Foreach"
        }
      },
      "outputs": {}
    }
  },
  "schemaVersion": "1.0.0.0"
}