{
  "properties": {
    "connectionReferences": {
      "shared_sharepointonline_1": {
        "runtimeSource": "embedded",
        "connection": {
          "connectionReferenceLogicalName": "cr93e_BPMToolkitSPConnectionref3"
        },
        "api": {
          "name": "shared_sharepointonline"
        }
      }
    },
    "definition": {
      "$schema": "https://schema.management.azure.com/providers/Microsoft.Logic/schemas/2016-06-01/workflowdefinition.json#",
      "contentVersion": "1.0.0.0",
      "parameters": {
        "$connections": {
          "defaultValue": {},
          "type": "Object"
        },
        "$authentication": {
          "defaultValue": {},
          "type": "SecureObject"
        },
        "BPM Site (cr93e_BPMSite)": {
          "defaultValue": "https://eurocontrol.sharepoint.com/sites/HRSADEV",
          "type": "String",
          "metadata": {
            "schemaName": "cr93e_BPMSite"
          }
        },
        "BPM Security groups for Case (cr93e_BPMSecuritygroupsforCase)": {
          "defaultValue": "bb37c184-a7c4-4bad-a2a7-07dcf64a3cf1",
          "type": "String",
          "metadata": {
            "schemaName": "cr93e_BPMSecuritygroupsforCase"
          }
        }
      },
      "triggers": {
        "manual": {
          "metadata": {
            "operationMetadataId": "9728c6fa-cf5e-4ee7-a9fd-cad23261bc61"
          },
          "type": "Request",
          "kind": "Button",
          "inputs": {
            "schema": {
              "type": "object",
              "properties": {
                "text": {
                  "title": "CaseType",
                  "type": "string",
                  "x-ms-dynamically-added": true,
                  "description": "Please enter your input",
                  "x-ms-content-hint": "TEXT"
                }
              },
              "required": [
                "text"
              ]
            }
          }
        }
      },
      "actions": {
        "Get_items_-_Case_type_Parameters": {
          "runAfter": {},
          "metadata": {
            "operationMetadataId": "d749329f-807d-4fa5-b917-3e5071bc4aad"
          },
          "type": "OpenApiConnection",
          "inputs": {
            "host": {
              "connectionName": "shared_sharepointonline_1",
              "operationId": "GetItems",
              "apiId": "/providers/Microsoft.PowerApps/apis/shared_sharepointonline"
            },
            "parameters": {
              "dataset": "@parameters('BPM Site (cr93e_BPMSite)')",
              "table": "@parameters('BPM Security groups for Case (cr93e_BPMSecuritygroupsforCase)')",
              "$filter": "CaseType eq '@{triggerBody()['text']}'",
              "$top": 1
            },
            "authentication": {
              "type": "Raw",
              "value": "@json(decodeBase64(triggerOutputs().headers['X-MS-APIM-Tokens']))['$ConnectionKey']"
            }
          }
        },
        "Apply_to_each": {
          "foreach": "@outputs('Get_items_-_Case_type_Parameters')?['body/value']",
          "actions": {
            "Set_variable_Security_Level": {
              "runAfter": {},
              "metadata": {
                "operationMetadataId": "99cec17e-21e4-4bf7-8c66-71ef13096bbd"
              },
              "type": "SetVariable",
              "inputs": {
                "name": "Security Level",
                "value": "@items('Apply_to_each')?['SecurityLevel']"
              }
            },
            "Set_variable_TeamID": {
              "runAfter": {
                "Set_variable_Security_Level": [
                  "Succeeded"
                ]
              },
              "metadata": {
                "operationMetadataId": "126e8246-309f-4792-91a0-63bd253033c3"
              },
              "type": "SetVariable",
              "inputs": {
                "name": "TeamID",
                "value": "@items('Apply_to_each')?['TeamID']"
              }
            },
            "Set_variable_ChannelID": {
              "runAfter": {
                "Set_variable_TeamID": [
                  "Succeeded"
                ]
              },
              "metadata": {
                "operationMetadataId": "caf0a3ec-1a0d-47f4-88b1-d91e0bf999c4"
              },
              "type": "SetVariable",
              "inputs": {
                "name": "ChannelID",
                "value": "@items('Apply_to_each')?['TeamChannelID']"
              }
            },
            "Set_variable_RequestListGuid": {
              "runAfter": {
                "Set_variable_ChannelID": [
                  "Succeeded"
                ]
              },
              "metadata": {
                "operationMetadataId": "6d730a16-0578-458a-aaff-615af4d040be"
              },
              "type": "SetVariable",
              "inputs": {
                "name": "RequestListGuid",
                "value": "@items('Apply_to_each')?['RequestListGuid']"
              }
            },
            "Set_variable_ApprovalPattern": {
              "runAfter": {
                "Set_variable_RequestListGuid": [
                  "Succeeded"
                ]
              },
              "metadata": {
                "operationMetadataId": "c0a6a88e-6c4f-41a2-b59b-f1246ed50b1f"
              },
              "type": "SetVariable",
              "inputs": {
                "name": "ApprovalPattern",
                "value": "@items('Apply_to_each')?['ApprovalPattern']"
              }
            },
            "Set_variable_MetaWorkflow": {
              "runAfter": {
                "Set_variable_ApprovalPattern": [
                  "Succeeded"
                ]
              },
              "metadata": {
                "operationMetadataId": "bf1a6faf-bc6d-4e52-adfa-ea276370b5bb"
              },
              "type": "SetVariable",
              "inputs": {
                "name": "MetaWorkflow",
                "value": "@items('Apply_to_each')?['Workflow']"
              }
            },
            "Set_variable_ArchiveAfterDays": {
              "runAfter": {
                "Set_variable_MetaWorkflow": [
                  "Succeeded"
                ]
              },
              "metadata": {
                "operationMetadataId": "b3fc734f-0190-44e5-af91-da1a33c4f3db"
              },
              "type": "SetVariable",
              "inputs": {
                "name": "ArchiveAfterDays",
                "value": "@{coalesce(items('Apply_to_each')?['ArchiveAfterDays'],0,items('Apply_to_each')?['ArchiveAfterDays'])}"
              }
            },
            "Set_variable_PurgeArchiveAfterDays": {
              "runAfter": {
                "Set_variable_ArchiveAfterDays": [
                  "Succeeded"
                ]
              },
              "metadata": {
                "operationMetadataId": "facfcb33-008d-418a-bbcb-72ac52822bb1"
              },
              "type": "SetVariable",
              "inputs": {
                "name": "PurgeArchiveAfterDays",
                "value": "@{coalesce(items('Apply_to_each')?['PurgeArchiveAfterDays'],0,items('Apply_to_each')?['PurgeArchiveAfterDays'])}"
              }
            }
          },
          "runAfter": {
            "Initialize_variable_PurgeArchiveAfterDays": [
              "Succeeded"
            ]
          },
          "metadata": {
            "operationMetadataId": "11f12973-ae99-4c9c-86cd-e3bc8597c41a"
          },
          "type": "Foreach"
        },
        "Initialize_variable_Security_Group": {
          "runAfter": {
            "Get_items_-_Case_type_Parameters": [
              "Succeeded"
            ]
          },
          "metadata": {
            "operationMetadataId": "fdf1f11c-ac4c-44be-8214-e2d8489f4a14"
          },
          "type": "InitializeVariable",
          "inputs": {
            "variables": [
              {
                "name": "Security Group",
                "type": "string"
              }
            ]
          }
        },
        "Initialize_variable_TeamID": {
          "runAfter": {
            "Initialize_variable_Security_Group": [
              "Succeeded"
            ]
          },
          "metadata": {
            "operationMetadataId": "0268695e-1994-4ade-95c6-4bdc15eae400"
          },
          "type": "InitializeVariable",
          "inputs": {
            "variables": [
              {
                "name": "TeamID",
                "type": "string"
              }
            ]
          }
        },
        "Initialize_variable_ChannelID": {
          "runAfter": {
            "Initialize_variable_TeamID": [
              "Succeeded"
            ]
          },
          "metadata": {
            "operationMetadataId": "3b19b326-14b4-49ff-86fd-8ea7c53cd86c"
          },
          "type": "InitializeVariable",
          "inputs": {
            "variables": [
              {
                "name": "ChannelID",
                "type": "string"
              }
            ]
          }
        },
        "Initialize_variable_Security_Level": {
          "runAfter": {
            "Initialize_variable_ChannelID": [
              "Succeeded"
            ]
          },
          "metadata": {
            "operationMetadataId": "dd5c234f-d022-4d55-8b03-f506990d7e24"
          },
          "type": "InitializeVariable",
          "inputs": {
            "variables": [
              {
                "name": "Security Level",
                "type": "string"
              }
            ]
          }
        },
        "Respond_to_a_PowerApp_or_flow": {
          "runAfter": {
            "Apply_to_each": [
              "Succeeded"
            ]
          },
          "metadata": {
            "operationMetadataId": "31a50515-de18-47e6-b09d-b01434fe9ee7"
          },
          "type": "Response",
          "kind": "PowerApp",
          "inputs": {
            "statusCode": 200,
            "body": {
              "teamid": "@variables('TeamID')",
              "channelid": "@variables('ChannelID')",
              "securitylevel": "@variables('Security Level')",
              "requestlistguid": "@variables('RequestListGuid')",
              "approvalpattern": "@variables('ApprovalPattern')",
              "metaworkflow": "@variables('MetaWorkflow')",
              "archiveafterdays": "@variables('ArchiveAfterDays')",
              "purgearchiveafterdays": "@variables('PurgeArchiveAfterDays')"
            },
            "schema": {
              "type": "object",
              "properties": {
                "teamid": {
                  "title": "TeamID",
                  "x-ms-dynamically-added": true,
                  "type": "string"
                },
                "channelid": {
                  "title": "ChannelID",
                  "x-ms-dynamically-added": true,
                  "type": "string"
                },
                "securitylevel": {
                  "title": "SecurityLevel",
                  "x-ms-dynamically-added": true,
                  "type": "string"
                },
                "requestlistguid": {
                  "title": "RequestListGuid",
                  "x-ms-dynamically-added": true,
                  "type": "string"
                },
                "approvalpattern": {
                  "title": "ApprovalPattern",
                  "x-ms-dynamically-added": true,
                  "type": "string"
                },
                "metaworkflow": {
                  "title": "MetaWorkflow",
                  "x-ms-dynamically-added": true,
                  "type": "string"
                },
                "archiveafterdays": {
                  "title": "ArchiveAfterDays",
                  "x-ms-dynamically-added": true,
                  "type": "string"
                },
                "purgearchiveafterdays": {
                  "title": "PurgeArchiveAfterDays",
                  "x-ms-dynamically-added": true,
                  "type": "string"
                }
              }
            }
          }
        },
        "Initialize_variable_RequestListGuid": {
          "runAfter": {
            "Initialize_variable_Security_Level": [
              "Succeeded"
            ]
          },
          "metadata": {
            "operationMetadataId": "912a7096-e37d-4590-b7f4-883163a6481f"
          },
          "type": "InitializeVariable",
          "inputs": {
            "variables": [
              {
                "name": "RequestListGuid",
                "type": "string"
              }
            ]
          }
        },
        "Initialize_variable_ApprovalPattern": {
          "runAfter": {
            "Initialize_variable_RequestListGuid": [
              "Succeeded"
            ]
          },
          "metadata": {
            "operationMetadataId": "6ad340b0-ecfb-40f4-8a62-58743a7f557e"
          },
          "type": "InitializeVariable",
          "inputs": {
            "variables": [
              {
                "name": "ApprovalPattern",
                "type": "string"
              }
            ]
          }
        },
        "Initialize_variable_MetaWorkflow": {
          "runAfter": {
            "Initialize_variable_ApprovalPattern": [
              "Succeeded"
            ]
          },
          "metadata": {
            "operationMetadataId": "7c0b23c1-042f-44c1-8415-ea3472a0b575"
          },
          "type": "InitializeVariable",
          "inputs": {
            "variables": [
              {
                "name": "MetaWorkflow",
                "type": "string"
              }
            ]
          }
        },
        "Initialize_variable_ArchiveAfterDays": {
          "runAfter": {
            "Initialize_variable_MetaWorkflow": [
              "Succeeded"
            ]
          },
          "metadata": {
            "operationMetadataId": "f77f5f7b-b77c-417d-b70c-dde8e9041fb3"
          },
          "type": "InitializeVariable",
          "inputs": {
            "variables": [
              {
                "name": "ArchiveAfterDays",
                "type": "string"
              }
            ]
          }
        },
        "Initialize_variable_PurgeArchiveAfterDays": {
          "runAfter": {
            "Initialize_variable_ArchiveAfterDays": [
              "Succeeded"
            ]
          },
          "metadata": {
            "operationMetadataId": "cbd54a90-0bf1-4722-a40f-b960fe69eb80"
          },
          "type": "InitializeVariable",
          "inputs": {
            "variables": [
              {
                "name": "PurgeArchiveAfterDays",
                "type": "string"
              }
            ]
          }
        }
      },
      "outputs": {}
    }
  },
  "schemaVersion": "1.0.0.0"
}