{
  "properties": {
    "connectionReferences": {
      "shared_sharepointonline_1": {
        "runtimeSource": "embedded",
        "connection": {
          "connectionReferenceLogicalName": "cr93e_BPMToolkitSPConnectionref2"
        },
        "api": {
          "name": "shared_sharepointonline"
        }
      }
    },
    "definition": {
      "$schema": "https://schema.management.azure.com/providers/Microsoft.Logic/schemas/2016-06-01/workflowdefinition.json#",
      "contentVersion": "1.0.0.0",
      "parameters": {
        "$connections": {
          "defaultValue": {},
          "type": "Object"
        },
        "$authentication": {
          "defaultValue": {},
          "type": "SecureObject"
        },
        "BPM Site (cr93e_BPMSite)": {
          "defaultValue": "https://eurocontrol.sharepoint.com/sites/HRSADEV",
          "type": "String",
          "metadata": {
            "schemaName": "cr93e_BPMSite"
          }
        },
        "BPM Cases (cr93e_BPMCases)": {
          "defaultValue": "28007d72-bc53-410a-b713-409478508462",
          "type": "String",
          "metadata": {
            "schemaName": "cr93e_BPMCases"
          }
        }
      },
      "triggers": {
        "manual": {
          "metadata": {
            "operationMetadataId": "e720e24d-3a01-43e5-ba70-14aca87b4814"
          },
          "type": "Request",
          "kind": "Button",
          "inputs": {
            "schema": {
              "type": "object",
              "properties": {
                "text": {
                  "title": "CaseID",
                  "type": "string",
                  "x-ms-dynamically-added": true,
                  "description": "Please enter your input",
                  "x-ms-content-hint": "TEXT"
                }
              },
              "required": [
                "text"
              ]
            }
          }
        }
      },
      "actions": {
        "CaseID": {
          "runAfter": {},
          "metadata": {
            "operationMetadataId": "8f446692-bafc-4bdc-95e4-0e6e983d5f6d"
          },
          "type": "Compose",
          "inputs": "@triggerBody()['text']"
        },
        "Initialize_variable_RequestListGuid": {
          "runAfter": {
            "CaseID": [
              "Succeeded"
            ]
          },
          "metadata": {
            "operationMetadataId": "678de636-bd80-44d8-b71e-90302e8af32b"
          },
          "type": "InitializeVariable",
          "inputs": {
            "variables": [
              {
                "name": "RequestListGuid",
                "type": "string"
              }
            ]
          }
        },
        "Initialize_variable_RequestId": {
          "runAfter": {
            "Initialize_variable_RequestListGuid": [
              "Succeeded"
            ]
          },
          "metadata": {
            "operationMetadataId": "243a20dd-4a42-44eb-bfcb-1070082bf808"
          },
          "type": "InitializeVariable",
          "inputs": {
            "variables": [
              {
                "name": "RequestId",
                "type": "string"
              }
            ]
          }
        },
        "Respond_to_a_PowerApp_or_flow": {
          "runAfter": {
            "Catch": [
              "Succeeded",
              "Failed",
              "Skipped",
              "TimedOut"
            ]
          },
          "metadata": {
            "operationMetadataId": "c472b20a-6f57-4ace-8304-1f54d0187f40"
          },
          "type": "Response",
          "kind": "PowerApp",
          "inputs": {
            "statusCode": 200,
            "body": {
              "requestlistguid": "@variables('RequestListGuid')",
              "requestid": "@variables('RequestId')"
            },
            "schema": {
              "type": "object",
              "properties": {
                "requestlistguid": {
                  "title": "RequestListGuid",
                  "x-ms-dynamically-added": true,
                  "type": "string"
                },
                "requestid": {
                  "title": "RequestId",
                  "x-ms-dynamically-added": true,
                  "type": "string"
                }
              }
            }
          }
        },
        "Try": {
          "actions": {
            "Get_items_-_Cases": {
              "runAfter": {},
              "metadata": {
                "operationMetadataId": "e6378814-d50a-4e45-aa59-d259ed0db518"
              },
              "type": "OpenApiConnection",
              "inputs": {
                "host": {
                  "connectionName": "shared_sharepointonline_1",
                  "operationId": "GetItems",
                  "apiId": "/providers/Microsoft.PowerApps/apis/shared_sharepointonline"
                },
                "parameters": {
                  "dataset": "@parameters('BPM Site (cr93e_BPMSite)')",
                  "table": "@parameters('BPM Cases (cr93e_BPMCases)')",
                  "$filter": "CaseID eq '@{outputs('CaseID')}'"
                },
                "authentication": {
                  "type": "Raw",
                  "value": "@json(decodeBase64(triggerOutputs().headers['X-MS-APIM-Tokens']))['$ConnectionKey']"
                }
              }
            },
            "Apply_to_each": {
              "foreach": "@outputs('Get_items_-_Cases')?['body/value']",
              "actions": {
                "Set_variable_RequestListGuid": {
                  "runAfter": {},
                  "metadata": {
                    "operationMetadataId": "2f7b3b36-5c43-4a9b-8041-18f203797028"
                  },
                  "type": "SetVariable",
                  "inputs": {
                    "name": "RequestListGuid",
                    "value": "@items('Apply_to_each')?['RequestListGuid']"
                  }
                },
                "Set_variable_RequestId": {
                  "runAfter": {
                    "Set_variable_RequestListGuid": [
                      "Succeeded"
                    ]
                  },
                  "metadata": {
                    "operationMetadataId": "71f12fd7-d242-4b47-ab3a-2e6ecb548bc3"
                  },
                  "type": "SetVariable",
                  "inputs": {
                    "name": "RequestId",
                    "value": "@items('Apply_to_each')?['RequestId']"
                  }
                }
              },
              "runAfter": {
                "Get_items_-_Cases": [
                  "Succeeded"
                ]
              },
              "metadata": {
                "operationMetadataId": "5e2eeec4-31bc-4b1c-a723-97390e00fe7e"
              },
              "type": "Foreach"
            }
          },
          "runAfter": {
            "Initialize_variable_RequestId": [
              "Succeeded"
            ]
          },
          "metadata": {
            "operationMetadataId": "dd5fc218-9a86-4a2f-ba1c-1b2724559d01"
          },
          "type": "Scope"
        },
        "Catch": {
          "actions": {
            "Run_a_Child_Flow_-_BPM_Toolkit_-_Log_Flow_Error": {
              "runAfter": {},
              "metadata": {
                "operationMetadataId": "eb9c8c15-cf92-4ad1-ba20-e94a65ada724"
              },
              "type": "Workflow",
              "inputs": {
                "host": {
                  "workflowReferenceName": "01389840-615e-eb11-a812-0022489c791b"
                },
                "body": {
                  "text": "@string(result('Try'))",
                  "text_1": "@string(workflow())",
                  "text_2": "@outputs('CaseID')"
                }
              }
            }
          },
          "runAfter": {
            "Try": [
              "Failed",
              "Skipped",
              "TimedOut"
            ]
          },
          "metadata": {
            "operationMetadataId": "0e5ebc5b-89f0-45e8-8b53-650d3312ae48"
          },
          "type": "Scope"
        }
      },
      "outputs": {}
    }
  },
  "schemaVersion": "1.0.0.0"
}