{
  "properties": {
    "connectionReferences": {
      "shared_sharepointonline": {
        "runtimeSource": "embedded",
        "connection": {
          "connectionReferenceLogicalName": "cr93e_BPMToolkitSPConnectionref"
        },
        "api": {
          "name": "shared_sharepointonline"
        }
      },
      "shared_sharepointonline_2": {
        "runtimeSource": "embedded",
        "connection": {
          "connectionReferenceLogicalName": "cr93e_BPMToolkitSPConnectionref4"
        },
        "api": {
          "name": "shared_sharepointonline"
        }
      }
    },
    "definition": {
      "$schema": "https://schema.management.azure.com/providers/Microsoft.Logic/schemas/2016-06-01/workflowdefinition.json#",
      "contentVersion": "1.0.0.0",
      "parameters": {
        "$connections": {
          "defaultValue": {},
          "type": "Object"
        },
        "$authentication": {
          "defaultValue": {},
          "type": "SecureObject"
        },
        "BPM Site (cr93e_BPMSite)": {
          "defaultValue": "https://eurocontrol.sharepoint.com/sites/HRSADEV",
          "type": "String",
          "metadata": {
            "schemaName": "cr93e_BPMSite"
          }
        },
        "BPM Internal Messages (cr93e_BPMInternalMessages)": {
          "defaultValue": "3a99c539-0aeb-40b4-835c-dcdc5dbe7541",
          "type": "String",
          "metadata": {
            "schemaName": "cr93e_BPMInternalMessages"
          }
        },
        "BPM Case Lifecycle (cr93e_BPMCaseLifecycle)": {
          "defaultValue": "f3de391d-6402-4616-9078-14cf2ca00a7d",
          "type": "String",
          "metadata": {
            "schemaName": "cr93e_BPMCaseLifecycle"
          }
        },
        "BPM Case Workflows (cr93e_BPMCaseWorkflows)": {
          "defaultValue": "2571f93f-d1d5-4c2f-9fea-6739d8cedebc",
          "type": "String",
          "metadata": {
            "schemaName": "cr93e_BPMCaseWorkflows"
          }
        },
        "BPM Cases (cr93e_BPMCases)": {
          "defaultValue": "28007d72-bc53-410a-b713-409478508462",
          "type": "String",
          "metadata": {
            "schemaName": "cr93e_BPMCases"
          }
        }
      },
      "triggers": {
        "manual": {
          "metadata": {
            "operationMetadataId": "cda756f6-b91f-429f-9b4a-8b256b43476c"
          },
          "type": "Request",
          "kind": "Button",
          "inputs": {
            "schema": {
              "type": "object",
              "properties": {
                "text": {
                  "title": "CaseID",
                  "type": "string",
                  "x-ms-dynamically-added": true,
                  "description": "Please enter your input",
                  "x-ms-content-hint": "TEXT"
                },
                "text_1": {
                  "title": "Actor",
                  "type": "string",
                  "x-ms-dynamically-added": true,
                  "description": "Please enter your input",
                  "x-ms-content-hint": "TEXT"
                }
              },
              "required": [
                "text",
                "text_1"
              ]
            }
          }
        }
      },
      "actions": {
        "CaseID": {
          "runAfter": {},
          "metadata": {
            "operationMetadataId": "9beae0b5-621e-495d-b251-79906c95b36a"
          },
          "type": "Compose",
          "inputs": "@triggerBody()['text']"
        },
        "Respond_to_a_PowerApp_or_flow": {
          "runAfter": {
            "Catch": [
              "Succeeded",
              "Failed",
              "Skipped",
              "TimedOut"
            ]
          },
          "metadata": {
            "operationMetadataId": "8daf6fce-69bc-4a01-b2a4-757332c1158f"
          },
          "type": "Response",
          "kind": "PowerApp",
          "inputs": {
            "statusCode": 200,
            "body": {
              "returncode": "200",
              "returnmessage": " "
            },
            "schema": {
              "type": "object",
              "properties": {
                "returncode": {
                  "title": "ReturnCode",
                  "x-ms-dynamically-added": true,
                  "type": "string"
                },
                "returnmessage": {
                  "title": "ReturnMessage",
                  "x-ms-dynamically-added": true,
                  "type": "string"
                }
              }
            }
          }
        },
        "Initialize_variable_requestInfoForAudit": {
          "runAfter": {
            "CaseID": [
              "Succeeded"
            ]
          },
          "metadata": {
            "operationMetadataId": "f5f9dfbe-d059-44e6-ae05-613b377efe02"
          },
          "type": "InitializeVariable",
          "inputs": {
            "variables": [
              {
                "name": "RequestInfoForAudit",
                "type": "string"
              }
            ]
          }
        },
        "Try": {
          "actions": {
            "Delete_Case_Lifecycle": {
              "actions": {
                "Get_items_-_Case_Lifecycle": {
                  "runAfter": {},
                  "metadata": {
                    "operationMetadataId": "f96c8373-a395-4d02-b6bb-ec8574ec5d97"
                  },
                  "type": "OpenApiConnection",
                  "inputs": {
                    "host": {
                      "connectionName": "shared_sharepointonline",
                      "operationId": "GetItems",
                      "apiId": "/providers/Microsoft.PowerApps/apis/shared_sharepointonline"
                    },
                    "parameters": {
                      "dataset": "@parameters('BPM Site (cr93e_BPMSite)')",
                      "table": "@parameters('BPM Case Lifecycle (cr93e_BPMCaseLifecycle)')",
                      "$filter": "CaseID eq '@{outputs('CaseID')}'"
                    },
                    "authentication": {
                      "type": "Raw",
                      "value": "@json(decodeBase64(triggerOutputs().headers['X-MS-APIM-Tokens']))['$ConnectionKey']"
                    }
                  }
                },
                "Apply_to_each_Case_Lifecycle": {
                  "foreach": "@outputs('Get_items_-_Case_Lifecycle')?['body/value']",
                  "actions": {
                    "Delete_item_-_Case_Lifecycle": {
                      "runAfter": {},
                      "metadata": {
                        "operationMetadataId": "ead68711-09d5-4ca0-b796-6f46b40a1ea7"
                      },
                      "type": "OpenApiConnection",
                      "inputs": {
                        "host": {
                          "connectionName": "shared_sharepointonline",
                          "operationId": "DeleteItem",
                          "apiId": "/providers/Microsoft.PowerApps/apis/shared_sharepointonline"
                        },
                        "parameters": {
                          "dataset": "@parameters('BPM Site (cr93e_BPMSite)')",
                          "table": "@parameters('BPM Case Lifecycle (cr93e_BPMCaseLifecycle)')",
                          "id": "@items('Apply_to_each_Case_Lifecycle')?['ID']"
                        },
                        "authentication": {
                          "type": "Raw",
                          "value": "@json(decodeBase64(triggerOutputs().headers['X-MS-APIM-Tokens']))['$ConnectionKey']"
                        }
                      }
                    }
                  },
                  "runAfter": {
                    "Get_items_-_Case_Lifecycle": [
                      "Succeeded"
                    ]
                  },
                  "metadata": {
                    "operationMetadataId": "8a540386-3913-429c-a0c5-99da7c65bc35"
                  },
                  "type": "Foreach",
                  "runtimeConfiguration": {
                    "concurrency": {
                      "repetitions": 20
                    }
                  }
                }
              },
              "runAfter": {},
              "metadata": {
                "operationMetadataId": "58b272b0-83cb-47f8-bf9a-35a9c2d69d3d"
              },
              "type": "Scope"
            },
            "Delete_Case_Workflow": {
              "actions": {
                "Get_items_-__Case_Workflows": {
                  "runAfter": {},
                  "metadata": {
                    "operationMetadataId": "1908c6cc-fcc2-49a2-a9fb-e131811fb4f4"
                  },
                  "type": "OpenApiConnection",
                  "inputs": {
                    "host": {
                      "connectionName": "shared_sharepointonline",
                      "operationId": "GetItems",
                      "apiId": "/providers/Microsoft.PowerApps/apis/shared_sharepointonline"
                    },
                    "parameters": {
                      "dataset": "@parameters('BPM Site (cr93e_BPMSite)')",
                      "table": "@parameters('BPM Case Workflows (cr93e_BPMCaseWorkflows)')",
                      "$filter": "CaseID eq '@{outputs('CaseID')}'"
                    },
                    "authentication": {
                      "type": "Raw",
                      "value": "@json(decodeBase64(triggerOutputs().headers['X-MS-APIM-Tokens']))['$ConnectionKey']"
                    }
                  }
                },
                "Apply_to_each_Case_Workflow": {
                  "foreach": "@outputs('Get_items_-__Case_Workflows')?['body/value']",
                  "actions": {
                    "Delete_item_-_workflow_Trace": {
                      "runAfter": {},
                      "metadata": {
                        "operationMetadataId": "040b677d-a31b-44b0-a335-7d564c6246dc"
                      },
                      "type": "OpenApiConnection",
                      "inputs": {
                        "host": {
                          "connectionName": "shared_sharepointonline",
                          "operationId": "DeleteItem",
                          "apiId": "/providers/Microsoft.PowerApps/apis/shared_sharepointonline"
                        },
                        "parameters": {
                          "dataset": "@parameters('BPM Site (cr93e_BPMSite)')",
                          "table": "@parameters('BPM Case Workflows (cr93e_BPMCaseWorkflows)')",
                          "id": "@items('Apply_to_each_Case_Workflow')?['ID']"
                        },
                        "authentication": {
                          "type": "Raw",
                          "value": "@json(decodeBase64(triggerOutputs().headers['X-MS-APIM-Tokens']))['$ConnectionKey']"
                        }
                      }
                    }
                  },
                  "runAfter": {
                    "Get_items_-__Case_Workflows": [
                      "Succeeded"
                    ]
                  },
                  "metadata": {
                    "operationMetadataId": "faa5cd24-fc29-485c-821e-27c0b66a955a"
                  },
                  "type": "Foreach"
                }
              },
              "runAfter": {
                "Delete_Case_Lifecycle": [
                  "Succeeded"
                ]
              },
              "metadata": {
                "operationMetadataId": "cb7ffb23-fb34-476f-bb8f-dfbc221c5e77"
              },
              "type": "Scope"
            },
            "Delete_Associated_Request": {
              "actions": {
                "Get_items_-_Case_2": {
                  "runAfter": {},
                  "metadata": {
                    "operationMetadataId": "b6bcb2e4-97ad-482d-8ce1-cf5e85e17384"
                  },
                  "type": "OpenApiConnection",
                  "inputs": {
                    "host": {
                      "connectionName": "shared_sharepointonline",
                      "operationId": "GetItems",
                      "apiId": "/providers/Microsoft.PowerApps/apis/shared_sharepointonline"
                    },
                    "parameters": {
                      "dataset": "@parameters('BPM Site (cr93e_BPMSite)')",
                      "table": "@parameters('BPM Cases (cr93e_BPMCases)')",
                      "$filter": "CaseID eq '@{outputs('CaseID')}'",
                      "$top": 1
                    },
                    "authentication": {
                      "type": "Raw",
                      "value": "@json(decodeBase64(triggerOutputs().headers['X-MS-APIM-Tokens']))['$ConnectionKey']"
                    }
                  }
                },
                "Apply_to_each_2": {
                  "foreach": "@outputs('Get_items_-_Case_2')?['body/value']",
                  "actions": {
                    "Request_ID": {
                      "runAfter": {},
                      "metadata": {
                        "operationMetadataId": "9a9768fc-f41d-469f-bd85-2b09cb93cae0"
                      },
                      "type": "Compose",
                      "inputs": "@items('Apply_to_each_2')?['RequestId']"
                    },
                    "Condition": {
                      "actions": {
                        "Delete_item_-_Case_-_In_Request_List": {
                          "runAfter": {},
                          "metadata": {
                            "operationMetadataId": "3c17a69e-e031-4182-ad83-8f08ea565d72"
                          },
                          "type": "OpenApiConnection",
                          "inputs": {
                            "host": {
                              "connectionName": "shared_sharepointonline",
                              "operationId": "DeleteItem",
                              "apiId": "/providers/Microsoft.PowerApps/apis/shared_sharepointonline"
                            },
                            "parameters": {
                              "dataset": "@parameters('BPM Site (cr93e_BPMSite)')",
                              "table": "@items('Apply_to_each_2')?['RequestListGuid']",
                              "id": "@outputs('Request_ID')"
                            },
                            "authentication": {
                              "type": "Raw",
                              "value": "@json(decodeBase64(triggerOutputs().headers['X-MS-APIM-Tokens']))['$ConnectionKey']"
                            }
                          }
                        }
                      },
                      "runAfter": {
                        "Request_ID": [
                          "Succeeded"
                        ]
                      },
                      "expression": {
                        "equals": [
                          "@empty(outputs('Request_ID'))",
                          false
                        ]
                      },
                      "metadata": {
                        "operationMetadataId": "0b73e9ea-5765-475c-b725-0cd8399c830a"
                      },
                      "type": "If"
                    }
                  },
                  "runAfter": {
                    "Get_items_-_Case_2": [
                      "Succeeded"
                    ]
                  },
                  "metadata": {
                    "operationMetadataId": "3df07c95-fa79-41d4-ad2f-781d3497536e"
                  },
                  "type": "Foreach"
                }
              },
              "runAfter": {
                "Delete_Case_Workflow": [
                  "Succeeded"
                ]
              },
              "metadata": {
                "operationMetadataId": "ba0ab425-21be-4e3e-9c42-3a02fb0ff4ad"
              },
              "type": "Scope"
            },
            "Delete_Case": {
              "actions": {
                "Get_items_-_Case": {
                  "runAfter": {},
                  "metadata": {
                    "operationMetadataId": "0a27760c-d819-4aa1-9997-63f9cdec8314"
                  },
                  "type": "OpenApiConnection",
                  "inputs": {
                    "host": {
                      "connectionName": "shared_sharepointonline",
                      "operationId": "GetItems",
                      "apiId": "/providers/Microsoft.PowerApps/apis/shared_sharepointonline"
                    },
                    "parameters": {
                      "dataset": "@parameters('BPM Site (cr93e_BPMSite)')",
                      "table": "@parameters('BPM Cases (cr93e_BPMCases)')",
                      "$filter": "CaseID eq '@{outputs('CaseID')}'",
                      "$top": 1
                    },
                    "authentication": {
                      "type": "Raw",
                      "value": "@json(decodeBase64(triggerOutputs().headers['X-MS-APIM-Tokens']))['$ConnectionKey']"
                    }
                  }
                },
                "Apply_to_each": {
                  "foreach": "@outputs('Get_items_-_Case')?['body/value']",
                  "actions": {
                    "Set_variable_RequestInfoForAudit": {
                      "runAfter": {},
                      "metadata": {
                        "operationMetadataId": "2d1f1ead-0b6c-4719-b803-a51a57832e03"
                      },
                      "type": "SetVariable",
                      "inputs": {
                        "name": "RequestInfoForAudit",
                        "value": "Case descr: @{items('Apply_to_each')?['CaseDescr']}; Case Status:@{items('Apply_to_each')?['CaseSubmissionStatus']}"
                      }
                    },
                    "Delete_item_-_Case": {
                      "runAfter": {
                        "Set_variable_RequestInfoForAudit": [
                          "Succeeded"
                        ]
                      },
                      "metadata": {
                        "operationMetadataId": "bda460ec-f056-4205-acda-4899489a8f13"
                      },
                      "type": "OpenApiConnection",
                      "inputs": {
                        "host": {
                          "connectionName": "shared_sharepointonline",
                          "operationId": "DeleteItem",
                          "apiId": "/providers/Microsoft.PowerApps/apis/shared_sharepointonline"
                        },
                        "parameters": {
                          "dataset": "@parameters('BPM Site (cr93e_BPMSite)')",
                          "table": "@parameters('BPM Cases (cr93e_BPMCases)')",
                          "id": "@items('Apply_to_each')?['ID']"
                        },
                        "authentication": {
                          "type": "Raw",
                          "value": "@json(decodeBase64(triggerOutputs().headers['X-MS-APIM-Tokens']))['$ConnectionKey']"
                        }
                      }
                    }
                  },
                  "runAfter": {
                    "Get_items_-_Case": [
                      "Succeeded"
                    ]
                  },
                  "metadata": {
                    "operationMetadataId": "3e706a82-ab5d-43e7-ade0-f5eb849a92cb"
                  },
                  "type": "Foreach"
                }
              },
              "runAfter": {
                "Delete_Associated_Request": [
                  "Succeeded"
                ]
              },
              "metadata": {
                "operationMetadataId": "c4e2ec63-01b4-4a8b-8f7e-51fe8432c309"
              },
              "type": "Scope"
            },
            "Run_a_Child_Flow_-_Audit_log": {
              "runAfter": {
                "Remove_Internal_Messages": [
                  "Succeeded"
                ]
              },
              "metadata": {
                "operationMetadataId": "fbbd0deb-9dff-4e91-8f21-61935f9d8144"
              },
              "type": "Workflow",
              "inputs": {
                "host": {
                  "workflowReferenceName": "7d601ab2-a0b3-ea11-a812-000d3a45b556"
                },
                "body": {
                  "text": "@outputs('CaseID')",
                  "text_1": "@{triggerBody()['text_1']} has deleted the request @{outputs('CaseID')}",
                  "text_2": "5",
                  "text_3": "@triggerBody()['text_1']"
                }
              }
            },
            "Remove_Internal_Messages": {
              "actions": {
                "Get_items_-_Internal_Messages": {
                  "runAfter": {},
                  "metadata": {
                    "operationMetadataId": "60978b19-8483-447d-a0ed-f3bae042ecc4"
                  },
                  "type": "OpenApiConnection",
                  "inputs": {
                    "host": {
                      "connectionName": "shared_sharepointonline_2",
                      "operationId": "GetItems",
                      "apiId": "/providers/Microsoft.PowerApps/apis/shared_sharepointonline"
                    },
                    "parameters": {
                      "dataset": "@parameters('BPM Site (cr93e_BPMSite)')",
                      "table": "@parameters('BPM Internal Messages (cr93e_BPMInternalMessages)')",
                      "$filter": "CaseID eq '@{outputs('CaseID')}'"
                    },
                    "authentication": {
                      "type": "Raw",
                      "value": "@json(decodeBase64(triggerOutputs().headers['X-MS-APIM-Tokens']))['$ConnectionKey']"
                    }
                  }
                },
                "Apply_to_each_Internal_Message": {
                  "foreach": "@outputs('Get_items_-_Internal_Messages')?['body/value']",
                  "actions": {
                    "Delete_item_-_Internal_Message": {
                      "runAfter": {},
                      "metadata": {
                        "operationMetadataId": "6e36cdc6-f36a-47b1-bf84-f0a75d7dbd24"
                      },
                      "type": "OpenApiConnection",
                      "inputs": {
                        "host": {
                          "connectionName": "shared_sharepointonline_2",
                          "operationId": "DeleteItem",
                          "apiId": "/providers/Microsoft.PowerApps/apis/shared_sharepointonline"
                        },
                        "parameters": {
                          "dataset": "@parameters('BPM Site (cr93e_BPMSite)')",
                          "table": "@parameters('BPM Internal Messages (cr93e_BPMInternalMessages)')",
                          "id": "@items('Apply_to_each_Internal_Message')?['ID']"
                        },
                        "authentication": {
                          "type": "Raw",
                          "value": "@json(decodeBase64(triggerOutputs().headers['X-MS-APIM-Tokens']))['$ConnectionKey']"
                        }
                      }
                    }
                  },
                  "runAfter": {
                    "Get_items_-_Internal_Messages": [
                      "Succeeded"
                    ]
                  },
                  "metadata": {
                    "operationMetadataId": "d5b4c4c4-969c-488b-98cc-018d1918adf9"
                  },
                  "type": "Foreach"
                }
              },
              "runAfter": {
                "Delete_Case": [
                  "Succeeded"
                ]
              },
              "metadata": {
                "operationMetadataId": "3bb76ad0-2c04-4d37-8ed0-cbf45309de4a"
              },
              "type": "Scope"
            }
          },
          "runAfter": {
            "Initialize_variable_requestInfoForAudit": [
              "Succeeded"
            ]
          },
          "metadata": {
            "operationMetadataId": "2a2110fc-e642-4097-bac3-578b4ea9c0f6"
          },
          "type": "Scope"
        },
        "Catch": {
          "actions": {
            "Run_a_Child_Flow_-_Log_Flow_Error": {
              "runAfter": {},
              "metadata": {
                "operationMetadataId": "0afd6d1f-02b5-48d8-a13f-f82eeef8ac80"
              },
              "type": "Workflow",
              "inputs": {
                "host": {
                  "workflowReferenceName": "01389840-615e-eb11-a812-0022489c791b"
                },
                "body": {
                  "text": "@string(result('Try'))",
                  "text_1": "@string(workflow())",
                  "text_2": "@outputs('CaseID')"
                }
              }
            }
          },
          "runAfter": {
            "Try": [
              "Failed",
              "Skipped",
              "TimedOut"
            ]
          },
          "metadata": {
            "operationMetadataId": "70c29414-be77-40ac-ae58-7e5080fdde37"
          },
          "type": "Scope"
        }
      },
      "outputs": {}
    }
  },
  "schemaVersion": "1.0.0.0"
}