{
  "properties": {
    "connectionReferences": {
      "shared_sharepointonline": {
        "runtimeSource": "embedded",
        "connection": {
          "connectionReferenceLogicalName": "cr93e_BPMToolkitSPConnectionref"
        },
        "api": {
          "name": "shared_sharepointonline"
        }
      }
    },
    "definition": {
      "$schema": "https://schema.management.azure.com/providers/Microsoft.Logic/schemas/2016-06-01/workflowdefinition.json#",
      "contentVersion": "1.0.0.0",
      "parameters": {
        "$connections": {
          "defaultValue": {},
          "type": "Object"
        },
        "$authentication": {
          "defaultValue": {},
          "type": "SecureObject"
        },
        "BPM Site (cr93e_BPMSite)": {
          "defaultValue": "https://eurocontrol.sharepoint.com/sites/HRSADEV",
          "type": "String",
          "metadata": {
            "schemaName": "cr93e_BPMSite"
          }
        },
        "BPM Case Lifecycle (cr93e_BPMCaseLifecycle)": {
          "defaultValue": "f3de391d-6402-4616-9078-14cf2ca00a7d",
          "type": "String",
          "metadata": {
            "schemaName": "cr93e_BPMCaseLifecycle"
          }
        }
      },
      "triggers": {
        "manual": {
          "metadata": {
            "operationMetadataId": "c28b6479-59d8-4f9c-adb9-6a7838491e6b"
          },
          "type": "Request",
          "kind": "Button",
          "inputs": {
            "schema": {
              "type": "object",
              "properties": {
                "text": {
                  "title": "CaseID",
                  "type": "string",
                  "x-ms-dynamically-added": true,
                  "description": "Please enter your input",
                  "x-ms-content-hint": "TEXT"
                },
                "text_1": {
                  "title": "NewStatus",
                  "type": "string",
                  "x-ms-dynamically-added": true,
                  "description": "Please enter your input",
                  "x-ms-content-hint": "TEXT"
                },
                "text_2": {
                  "title": "Step",
                  "type": "string",
                  "x-ms-dynamically-added": true,
                  "description": "Please enter your input",
                  "x-ms-content-hint": "TEXT"
                },
                "text_3": {
                  "title": "NewComment",
                  "type": "string",
                  "x-ms-dynamically-added": true,
                  "description": "Please enter your input",
                  "x-ms-content-hint": "TEXT"
                },
                "text_4": {
                  "title": "Actor",
                  "type": "string",
                  "x-ms-dynamically-added": true,
                  "description": "Please enter your input",
                  "x-ms-content-hint": "TEXT"
                }
              },
              "required": [
                "text",
                "text_1",
                "text_2",
                "text_3",
                "text_4"
              ]
            }
          }
        }
      },
      "actions": {
        "CaseID": {
          "runAfter": {},
          "metadata": {
            "operationMetadataId": "f633fb0b-376c-47bc-9d59-4b473c4810d5"
          },
          "type": "Compose",
          "inputs": "@triggerBody()['text']"
        },
        "NewStatus": {
          "runAfter": {
            "CaseID": [
              "Succeeded"
            ]
          },
          "metadata": {
            "operationMetadataId": "90ed1e53-ad41-4bcc-8b42-16bed56c0c8e"
          },
          "type": "Compose",
          "inputs": "@triggerBody()['text_1']"
        },
        "Try": {
          "actions": {
            "Get_items_-_Case_Lifecycle": {
              "runAfter": {},
              "metadata": {
                "operationMetadataId": "9a8de7e3-049d-438c-a1c1-063740aeaba3"
              },
              "type": "OpenApiConnection",
              "inputs": {
                "host": {
                  "connectionName": "shared_sharepointonline",
                  "operationId": "GetItems",
                  "apiId": "/providers/Microsoft.PowerApps/apis/shared_sharepointonline"
                },
                "parameters": {
                  "dataset": "@parameters('BPM Site (cr93e_BPMSite)')",
                  "table": "@parameters('BPM Case Lifecycle (cr93e_BPMCaseLifecycle)')",
                  "$filter": "CaseID eq '@{outputs('CaseID')}' and Step eq '@{outputs('Step')}'",
                  "$top": 1
                },
                "authentication": {
                  "type": "Raw",
                  "value": "@json(decodeBase64(triggerOutputs().headers['X-MS-APIM-Tokens']))['$ConnectionKey']"
                }
              }
            },
            "Apply_to_each_Case_Lifecycle": {
              "foreach": "@outputs('Get_items_-_Case_Lifecycle')?['body/value']",
              "actions": {
                "Switch_check_Feedback_or_Approval": {
                  "runAfter": {},
                  "cases": {
                    "Feedback": {
                      "case": "Feedback",
                      "actions": {
                        "Check_if_it_is_Positive": {
                          "actions": {
                            "Set_variable_NewStatusInLifecycle_": {
                              "runAfter": {},
                              "type": "SetVariable",
                              "inputs": {
                                "name": "NewStatusInLifecycle",
                                "value": "Positive"
                              }
                            }
                          },
                          "runAfter": {},
                          "else": {
                            "actions": {
                              "Set_variable_NewStatusInLifecycle": {
                                "runAfter": {},
                                "type": "SetVariable",
                                "inputs": {
                                  "name": "NewStatusInLifecycle",
                                  "value": "Negative"
                                }
                              }
                            }
                          },
                          "expression": {
                            "or": [
                              {
                                "equals": [
                                  "@outputs('NewStatus')",
                                  "Approved"
                                ]
                              },
                              {
                                "equals": [
                                  "@outputs('Compose')",
                                  "Positive"
                                ]
                              }
                            ]
                          },
                          "type": "If"
                        }
                      }
                    },
                    "Approval": {
                      "case": "Approval",
                      "actions": {
                        "Check_if_it_is_Approved": {
                          "actions": {
                            "Set_variable_NewStatusInLifecycle_to_Approved": {
                              "runAfter": {},
                              "type": "SetVariable",
                              "inputs": {
                                "name": "NewStatusInLifecycle",
                                "value": "Approved"
                              }
                            }
                          },
                          "runAfter": {},
                          "else": {
                            "actions": {
                              "Set_variable_NewStatusInLifecycle_to_Rejected": {
                                "runAfter": {},
                                "type": "SetVariable",
                                "inputs": {
                                  "name": "NewStatusInLifecycle",
                                  "value": "Rejected"
                                }
                              }
                            }
                          },
                          "expression": {
                            "or": [
                              {
                                "equals": [
                                  "@outputs('NewStatus')",
                                  "Approved"
                                ]
                              },
                              {
                                "equals": [
                                  "@outputs('NewStatus')",
                                  "Positive"
                                ]
                              }
                            ]
                          },
                          "type": "If"
                        }
                      }
                    },
                    "CallWorkflow": {
                      "case": "CallWorkflow",
                      "actions": {
                        "Set_variable_NewStatusLifecycle_to_WorkflowExecuted": {
                          "runAfter": {},
                          "type": "SetVariable",
                          "inputs": {
                            "name": "NewStatusInLifecycle",
                            "value": "WorkflowExecuted"
                          }
                        },
                        "Condition_2": {
                          "actions": {
                            "Set_variable_NewStatusInLifecycle__2": {
                              "runAfter": {},
                              "type": "SetVariable",
                              "inputs": {
                                "name": "NewStatusInLifecycle",
                                "value": "Positive"
                              }
                            }
                          },
                          "runAfter": {
                            "Set_variable_NewStatusLifecycle_to_WorkflowExecuted": [
                              "Succeeded"
                            ]
                          },
                          "else": {
                            "actions": {
                              "Set_variable_NewStatusInLifecycle__3": {
                                "runAfter": {},
                                "type": "SetVariable",
                                "inputs": {
                                  "name": "NewStatusInLifecycle",
                                  "value": "Negative"
                                }
                              }
                            }
                          },
                          "expression": {
                            "or": [
                              {
                                "equals": [
                                  "@outputs('NewStatus')",
                                  "Positive"
                                ]
                              },
                              {
                                "equals": [
                                  "@outputs('NewStatus')",
                                  "Approved"
                                ]
                              }
                            ]
                          },
                          "type": "If"
                        }
                      }
                    },
                    "Case_ApprovalStop": {
                      "case": "ApprovalStop",
                      "actions": {
                        "Condition": {
                          "actions": {
                            "Set_variable_NewStatusInLifecycle_to_Approved_Stop": {
                              "runAfter": {},
                              "type": "SetVariable",
                              "inputs": {
                                "name": "NewStatusInLifecycle",
                                "value": "ApprovedStop"
                              }
                            }
                          },
                          "runAfter": {},
                          "else": {
                            "actions": {
                              "Set_variable_NewStatusInLifecycle_to_RejectedStop": {
                                "runAfter": {},
                                "type": "SetVariable",
                                "inputs": {
                                  "name": "NewStatusInLifecycle",
                                  "value": "RejectedStop"
                                }
                              }
                            }
                          },
                          "expression": {
                            "or": [
                              {
                                "equals": [
                                  "@outputs('NewStatus')",
                                  "Approved"
                                ]
                              },
                              {
                                "equals": [
                                  "@outputs('NewStatus')",
                                  "Positive"
                                ]
                              }
                            ]
                          },
                          "type": "If"
                        }
                      }
                    },
                    "ApproveStop": {
                      "case": "ApproveStop",
                      "actions": {
                        "Condition_3": {
                          "actions": {
                            "Set_variable_NewStatusInLifeCycle___": {
                              "runAfter": {},
                              "type": "SetVariable",
                              "inputs": {
                                "name": "NewStatusInLifecycle",
                                "value": "ApprovedStop"
                              }
                            }
                          },
                          "runAfter": {},
                          "else": {
                            "actions": {
                              "Set_variable_NewStatusInLifeCycle__": {
                                "runAfter": {},
                                "type": "SetVariable",
                                "inputs": {
                                  "name": "NewStatusInLifecycle",
                                  "value": "Negative"
                                }
                              }
                            }
                          },
                          "expression": {
                            "or": [
                              {
                                "equals": [
                                  "@outputs('NewStatus')",
                                  "Approved"
                                ]
                              },
                              {
                                "equals": [
                                  "@outputs('NewStatus')",
                                  "Positive"
                                ]
                              }
                            ]
                          },
                          "type": "If"
                        }
                      }
                    },
                    "RejectStop": {
                      "case": "RejectStop",
                      "actions": {
                        "Condition_4": {
                          "actions": {
                            "Set_variable": {
                              "runAfter": {},
                              "type": "SetVariable",
                              "inputs": {
                                "name": "NewStatusInLifecycle",
                                "value": "RejectedStop"
                              }
                            }
                          },
                          "runAfter": {},
                          "else": {
                            "actions": {
                              "Set_variable_2": {
                                "runAfter": {},
                                "type": "SetVariable",
                                "inputs": {
                                  "name": "NewStatusInLifecycle",
                                  "value": "Positive"
                                }
                              }
                            }
                          },
                          "expression": {
                            "or": [
                              {
                                "equals": [
                                  "@outputs('NewStatus')",
                                  "Rejected"
                                ]
                              },
                              {
                                "equals": [
                                  "@outputs('NewStatus')",
                                  "Negative"
                                ]
                              }
                            ]
                          },
                          "type": "If"
                        }
                      }
                    },
                    "Skipped": {
                      "case": "Skipped",
                      "actions": {
                        "Set_NewStatusInLifecycle": {
                          "runAfter": {},
                          "type": "SetVariable",
                          "inputs": {
                            "name": "NewStatusInLifecycle",
                            "value": "Skipped"
                          }
                        }
                      }
                    },
                    "SimpleTask": {
                      "case": "SimpleTask",
                      "actions": {
                        "Set_variable_NewStatusInLifecycle____": {
                          "runAfter": {},
                          "type": "SetVariable",
                          "inputs": {
                            "name": "NewStatusInLifecycle",
                            "value": "Positive"
                          }
                        }
                      }
                    }
                  },
                  "default": {
                    "actions": {}
                  },
                  "expression": "@items('Apply_to_each_Case_Lifecycle')?['TypeofactionExpected']",
                  "metadata": {
                    "operationMetadataId": "cd4e2c11-38d1-4f47-9798-34a59fc2f45d"
                  },
                  "type": "Switch"
                },
                "Set_variable_CaseStepId": {
                  "runAfter": {
                    "Run_a_Child_Flow_-_Workflow_Runtime_service_facade": [
                      "Succeeded"
                    ]
                  },
                  "metadata": {
                    "operationMetadataId": "5ccb5a01-9e7a-449c-be09-0ec065f40201"
                  },
                  "type": "SetVariable",
                  "inputs": {
                    "name": "CaseStepId",
                    "value": "@{outputs('Update_item_-_Case_Lifecycle')?['body/ID']}"
                  }
                },
                "Update_item_-_Case_Lifecycle": {
                  "runAfter": {
                    "Switch_check_Feedback_or_Approval": [
                      "Succeeded"
                    ]
                  },
                  "metadata": {
                    "operationMetadataId": "00a7de70-ccb0-4e20-9b03-891a64f4fe3b"
                  },
                  "type": "OpenApiConnection",
                  "inputs": {
                    "host": {
                      "connectionName": "shared_sharepointonline",
                      "operationId": "PatchItem",
                      "apiId": "/providers/Microsoft.PowerApps/apis/shared_sharepointonline"
                    },
                    "parameters": {
                      "dataset": "@parameters('BPM Site (cr93e_BPMSite)')",
                      "table": "@parameters('BPM Case Lifecycle (cr93e_BPMCaseLifecycle)')",
                      "id": "@items('Apply_to_each_Case_Lifecycle')?['ID']",
                      "item/CaseID": "@items('Apply_to_each_Case_Lifecycle')?['CaseID']",
                      "item/Comment": "@outputs('NewComment')",
                      "item/Ended": "@utcNow()",
                      "item/Status": "@variables('NewStatusInLifecycle')",
                      "item/StepVisibleByEndUser": "YES",
                      "item/TaskExecutedBy": "@coalesce(outputs('Actor'),'',outputs('Actor'))"
                    },
                    "authentication": {
                      "type": "Raw",
                      "value": "@json(decodeBase64(triggerOutputs().headers['X-MS-APIM-Tokens']))['$ConnectionKey']"
                    }
                  }
                },
                "Run_a_Child_Flow_-_Workflow_Runtime_service_facade": {
                  "runAfter": {
                    "Update_item_-_Case_Lifecycle": [
                      "Succeeded"
                    ]
                  },
                  "metadata": {
                    "operationMetadataId": "d74ddf6a-bee1-4766-ab48-b0b307fb4710"
                  },
                  "type": "Workflow",
                  "inputs": {
                    "host": {
                      "workflowReferenceName": "d2c0757f-6669-eb11-a812-0022489abfbf"
                    },
                    "body": {
                      "text": "@items('Apply_to_each_Case_Lifecycle')?['CaseID']",
                      "text_1": "@string(item()?['Step'])"
                    }
                  }
                }
              },
              "runAfter": {
                "Compose": [
                  "Succeeded"
                ]
              },
              "metadata": {
                "operationMetadataId": "7933fe90-4c79-426a-a28e-b9fbf522b066"
              },
              "type": "Foreach"
            },
            "Compose": {
              "runAfter": {
                "Get_items_-_Case_Lifecycle": [
                  "Succeeded"
                ]
              },
              "metadata": {
                "operationMetadataId": "2e472fe9-10c5-4c14-bbc1-80ef9f23785c"
              },
              "type": "Compose",
              "inputs": "@outputs('Get_items_-_Case_Lifecycle')?['body']"
            },
            "Make_sure_next_human_actor_has_permission": {
              "actions": {
                "Get_items_-_Case_Lifecycle_-_Following_human_Actors": {
                  "runAfter": {},
                  "metadata": {
                    "operationMetadataId": "ffb61f4b-c0d1-4383-8168-5e4de80cc02f"
                  },
                  "type": "OpenApiConnection",
                  "inputs": {
                    "host": {
                      "connectionName": "shared_sharepointonline",
                      "operationId": "GetItems",
                      "apiId": "/providers/Microsoft.PowerApps/apis/shared_sharepointonline"
                    },
                    "parameters": {
                      "dataset": "@parameters('BPM Site (cr93e_BPMSite)')",
                      "table": "@parameters('BPM Case Lifecycle (cr93e_BPMCaseLifecycle)')",
                      "$filter": "CaseID eq '@{outputs('CaseID')}' and Step gt '@{outputs('Step')}' and substringof('@', Actor) "
                    },
                    "authentication": {
                      "type": "Raw",
                      "value": "@json(decodeBase64(triggerOutputs().headers['X-MS-APIM-Tokens']))['$ConnectionKey']"
                    }
                  }
                },
                "Apply_to_each_Next_Human_Actor": {
                  "foreach": "@outputs('Get_items_-_Case_Lifecycle_-_Following_human_Actors')?['body/value']",
                  "actions": {
                    "Grant_access_to_an_item_or_a_folder": {
                      "runAfter": {},
                      "metadata": {
                        "operationMetadataId": "49aa59f8-dbc1-48ef-b73a-2d1b6a8b43b2"
                      },
                      "type": "OpenApiConnection",
                      "inputs": {
                        "host": {
                          "connectionName": "shared_sharepointonline",
                          "operationId": "GrantAccess",
                          "apiId": "/providers/Microsoft.PowerApps/apis/shared_sharepointonline"
                        },
                        "parameters": {
                          "dataset": "@parameters('BPM Site (cr93e_BPMSite)')",
                          "table": "@parameters('BPM Case Lifecycle (cr93e_BPMCaseLifecycle)')",
                          "id": "@variables('CaseStepId')",
                          "parameter/recipients": "@items('Apply_to_each_Next_Human_Actor')?['Actor']",
                          "parameter/roleValue": "role:1073741826"
                        },
                        "authentication": {
                          "type": "Raw",
                          "value": "@json(decodeBase64(triggerOutputs().headers['X-MS-APIM-Tokens']))['$ConnectionKey']"
                        }
                      }
                    }
                  },
                  "runAfter": {
                    "Get_items_-_Case_Lifecycle_-_Following_human_Actors": [
                      "Succeeded"
                    ]
                  },
                  "metadata": {
                    "operationMetadataId": "4565aa1e-8d25-44fc-847e-a0ca372eaaed"
                  },
                  "type": "Foreach"
                }
              },
              "runAfter": {
                "Apply_to_each_Case_Lifecycle": [
                  "Succeeded"
                ]
              },
              "metadata": {
                "operationMetadataId": "87c15d19-d698-4cbd-88d7-bfe5257a13b6"
              },
              "type": "Scope"
            }
          },
          "runAfter": {
            "Respond_to_a_PowerApp_or_flow": [
              "Succeeded"
            ]
          },
          "metadata": {
            "operationMetadataId": "6cc5cbf5-8efc-4e88-8a8a-956009b2b21e"
          },
          "type": "Scope"
        },
        "Step": {
          "runAfter": {
            "NewStatus": [
              "Succeeded"
            ]
          },
          "metadata": {
            "operationMetadataId": "98dc21f9-4476-4de2-bc48-f8efa0f38543"
          },
          "type": "Compose",
          "inputs": "@triggerBody()['text_2']"
        },
        "NewComment": {
          "runAfter": {
            "Step": [
              "Succeeded"
            ]
          },
          "metadata": {
            "operationMetadataId": "b4521dc2-9ae2-46c8-ba32-fd0632c4c453"
          },
          "type": "Compose",
          "inputs": "@triggerBody()['text_3']"
        },
        "Actor": {
          "runAfter": {
            "NewComment": [
              "Succeeded"
            ]
          },
          "metadata": {
            "operationMetadataId": "f819745f-95d5-4664-b3eb-45168e4c86e3"
          },
          "type": "Compose",
          "inputs": "@triggerBody()['text_4']"
        },
        "Initialize_variable_NewStatusInLifecycle": {
          "runAfter": {
            "Actor": [
              "Succeeded"
            ]
          },
          "metadata": {
            "operationMetadataId": "f4af0f18-9338-43fd-ae7d-8cab57b56de5"
          },
          "type": "InitializeVariable",
          "inputs": {
            "variables": [
              {
                "name": "NewStatusInLifecycle",
                "type": "string"
              }
            ]
          }
        },
        "Initialize_variable_CaseStepId": {
          "runAfter": {
            "Initialize_variable_NewStatusInLifecycle": [
              "Succeeded"
            ]
          },
          "metadata": {
            "operationMetadataId": "8d94a2e5-e55b-47fd-a2dd-327fda061671"
          },
          "type": "InitializeVariable",
          "inputs": {
            "variables": [
              {
                "name": "CaseStepId",
                "type": "string"
              }
            ]
          }
        },
        "Respond_to_a_PowerApp_or_flow": {
          "runAfter": {
            "Initialize_variable_CaseStepId": [
              "Succeeded"
            ]
          },
          "metadata": {
            "operationMetadataId": "4c7cbe8c-55a0-4dc8-9fd2-d2c97c8ff0b9"
          },
          "type": "Response",
          "kind": "PowerApp",
          "inputs": {
            "statusCode": 200,
            "body": {},
            "schema": {
              "type": "object",
              "properties": {}
            }
          }
        },
        "Catch": {
          "actions": {
            "Run_a_Child_Flow_-_BPM_Toolkit_-_Log_Flow_Error": {
              "runAfter": {},
              "metadata": {
                "operationMetadataId": "ac3600f2-bd40-4804-8951-dc50b8c2a4c7"
              },
              "type": "Workflow",
              "inputs": {
                "host": {
                  "workflowReferenceName": "01389840-615e-eb11-a812-0022489c791b"
                },
                "body": {
                  "text": "@string(result('Try'))",
                  "text_1": "@string(workflow())",
                  "text_2": "@outputs('CaseID')"
                }
              }
            },
            "Terminate__": {
              "runAfter": {
                "Run_a_Child_Flow_-_BPM_Toolkit_-_Log_Flow_Error": [
                  "Succeeded"
                ]
              },
              "metadata": {
                "operationMetadataId": "565e64e4-f200-4cfd-a905-0601489d9ea3"
              },
              "type": "Terminate",
              "inputs": {
                "runStatus": "Failed",
                "runError": {
                  "code": "500",
                  "message": "something wrong happened, check the BPM Toolkit log. CaseID: @{outputs('CaseID')}"
                }
              }
            }
          },
          "runAfter": {
            "Try": [
              "Failed",
              "Skipped",
              "TimedOut"
            ]
          },
          "metadata": {
            "operationMetadataId": "62f02619-965b-4b12-b81a-cab19c31d71f"
          },
          "type": "Scope"
        }
      },
      "outputs": {}
    }
  },
  "schemaVersion": "1.0.0.0"
}