{
  "properties": {
    "connectionReferences": {
      "shared_sharepointonline": {
        "runtimeSource": "embedded",
        "connection": {
          "connectionReferenceLogicalName": "cr93e_BPMToolkitSPConnectionref2"
        },
        "api": {
          "name": "shared_sharepointonline"
        }
      }
    },
    "definition": {
      "$schema": "https://schema.management.azure.com/providers/Microsoft.Logic/schemas/2016-06-01/workflowdefinition.json#",
      "contentVersion": "1.0.0.0",
      "parameters": {
        "$connections": {
          "defaultValue": {},
          "type": "Object"
        },
        "$authentication": {
          "defaultValue": {},
          "type": "SecureObject"
        },
        "BPM Site (cr93e_BPMSite)": {
          "defaultValue": "https://eurocontrol.sharepoint.com/sites/HRSADEV",
          "type": "String",
          "metadata": {
            "schemaName": "cr93e_BPMSite"
          }
        },
        "BPM Case Workflows (cr93e_BPMCaseWorkflows)": {
          "defaultValue": "2571f93f-d1d5-4c2f-9fea-6739d8cedebc",
          "type": "String",
          "metadata": {
            "schemaName": "cr93e_BPMCaseWorkflows"
          }
        }
      },
      "triggers": {
        "manual": {
          "metadata": {
            "operationMetadataId": "4787929e-8298-4615-9c4a-4f24bf54d205"
          },
          "type": "Request",
          "kind": "Button",
          "inputs": {
            "schema": {
              "type": "object",
              "properties": {
                "text": {
                  "title": "CurrentUser",
                  "type": "string",
                  "x-ms-dynamically-added": true,
                  "description": "Please enter your input",
                  "x-ms-content-hint": "TEXT"
                }
              },
              "required": [
                "text"
              ]
            }
          }
        }
      },
      "actions": {
        "Get_items_-_Get_All_Worklows": {
          "runAfter": {
            "Initialize_variable_KpiStoppedCases": [
              "Succeeded"
            ]
          },
          "metadata": {
            "operationMetadataId": "e356092f-6086-4824-9856-fe3568cf2c56"
          },
          "type": "OpenApiConnection",
          "inputs": {
            "host": {
              "connectionName": "shared_sharepointonline",
              "operationId": "GetItems",
              "apiId": "/providers/Microsoft.PowerApps/apis/shared_sharepointonline"
            },
            "parameters": {
              "dataset": "@parameters('BPM Site (cr93e_BPMSite)')",
              "table": "@parameters('BPM Case Workflows (cr93e_BPMCaseWorkflows)')"
            },
            "authentication": {
              "type": "Raw",
              "value": "@json(decodeBase64(triggerOutputs().headers['X-MS-APIM-Tokens']))['$ConnectionKey']"
            }
          },
          "runtimeConfiguration": {
            "paginationPolicy": {
              "minimumItemCount": 4000
            }
          }
        },
        "Initialize_variable_KpiAllCases": {
          "runAfter": {
            "Current_User": [
              "Succeeded"
            ]
          },
          "metadata": {
            "operationMetadataId": "00d94ad6-d27a-4fb9-a8c5-f2d4669d11ec"
          },
          "type": "InitializeVariable",
          "inputs": {
            "variables": [
              {
                "name": "KpiAllCases",
                "type": "integer"
              }
            ]
          }
        },
        "Respond_to_a_PowerApp_or_flow": {
          "runAfter": {
            "Set_variable_KpiWaitingCases": [
              "Succeeded"
            ],
            "Set_variable_KpiApprovedCases": [
              "Succeeded"
            ]
          },
          "metadata": {
            "operationMetadataId": "a4bd89b4-3ea8-445a-bc49-8e8861063fc8"
          },
          "type": "Response",
          "kind": "PowerApp",
          "inputs": {
            "statusCode": 200,
            "body": {
              "reponsecode": "200",
              "reponsemessage": " ",
              "kpiallcase": " @{variables('KpiAllCases')}",
              "kpiapprovedcases": " @{variables('KpiApprovedCases')}",
              "kpirejectedcases": " @{variables('KpiRejectedCases')}",
              "kpistoppedcases": " @{variables('KpiStoppedCases')}",
              "kpiwaitingcases": "@{variables('KpiWaitingCases')}",
              "kpiwaitingforyou": " @{variables('KpiWaitingWorkingOnItCurrentUser')}",
              "kpiwaitingforsomeone": " @{variables('KpiWaitingWorkingOnItSomeone')}"
            },
            "schema": {
              "type": "object",
              "properties": {
                "reponsecode": {
                  "title": "ReponseCode",
                  "x-ms-dynamically-added": true,
                  "type": "string"
                },
                "reponsemessage": {
                  "title": "ReponseMessage",
                  "x-ms-dynamically-added": true,
                  "type": "string"
                },
                "kpiallcase": {
                  "title": "KpiAllCase",
                  "x-ms-dynamically-added": true,
                  "type": "string"
                },
                "kpiapprovedcases": {
                  "title": "KpiApprovedCases",
                  "x-ms-dynamically-added": true,
                  "type": "string"
                },
                "kpirejectedcases": {
                  "title": "KpiRejectedCases",
                  "x-ms-dynamically-added": true,
                  "type": "string"
                },
                "kpistoppedcases": {
                  "title": "KpiStoppedCases",
                  "x-ms-dynamically-added": true,
                  "type": "string"
                },
                "kpiwaitingcases": {
                  "title": "KpiWaitingCases",
                  "x-ms-dynamically-added": true,
                  "type": "string"
                },
                "kpiwaitingforyou": {
                  "title": "KpiWaitingForYou",
                  "x-ms-dynamically-added": true,
                  "type": "string"
                },
                "kpiwaitingforsomeone": {
                  "title": "KpiWaitingForSomeone",
                  "x-ms-dynamically-added": true,
                  "type": "string"
                }
              }
            }
          }
        },
        "Set_variable_kpiAllCases": {
          "runAfter": {
            "Get_items_-_Get_All_Worklows": [
              "Succeeded"
            ]
          },
          "metadata": {
            "operationMetadataId": "1d41b698-1776-42b6-a64e-8899681dfcd7"
          },
          "type": "SetVariable",
          "inputs": {
            "name": "KpiAllCases",
            "value": "@length(outputs('Get_items_-_Get_All_Worklows')?['body/value'])"
          }
        },
        "Filter_array_-_Approved_Cases": {
          "runAfter": {
            "Set_variable_kpiAllCases": [
              "Succeeded"
            ]
          },
          "metadata": {
            "operationMetadataId": "285ab05b-d522-402d-a067-5825763508c1"
          },
          "type": "Query",
          "inputs": {
            "from": "@outputs('Get_items_-_Get_All_Worklows')?['body/value']",
            "where": "@equals(item()?['CaseStatus'], 'Approved')"
          }
        },
        "Initialize_variable_KpiWaitingCases": {
          "runAfter": {
            "Initialize_variable_KpiRejectedCases": [
              "Succeeded"
            ]
          },
          "metadata": {
            "operationMetadataId": "12cb7b81-02f2-4d7a-bcc7-6ef6123366b2"
          },
          "type": "InitializeVariable",
          "inputs": {
            "variables": [
              {
                "name": "KpiWaitingCases",
                "type": "integer"
              }
            ]
          }
        },
        "Filter_array_-_Waiting_Cases": {
          "runAfter": {
            "Set_variable_kpiAllCases": [
              "Succeeded"
            ]
          },
          "metadata": {
            "operationMetadataId": "572fbcf1-dda4-4530-8d6f-b764be793018"
          },
          "type": "Query",
          "inputs": {
            "from": "@outputs('Get_items_-_Get_All_Worklows')?['body/value']",
            "where": "@equals(item()?['CaseStatus'], 'Running')"
          }
        },
        "Set_variable_KpiWaitingCases": {
          "runAfter": {
            "Filter_array_-_Waiting_Cases": [
              "Succeeded"
            ]
          },
          "metadata": {
            "operationMetadataId": "f565be36-d2f9-4b8f-b944-0717d924d8e8"
          },
          "type": "SetVariable",
          "inputs": {
            "name": "KpiWaitingCases",
            "value": "@length(body('Filter_array_-_Waiting_Cases'))"
          }
        },
        "Initialize_variable_KpiApprovedCases": {
          "runAfter": {
            "Initialize_variable_KpiAllCases": [
              "Succeeded"
            ]
          },
          "metadata": {
            "operationMetadataId": "3d275cd3-44a5-4936-84ed-4255d03d6d1f"
          },
          "type": "InitializeVariable",
          "inputs": {
            "variables": [
              {
                "name": "KpiApprovedCases",
                "type": "integer",
                "value": 0
              }
            ]
          }
        },
        "Filter_array_-_Rejected_Cases": {
          "runAfter": {
            "Set_variable_kpiAllCases": [
              "Succeeded"
            ]
          },
          "metadata": {
            "operationMetadataId": "6249e00f-19ad-465e-9716-ca23485fba73"
          },
          "type": "Query",
          "inputs": {
            "from": "@outputs('Get_items_-_Get_All_Worklows')?['body/value']",
            "where": "@equals(item()?['CaseStatus'], 'Rejected')"
          }
        },
        "Set_variable_KpiApprovedCases": {
          "runAfter": {
            "Filter_array_-_Approved_Cases": [
              "Succeeded"
            ]
          },
          "metadata": {
            "operationMetadataId": "4b6a5411-0fc6-4d30-97bb-41765ba411a7"
          },
          "type": "SetVariable",
          "inputs": {
            "name": "KpiApprovedCases",
            "value": "@length(body('Filter_array_-_Approved_Cases'))"
          }
        },
        "Initialize_variable_KpiRejectedCases": {
          "runAfter": {
            "Initialize_variable_KpiApprovedCases": [
              "Succeeded"
            ]
          },
          "metadata": {
            "operationMetadataId": "65123def-8cbf-4189-bc9a-940cde22a894"
          },
          "type": "InitializeVariable",
          "inputs": {
            "variables": [
              {
                "name": "KpiRejectedCases",
                "type": "integer",
                "value": 0
              }
            ]
          }
        },
        "Set_variable_KpiRejectedCases": {
          "runAfter": {
            "Filter_array_-_Rejected_Cases": [
              "Succeeded"
            ]
          },
          "metadata": {
            "operationMetadataId": "4f4c47d9-fe0d-40fe-95ac-3094bbf43864"
          },
          "type": "SetVariable",
          "inputs": {
            "name": "KpiRejectedCases",
            "value": "@length(body('Filter_array_-_Rejected_Cases'))"
          }
        },
        "Current_User": {
          "runAfter": {},
          "metadata": {
            "operationMetadataId": "c697d069-6ca6-423c-aee3-95e45e511180"
          },
          "type": "Compose",
          "inputs": "@toLower(triggerBody()['text'])"
        },
        "Filter_array_-_Working_On_It_Someone": {
          "runAfter": {
            "Set_variable_kpiAllCases": [
              "Succeeded"
            ]
          },
          "metadata": {
            "operationMetadataId": "cd7ed69f-232a-4cba-be99-4032b9a7fc66"
          },
          "type": "Query",
          "inputs": {
            "from": "@outputs('Get_items_-_Get_All_Worklows')?['body/value']",
            "where": "@greater(length(trim(coalesce(item()?['WorkingOnIt'], ''))), 0)"
          }
        },
        "Filter_array_-_Stopped_Cases": {
          "runAfter": {
            "Set_variable_kpiAllCases": [
              "Succeeded"
            ]
          },
          "metadata": {
            "operationMetadataId": "f3158d69-66ee-4ac1-aa89-716df25d0763"
          },
          "type": "Query",
          "inputs": {
            "from": "@outputs('Get_items_-_Get_All_Worklows')?['body/value']",
            "where": "@equals(item()?['CaseStatus'], 'Stopped')"
          }
        },
        "Initialize_variable_KpiWaitingWorkingOnItCurrentUser": {
          "runAfter": {
            "Initialize_variable_KpiWaitingCases": [
              "Succeeded"
            ]
          },
          "metadata": {
            "operationMetadataId": "a6d943b7-4033-49f9-984e-e3bc53c8bbde"
          },
          "type": "InitializeVariable",
          "inputs": {
            "variables": [
              {
                "name": "KpiWaitingWorkingOnItCurrentUser",
                "type": "integer"
              }
            ]
          }
        },
        "Initialize_variable_KpiWaitingWorkingOnItSomeone": {
          "runAfter": {
            "Initialize_variable_KpiWaitingWorkingOnItCurrentUser": [
              "Succeeded"
            ]
          },
          "metadata": {
            "operationMetadataId": "92ee2419-1525-4732-ab19-339aac3d3358"
          },
          "type": "InitializeVariable",
          "inputs": {
            "variables": [
              {
                "name": "KpiWaitingWorkingOnItSomeone",
                "type": "integer"
              }
            ]
          }
        },
        "Set_variable_KpiWaitingWorkingOnItSomeone": {
          "runAfter": {
            "Filter_array_-_Working_On_It_Someone": [
              "Succeeded"
            ]
          },
          "metadata": {
            "operationMetadataId": "18f9a0de-62ee-4ee2-8551-b197c1a8872e"
          },
          "type": "SetVariable",
          "inputs": {
            "name": "KpiWaitingWorkingOnItSomeone",
            "value": "@length(body('Filter_array_-_Working_On_It_Someone'))"
          }
        },
        "Initialize_variable_KpiStoppedCases": {
          "runAfter": {
            "Initialize_variable_KpiWaitingWorkingOnItSomeone": [
              "Succeeded"
            ]
          },
          "metadata": {
            "operationMetadataId": "3c065006-fd2a-4a97-bbcb-aa98d14e3e2e"
          },
          "type": "InitializeVariable",
          "inputs": {
            "variables": [
              {
                "name": "KpiStoppedCases",
                "type": "integer"
              }
            ]
          }
        },
        "Set_variable_KpiStoppedCases": {
          "runAfter": {
            "Filter_array_-_Stopped_Cases": [
              "Succeeded"
            ]
          },
          "metadata": {
            "operationMetadataId": "2c641001-0994-4aba-ae5c-e3f605e83002"
          },
          "type": "SetVariable",
          "inputs": {
            "name": "KpiStoppedCases",
            "value": "@length(body('Filter_array_-_Stopped_Cases'))"
          }
        },
        "Check_if_Current_user_is_requested": {
          "actions": {
            "Filter_array_-_Working_On_It_Current_User": {
              "runAfter": {},
              "metadata": {
                "operationMetadataId": "023cdf4e-aee9-41fd-b794-5b0fbdc5d645"
              },
              "type": "Query",
              "inputs": {
                "from": "@outputs('Get_items_-_Get_All_Worklows')?['body/value']",
                "where": "@equals(item()?['WorkingOnIt'], outputs('Current_User'))"
              }
            },
            "Set_variable_KpiWaitingWorkingOnItCurrentUser": {
              "runAfter": {
                "Filter_array_-_Working_On_It_Current_User": [
                  "Succeeded"
                ]
              },
              "metadata": {
                "operationMetadataId": "8ecc53f2-89e2-4cbf-84f7-bc58f4aab8c2"
              },
              "type": "SetVariable",
              "inputs": {
                "name": "KpiWaitingWorkingOnItCurrentUser",
                "value": "@length(body('Filter_array_-_Working_On_It_Current_User'))"
              }
            }
          },
          "runAfter": {
            "Set_variable_kpiAllCases": [
              "Succeeded"
            ]
          },
          "expression": {
            "contains": [
              "@outputs('Current_User')",
              "'@'"
            ]
          },
          "metadata": {
            "operationMetadataId": "705c08d6-4cd3-4c5c-ad24-ed5af7576483"
          },
          "type": "If"
        }
      },
      "outputs": {}
    }
  },
  "schemaVersion": "1.0.0.0"
}