{
  "properties": {
    "connectionReferences": {},
    "definition": {
      "$schema": "https://schema.management.azure.com/providers/Microsoft.Logic/schemas/2016-06-01/workflowdefinition.json#",
      "contentVersion": "1.0.0.0",
      "parameters": {
        "$authentication": {
          "defaultValue": {},
          "type": "SecureObject"
        }
      },
      "triggers": {
        "manual": {
          "metadata": {
            "operationMetadataId": "6e5bb4fd-0eb2-4b37-aa28-b0fb2df760f1"
          },
          "type": "Request",
          "kind": "Button",
          "inputs": {
            "schema": {
              "type": "object",
              "properties": {
                "text": {
                  "title": "CaseID",
                  "type": "string",
                  "x-ms-dynamically-added": true,
                  "description": "Please enter your input",
                  "x-ms-content-hint": "TEXT"
                },
                "text_1": {
                  "title": "Actor",
                  "type": "string",
                  "x-ms-dynamically-added": true,
                  "description": "Please enter your input",
                  "x-ms-content-hint": "TEXT"
                },
                "text_2": {
                  "title": "FromStep",
                  "type": "string",
                  "x-ms-dynamically-added": true,
                  "description": "Please enter your input",
                  "x-ms-content-hint": "TEXT"
                },
                "boolean": {
                  "title": "CleanUpBetween",
                  "type": "boolean",
                  "x-ms-dynamically-added": true,
                  "description": "Please select yes or no",
                  "x-ms-content-hint": "BOOLEAN"
                }
              },
              "required": [
                "text",
                "text_1",
                "text_2",
                "boolean"
              ]
            }
          }
        }
      },
      "actions": {
        "CaseID": {
          "runAfter": {},
          "metadata": {
            "operationMetadataId": "6f1626f2-c198-420b-9328-fee8c1320334"
          },
          "type": "Compose",
          "inputs": "@triggerBody()['text']"
        },
        "Actor": {
          "runAfter": {
            "CaseID": [
              "Succeeded"
            ]
          },
          "metadata": {
            "operationMetadataId": "68103de2-3360-4729-803c-ca77280da9d8"
          },
          "type": "Compose",
          "inputs": "@triggerBody()['text_1']"
        },
        "FromStep": {
          "runAfter": {
            "Actor": [
              "Succeeded"
            ]
          },
          "metadata": {
            "operationMetadataId": "66738956-8faa-4190-a8c1-1ef3139516a9"
          },
          "type": "Compose",
          "inputs": "@triggerBody()['text_2']"
        },
        "Respond_to_a_PowerApp_or_flow": {
          "runAfter": {
            "Catch": [
              "Succeeded",
              "Failed",
              "Skipped",
              "TimedOut"
            ]
          },
          "metadata": {
            "operationMetadataId": "ec78779b-c316-479f-b067-ad6fc6406d22"
          },
          "type": "Response",
          "kind": "PowerApp",
          "inputs": {
            "statusCode": 200,
            "body": {
              "responsecode": "200",
              "responsemessage": " "
            },
            "schema": {
              "type": "object",
              "properties": {
                "responsecode": {
                  "title": "ResponseCode",
                  "x-ms-dynamically-added": true,
                  "type": "string"
                },
                "responsemessage": {
                  "title": "ResponseMessage",
                  "x-ms-dynamically-added": true,
                  "type": "string"
                }
              }
            }
          }
        },
        "CleanUpBetween": {
          "runAfter": {
            "FromStep": [
              "Succeeded"
            ]
          },
          "metadata": {
            "operationMetadataId": "932bc4fe-5220-4760-b20c-98dffc521415"
          },
          "type": "Compose",
          "inputs": "@triggerBody()['boolean']"
        },
        "Try": {
          "actions": {
            "Run_a_Child_Flow_-_Get_Step_Number_from_Actor": {
              "runAfter": {},
              "metadata": {
                "operationMetadataId": "867fcccc-c154-48a9-b4c8-6ab021ca429f"
              },
              "type": "Workflow",
              "inputs": {
                "host": {
                  "workflowReferenceName": "cdc49519-b0bb-ea11-a812-000d3a45b556"
                },
                "body": {
                  "text": "@outputs('CaseID')",
                  "text_1": "@outputs('Actor')"
                }
              }
            },
            "Compose": {
              "runAfter": {
                "Run_a_Child_Flow_-_Get_Step_Number_from_Actor": [
                  "Succeeded"
                ]
              },
              "metadata": {
                "operationMetadataId": "bbb27696-43fc-4302-843f-c57c36ae9886"
              },
              "type": "Compose",
              "inputs": "@string(outputs('Run_a_Child_Flow_-_Get_Step_Number_from_Actor')?['Body']?['stepnumber'])"
            },
            "Run_a_Child_Flow_-_Go_to_Actor_Step": {
              "runAfter": {
                "Compose": [
                  "Succeeded"
                ]
              },
              "metadata": {
                "operationMetadataId": "76122f58-7819-487b-a147-b449f24ef0b8"
              },
              "type": "Workflow",
              "inputs": {
                "host": {
                  "workflowReferenceName": "6c69e37b-9dbb-ea11-a812-000d3a45b556"
                },
                "body": {
                  "text": "@string(outputs('FromStep'))",
                  "text_1": "@string(outputs('Run_a_Child_Flow_-_Get_Step_Number_from_Actor')?['Body']?['stepnumber'])",
                  "text_2": "@outputs('CaseID')",
                  "boolean": "@bool(outputs('CleanUpBetween'))"
                }
              }
            }
          },
          "runAfter": {
            "CleanUpBetween": [
              "Succeeded"
            ]
          },
          "metadata": {
            "operationMetadataId": "9cc950c5-9be9-42bb-87ef-d281a5e08648"
          },
          "type": "Scope"
        },
        "Catch": {
          "actions": {
            "Run_a_Child_Flow_-_BPM_Toolkit_-_Log_Flow_Error": {
              "runAfter": {},
              "metadata": {
                "operationMetadataId": "9a24a4eb-ba77-4491-9b0f-4635d947f2b3"
              },
              "type": "Workflow",
              "inputs": {
                "host": {
                  "workflowReferenceName": "01389840-615e-eb11-a812-0022489c791b"
                },
                "body": {
                  "text": "@string(result('Try'))",
                  "text_1": "@string(workflow())",
                  "text_2": "@outputs('CaseID')"
                }
              }
            }
          },
          "runAfter": {
            "Try": [
              "Failed",
              "Skipped",
              "TimedOut"
            ]
          },
          "metadata": {
            "operationMetadataId": "6f65ff33-dc17-4097-b165-e800d0046206"
          },
          "type": "Scope"
        }
      },
      "outputs": {}
    }
  },
  "schemaVersion": "1.0.0.0"
}