{
  "properties": {
    "connectionReferences": {
      "shared_sharepointonline_1": {
        "runtimeSource": "embedded",
        "connection": {
          "connectionReferenceLogicalName": "cr93e_BPMToolkitSPConnectionref3"
        },
        "api": {
          "name": "shared_sharepointonline"
        }
      }
    },
    "definition": {
      "$schema": "https://schema.management.azure.com/providers/Microsoft.Logic/schemas/2016-06-01/workflowdefinition.json#",
      "contentVersion": "1.0.0.0",
      "parameters": {
        "$connections": {
          "defaultValue": {},
          "type": "Object"
        },
        "$authentication": {
          "defaultValue": {},
          "type": "SecureObject"
        },
        "BPM Site (cr93e_BPMSite)": {
          "defaultValue": "https://eurocontrol.sharepoint.com/sites/HRSADEV",
          "type": "String",
          "metadata": {
            "schemaName": "cr93e_BPMSite"
          }
        },
        "BPM Case Lifecycle (cr93e_BPMCaseLifecycle)": {
          "defaultValue": "f3de391d-6402-4616-9078-14cf2ca00a7d",
          "type": "String",
          "metadata": {
            "schemaName": "cr93e_BPMCaseLifecycle"
          }
        },
        "BPM Case Workflows (cr93e_BPMCaseWorkflows)": {
          "defaultValue": "2571f93f-d1d5-4c2f-9fea-6739d8cedebc",
          "type": "String",
          "metadata": {
            "schemaName": "cr93e_BPMCaseWorkflows"
          }
        }
      },
      "triggers": {
        "manual": {
          "metadata": {
            "operationMetadataId": "22e70061-a5ee-416b-b18b-8057368f8482"
          },
          "type": "Request",
          "kind": "Button",
          "inputs": {
            "schema": {
              "type": "object",
              "properties": {
                "text": {
                  "title": "CaseID",
                  "type": "string",
                  "x-ms-dynamically-added": true,
                  "description": "Please enter your input",
                  "x-ms-content-hint": "TEXT"
                },
                "text_1": {
                  "title": "StepID",
                  "type": "string",
                  "x-ms-dynamically-added": true,
                  "description": "Please enter your input",
                  "x-ms-content-hint": "TEXT"
                },
                "text_2": {
                  "title": "Actor",
                  "type": "string",
                  "x-ms-dynamically-added": true,
                  "description": "Please enter your input",
                  "x-ms-content-hint": "TEXT"
                }
              },
              "required": [
                "text",
                "text_1",
                "text_2"
              ]
            }
          }
        }
      },
      "actions": {
        "Respond_to_a_PowerApp_or_flow": {
          "runAfter": {
            "Catch": [
              "Succeeded",
              "Failed",
              "Skipped",
              "TimedOut"
            ]
          },
          "metadata": {
            "operationMetadataId": "bc654bbb-db71-4e95-824b-d4520ef593b8"
          },
          "type": "Response",
          "kind": "PowerApp",
          "inputs": {
            "statusCode": 200,
            "body": {
              "returncode": "200",
              "returnmessage": " "
            },
            "schema": {
              "type": "object",
              "properties": {
                "returncode": {
                  "title": "ReturnCode",
                  "x-ms-dynamically-added": true,
                  "type": "string"
                },
                "returnmessage": {
                  "title": "ReturnMessage",
                  "x-ms-dynamically-added": true,
                  "type": "string"
                }
              }
            }
          }
        },
        "Catch": {
          "actions": {
            "Run_a_Child_Flow_-_BPM_Toolkit_-_Log_Flow_Error": {
              "runAfter": {},
              "metadata": {
                "operationMetadataId": "414f4730-107a-452a-a450-dabe0349f4d7"
              },
              "type": "Workflow",
              "inputs": {
                "host": {
                  "workflowReferenceName": "01389840-615e-eb11-a812-0022489c791b"
                },
                "body": {
                  "text": "@string(result('Try'))",
                  "text_1": "@string(workflow())",
                  "text_2": "@outputs('CaseID')"
                }
              }
            }
          },
          "runAfter": {
            "Try": [
              "Failed",
              "Skipped",
              "TimedOut"
            ]
          },
          "metadata": {
            "operationMetadataId": "899598b2-296a-4130-a808-0ace4a828176"
          },
          "type": "Scope"
        },
        "CaseID": {
          "runAfter": {},
          "metadata": {
            "operationMetadataId": "8e2ad770-15e1-4f74-8d42-b0e827b942ba"
          },
          "type": "Compose",
          "inputs": "@triggerBody()['text']"
        },
        "Try": {
          "actions": {
            "Update_Step_in_Case_Lifecycle": {
              "actions": {
                "Get_items_-_Case_Lifecycle": {
                  "runAfter": {},
                  "metadata": {
                    "operationMetadataId": "d220f046-c5f8-43bc-9f54-c38882c4ffad"
                  },
                  "type": "OpenApiConnection",
                  "inputs": {
                    "host": {
                      "connectionName": "shared_sharepointonline_1",
                      "operationId": "GetItems",
                      "apiId": "/providers/Microsoft.PowerApps/apis/shared_sharepointonline"
                    },
                    "parameters": {
                      "dataset": "@parameters('BPM Site (cr93e_BPMSite)')",
                      "table": "@parameters('BPM Case Lifecycle (cr93e_BPMCaseLifecycle)')",
                      "$filter": "CaseID eq '@{triggerBody()['text']}' and Step eq '@{triggerBody()['text_1']}'",
                      "$top": 1
                    },
                    "authentication": {
                      "type": "Raw",
                      "value": "@json(decodeBase64(triggerOutputs().headers['X-MS-APIM-Tokens']))['$ConnectionKey']"
                    }
                  }
                },
                "Apply_to_each_Case_Lifecycle": {
                  "foreach": "@outputs('Get_items_-_Case_Lifecycle')?['body/value']",
                  "actions": {
                    "Update_item_-_Case_Lifecycle": {
                      "runAfter": {},
                      "metadata": {
                        "operationMetadataId": "9277cd66-75ba-4000-afed-3e38aa91fbf3"
                      },
                      "type": "OpenApiConnection",
                      "inputs": {
                        "host": {
                          "connectionName": "shared_sharepointonline_1",
                          "operationId": "PatchItem",
                          "apiId": "/providers/Microsoft.PowerApps/apis/shared_sharepointonline"
                        },
                        "parameters": {
                          "dataset": "@parameters('BPM Site (cr93e_BPMSite)')",
                          "table": "@parameters('BPM Case Lifecycle (cr93e_BPMCaseLifecycle)')",
                          "id": "@items('Apply_to_each_Case_Lifecycle')?['ID']",
                          "item/StepVisibleByEndUser": "YES"
                        },
                        "authentication": {
                          "type": "Raw",
                          "value": "@json(decodeBase64(triggerOutputs().headers['X-MS-APIM-Tokens']))['$ConnectionKey']"
                        }
                      }
                    }
                  },
                  "runAfter": {
                    "Get_items_-_Case_Lifecycle": [
                      "Succeeded"
                    ]
                  },
                  "metadata": {
                    "operationMetadataId": "be23d304-8838-4aa7-8829-5833ac2e4b40"
                  },
                  "type": "Foreach"
                }
              },
              "runAfter": {},
              "metadata": {
                "operationMetadataId": "d877bfe7-dbf8-4b4a-9755-5a5852693353"
              },
              "type": "Scope"
            },
            "Update_Workflows": {
              "actions": {
                "Get_items_-_Case_Workflows": {
                  "runAfter": {},
                  "metadata": {
                    "operationMetadataId": "9e5618c6-fb48-48df-b4f5-1dda2bf3c7e3"
                  },
                  "type": "OpenApiConnection",
                  "inputs": {
                    "host": {
                      "connectionName": "shared_sharepointonline_1",
                      "operationId": "GetItems",
                      "apiId": "/providers/Microsoft.PowerApps/apis/shared_sharepointonline"
                    },
                    "parameters": {
                      "dataset": "@parameters('BPM Site (cr93e_BPMSite)')",
                      "table": "@parameters('BPM Case Workflows (cr93e_BPMCaseWorkflows)')",
                      "$filter": "CaseID eq '@{triggerBody()['text']}'"
                    },
                    "authentication": {
                      "type": "Raw",
                      "value": "@json(decodeBase64(triggerOutputs().headers['X-MS-APIM-Tokens']))['$ConnectionKey']"
                    }
                  }
                },
                "Apply_to_each_Case_Workflows": {
                  "foreach": "@outputs('Get_items_-_Case_Workflows')?['body/value']",
                  "actions": {
                    "Update_item_Case_Workflows": {
                      "runAfter": {},
                      "metadata": {
                        "operationMetadataId": "9dffd757-8e85-4523-bae8-d3381e07f57c"
                      },
                      "type": "OpenApiConnection",
                      "inputs": {
                        "host": {
                          "connectionName": "shared_sharepointonline_1",
                          "operationId": "PatchItem",
                          "apiId": "/providers/Microsoft.PowerApps/apis/shared_sharepointonline"
                        },
                        "parameters": {
                          "dataset": "@parameters('BPM Site (cr93e_BPMSite)')",
                          "table": "@parameters('BPM Case Workflows (cr93e_BPMCaseWorkflows)')",
                          "id": "@items('Apply_to_each_Case_Workflows')?['ID']",
                          "item/WorkingOnIt": "@string('')"
                        },
                        "authentication": {
                          "type": "Raw",
                          "value": "@json(decodeBase64(triggerOutputs().headers['X-MS-APIM-Tokens']))['$ConnectionKey']"
                        }
                      }
                    }
                  },
                  "runAfter": {
                    "Get_items_-_Case_Workflows": [
                      "Succeeded"
                    ]
                  },
                  "metadata": {
                    "operationMetadataId": "1c057f70-6a2a-4d8f-a6b5-834b73e06685"
                  },
                  "type": "Foreach"
                }
              },
              "runAfter": {
                "Update_Step_in_Case_Lifecycle": [
                  "Succeeded"
                ]
              },
              "metadata": {
                "operationMetadataId": "787f8c02-eb84-4e44-b602-9461a6fd2b0b"
              },
              "type": "Scope"
            }
          },
          "runAfter": {
            "CaseID": [
              "Succeeded"
            ]
          },
          "metadata": {
            "operationMetadataId": "c5ff08fd-4fee-413c-9683-213ff23c81ed"
          },
          "type": "Scope"
        }
      },
      "outputs": {}
    }
  },
  "schemaVersion": "1.0.0.0"
}