{
  "properties": {
    "connectionReferences": {},
    "definition": {
      "$schema": "https://schema.management.azure.com/providers/Microsoft.Logic/schemas/2016-06-01/workflowdefinition.json#",
      "contentVersion": "1.0.0.0",
      "parameters": {
        "$authentication": {
          "defaultValue": {},
          "type": "SecureObject"
        }
      },
      "triggers": {
        "Recurrence": {
          "recurrence": {
            "frequency": "Week",
            "interval": 1,
            "schedule": {
              "weekDays": [
                "Saturday"
              ],
              "hours": [
                "3"
              ]
            }
          },
          "metadata": {
            "operationMetadataId": "c25d728b-af4b-4f9e-a76b-00d5b09f70ae"
          },
          "type": "Recurrence"
        }
      },
      "actions": {
        "Run_a_Child_Flow_-_BPM_Toolkit_Archiving": {
          "runAfter": {},
          "metadata": {
            "operationMetadataId": "876ead99-4208-4b5f-8df6-3e12e071c3c0"
          },
          "type": "Workflow",
          "inputs": {
            "host": {
              "workflowReferenceName": "ee31b2c0-0b30-ec11-b6e6-000d3ab2f685"
            }
          }
        }
      },
      "outputs": {}
    }
  },
  "schemaVersion": "1.0.0.0"
}