{
  "properties": {
    "connectionReferences": {
      "shared_commondataserviceforapps": {
        "runtimeSource": "embedded",
        "connection": {
          "connectionReferenceLogicalName": "new_sharedcommondataserviceforapps_10120"
        },
        "api": {
          "name": "shared_commondataserviceforapps"
        }
      },
      "shared_sharepointonline_1": {
        "runtimeSource": "embedded",
        "connection": {
          "connectionReferenceLogicalName": "cr93e_BPMToolkitSPConnectionref4"
        },
        "api": {
          "name": "shared_sharepointonline"
        }
      }
    },
    "definition": {
      "$schema": "https://schema.management.azure.com/providers/Microsoft.Logic/schemas/2016-06-01/workflowdefinition.json#",
      "contentVersion": "1.0.0.0",
      "parameters": {
        "$connections": {
          "defaultValue": {},
          "type": "Object"
        },
        "$authentication": {
          "defaultValue": {},
          "type": "SecureObject"
        },
        "BPM Site (cr93e_BPMSite)": {
          "defaultValue": "https://eurocontrol.sharepoint.com/sites/HRSADEV",
          "type": "String",
          "metadata": {
            "schemaName": "cr93e_BPMSite"
          }
        },
        "BPM Internal Messages (cr93e_BPMInternalMessages)": {
          "defaultValue": "3a99c539-0aeb-40b4-835c-dcdc5dbe7541",
          "type": "String",
          "metadata": {
            "schemaName": "cr93e_BPMInternalMessages"
          }
        },
        "BPM Case Lifecycle (cr93e_BPMCaseLifecycle)": {
          "defaultValue": "f3de391d-6402-4616-9078-14cf2ca00a7d",
          "type": "String",
          "metadata": {
            "schemaName": "cr93e_BPMCaseLifecycle"
          }
        },
        "BPM Case Workflows (cr93e_BPMCaseWorkflows)": {
          "defaultValue": "2571f93f-d1d5-4c2f-9fea-6739d8cedebc",
          "type": "String",
          "metadata": {
            "schemaName": "cr93e_BPMCaseWorkflows"
          }
        },
        "BPM Cases (cr93e_BPMCases)": {
          "defaultValue": "28007d72-bc53-410a-b713-409478508462",
          "type": "String",
          "metadata": {
            "schemaName": "cr93e_BPMCases"
          }
        }
      },
      "triggers": {
        "manual": {
          "metadata": {
            "operationMetadataId": "fcf655ee-872c-4db4-9ca2-85ba0c695e81"
          },
          "type": "Request",
          "kind": "Button",
          "inputs": {
            "schema": {
              "type": "object",
              "properties": {
                "text": {
                  "title": "CaseID",
                  "type": "string",
                  "x-ms-dynamically-added": true,
                  "description": "Please enter your input",
                  "x-ms-content-hint": "TEXT"
                }
              },
              "required": [
                "text"
              ]
            }
          }
        }
      },
      "actions": {
        "CaseID": {
          "runAfter": {},
          "metadata": {
            "operationMetadataId": "28f2b1a8-1410-4eb4-9175-9e0db6e5fbbc"
          },
          "type": "Compose",
          "inputs": "@triggerBody()['text']"
        },
        "Initialize_variable_RequestListGuid": {
          "runAfter": {
            "CaseID": [
              "Succeeded"
            ]
          },
          "metadata": {
            "operationMetadataId": "989c82f1-98a8-42e5-a969-cf1c519ea7c3"
          },
          "type": "InitializeVariable",
          "inputs": {
            "variables": [
              {
                "name": "RequestListGuid",
                "type": "string"
              }
            ]
          }
        },
        "Initialize_variable_Request_Csv": {
          "runAfter": {
            "Initialize_variable_RequestListGuid": [
              "Succeeded"
            ]
          },
          "metadata": {
            "operationMetadataId": "cf8faa8c-a497-478f-96c8-15e9d108e36b"
          },
          "type": "InitializeVariable",
          "inputs": {
            "variables": [
              {
                "name": "Request Csv",
                "type": "string"
              }
            ]
          }
        },
        "Initialize_variable_Request_Json": {
          "runAfter": {
            "Initialize_variable_Request_Csv": [
              "Succeeded"
            ]
          },
          "metadata": {
            "operationMetadataId": "9c90455d-6888-4b13-b374-fa8886a52a05"
          },
          "type": "InitializeVariable",
          "inputs": {
            "variables": [
              {
                "name": "Request Json",
                "type": "string"
              }
            ]
          }
        },
        "Respond_to_a_PowerApp_or_flow": {
          "runAfter": {
            "Catch": [
              "Succeeded",
              "Failed",
              "Skipped",
              "TimedOut"
            ]
          },
          "metadata": {
            "operationMetadataId": "aed20a03-810a-4d27-bf0b-91befed6eb3b"
          },
          "type": "Response",
          "kind": "PowerApp",
          "inputs": {
            "statusCode": 200,
            "body": {},
            "schema": {
              "type": "object",
              "properties": {}
            }
          }
        },
        "Try": {
          "actions": {
            "Apply_to_each_-_Cases": {
              "foreach": "@outputs('Get_items_-_Cases')?['body/value']",
              "actions": {
                "Set_variable_RequestListGuid": {
                  "runAfter": {},
                  "metadata": {
                    "operationMetadataId": "259605cb-899b-4d31-be64-d92e7d5640e2"
                  },
                  "type": "SetVariable",
                  "inputs": {
                    "name": "RequestListGuid",
                    "value": "@items('Apply_to_each_-_Cases')?['RequestListGuid']"
                  }
                },
                "Apply_to_each_-_Associated_request_list": {
                  "foreach": "@outputs('Get_items_-_Associated_Request_List')?['body/value']",
                  "actions": {
                    "Create_CSV_table": {
                      "runAfter": {},
                      "metadata": {
                        "operationMetadataId": "efa7601b-1cb3-44ed-8894-2070cc458872"
                      },
                      "type": "Table",
                      "inputs": {
                        "from": "@outputs('Get_items_-_Associated_Request_List')?['body/value']",
                        "format": "CSV"
                      }
                    },
                    "Set_variable_Request_Csv": {
                      "runAfter": {
                        "Create_CSV_table": [
                          "Succeeded"
                        ]
                      },
                      "metadata": {
                        "operationMetadataId": "6c307f75-75f8-4fda-83c0-7f8cd05e1908"
                      },
                      "type": "SetVariable",
                      "inputs": {
                        "name": "Request Csv",
                        "value": "@body('Create_CSV_table')"
                      }
                    },
                    "Set_variable_Request_Json": {
                      "runAfter": {
                        "Set_variable_Request_Csv": [
                          "Succeeded"
                        ]
                      },
                      "metadata": {
                        "operationMetadataId": "507c4e66-dda4-489f-bb5c-4291889272f1"
                      },
                      "type": "SetVariable",
                      "inputs": {
                        "name": "Request Json",
                        "value": "@{item()}"
                      }
                    },
                    "Add_a_new_row_-_Archive_BPM_Toolkit_Case": {
                      "runAfter": {
                        "Set_variable_Request_Json": [
                          "Succeeded"
                        ]
                      },
                      "metadata": {
                        "operationMetadataId": "aeeb387b-257a-479d-82a4-d448b45fdb5f"
                      },
                      "type": "OpenApiConnection",
                      "inputs": {
                        "host": {
                          "connectionName": "shared_commondataserviceforapps",
                          "operationId": "CreateRecord",
                          "apiId": "/providers/Microsoft.PowerApps/apis/shared_commondataserviceforapps"
                        },
                        "parameters": {
                          "entityName": "cr93e_archivebpmtoolkitcaseses",
                          "item/cr93e_name": "@items('Apply_to_each_-_Cases')?['CaseID']",
                          "item/cr93e_casecategory": "@items('Apply_to_each_-_Cases')?['CaseCategory']",
                          "item/crd97_caseendeddate": "@variables('CaseEndedDate')",
                          "item/crd97_casestarteddate": "@variables('CaseStartedDate')",
                          "item/cr93e_casetypefriendlyname": "@items('Apply_to_each_-_Cases')?['CaseTypeFriendlyName']",
                          "item/cr93e_casetypeinternalname": "@items('Apply_to_each_-_Cases')?['CaseTypeInternalName']",
                          "item/cr93e_casedescr": "@items('Apply_to_each_-_Cases')?['CaseDescr']",
                          "item/cr93e_caseid": "@items('Apply_to_each_-_Cases')?['CaseID']",
                          "item/cr93e_casestatus": "@items('Apply_to_each_-_Cases')?['CaseStatus']",
                          "item/cr93e_casesubmissionstatus": "@items('Apply_to_each_-_Cases')?['CaseSubmissionStatus']",
                          "item/crd97_creationdate": "@items('Apply_to_each_-_Cases')?['Created']",
                          "item/crd97_dossierurl": "@items('Apply_to_each_-_Cases')?['DossierUrl']",
                          "item/cr93e_extrauserinfo": "@items('Apply_to_each_-_Cases')?['ExtraUserInfo']",
                          "item/crd97_internalmessages": "@outputs('Internal_Messages')",
                          "item/cr93e_linktoprimarydocument": "@items('Apply_to_each_-_Cases')?['LinktoPrimarydocument']",
                          "item/cr93e_location": "@items('Apply_to_each_-_Cases')?['Location']",
                          "item/cr93e_mainsecuritygroupid": "@items('Apply_to_each_-_Cases')?['MainSecurityGroupId']",
                          "item/cr93e_messages": "@items('Apply_to_each_-_Cases')?['Messages']",
                          "item/cr93e_onbehalfof": "@items('Apply_to_each_-_Cases')?['OnBehalfOf']",
                          "item/crd97_purgearchiveafterdays": "@variables('PurgeDays')",
                          "item/crd97_purgedate": "@addDays(utcNow(),variables('PurgeDays'))",
                          "item/cr93e_requestid": "@items('Apply_to_each_-_Cases')?['RequestId']",
                          "item/cr93e_requestlistguid": "@items('Apply_to_each_-_Cases')?['RequestListGuid']",
                          "item/crd97_requestdata_csv": "@variables('Request Csv')",
                          "item/crd97_requestdata_json": "@variables('Request Json')",
                          "item/cr93e_security": "@items('Apply_to_each_-_Cases')?['Security']",
                          "item/cr93e_submitter": "@items('Apply_to_each_-_Cases')?['Submitter']",
                          "item/cr93e_teamsconversationlink": "@items('Apply_to_each_-_Cases')?['TeamsConversationLink']",
                          "item/cr93e_typeofrequest": "@items('Apply_to_each_-_Cases')?['TypeOfrequest']"
                        },
                        "authentication": {
                          "type": "Raw",
                          "value": "@json(decodeBase64(triggerOutputs().headers['X-MS-APIM-Tokens']))['$ConnectionKey']"
                        }
                      }
                    },
                    "Set_variable_CaseRelationID": {
                      "runAfter": {
                        "Add_a_new_row_-_Archive_BPM_Toolkit_Case": [
                          "Succeeded"
                        ]
                      },
                      "metadata": {
                        "operationMetadataId": "cc6c576f-a510-4e63-b412-cd74231fd106"
                      },
                      "type": "SetVariable",
                      "inputs": {
                        "name": "CaseRelationID",
                        "value": "@outputs('Add_a_new_row_-_Archive_BPM_Toolkit_Case')?['body/@odata.id']"
                      }
                    }
                  },
                  "runAfter": {
                    "Get_items_-_Associated_Request_List": [
                      "Succeeded"
                    ]
                  },
                  "metadata": {
                    "operationMetadataId": "8bc40957-13a6-48b4-8e77-8304deaba763"
                  },
                  "type": "Foreach"
                },
                "Get_items_-_Associated_Request_List": {
                  "runAfter": {
                    "Apply_to_each_-_Case_Workflows": [
                      "Succeeded"
                    ]
                  },
                  "metadata": {
                    "operationMetadataId": "b8b64ec7-51a5-4d45-9714-887eb44945a6"
                  },
                  "type": "OpenApiConnection",
                  "inputs": {
                    "host": {
                      "connectionName": "shared_sharepointonline_1",
                      "operationId": "GetItems",
                      "apiId": "/providers/Microsoft.PowerApps/apis/shared_sharepointonline"
                    },
                    "parameters": {
                      "dataset": "@parameters('BPM Site (cr93e_BPMSite)')",
                      "table": "@variables('RequestListGuid')",
                      "$filter": "CaseID eq '@{outputs('CaseID')}'"
                    },
                    "authentication": {
                      "type": "Raw",
                      "value": "@json(decodeBase64(triggerOutputs().headers['X-MS-APIM-Tokens']))['$ConnectionKey']"
                    }
                  }
                },
                "Get_items_-_Case_Lifecycle": {
                  "runAfter": {
                    "Apply_to_each_-_Associated_request_list": [
                      "Succeeded"
                    ]
                  },
                  "metadata": {
                    "operationMetadataId": "372211b9-7dd6-49db-8344-becfbaa2b540"
                  },
                  "type": "OpenApiConnection",
                  "inputs": {
                    "host": {
                      "connectionName": "shared_sharepointonline_1",
                      "operationId": "GetItems",
                      "apiId": "/providers/Microsoft.PowerApps/apis/shared_sharepointonline"
                    },
                    "parameters": {
                      "dataset": "@parameters('BPM Site (cr93e_BPMSite)')",
                      "table": "@parameters('BPM Case Lifecycle (cr93e_BPMCaseLifecycle)')",
                      "$filter": "CaseID eq '@{outputs('CaseID')}'",
                      "$orderby": "Step"
                    },
                    "authentication": {
                      "type": "Raw",
                      "value": "@json(decodeBase64(triggerOutputs().headers['X-MS-APIM-Tokens']))['$ConnectionKey']"
                    }
                  }
                },
                "Apply_to_each_-_Case_Lifecycle": {
                  "foreach": "@outputs('Get_items_-_Case_Lifecycle')?['body/value']",
                  "actions": {
                    "Add_a_new_row_-_Archive_BPM_Toolkit_Case_Lifecycle": {
                      "runAfter": {},
                      "metadata": {
                        "operationMetadataId": "851f0ee0-8a38-42d3-b53b-42bcda15b99b"
                      },
                      "type": "OpenApiConnection",
                      "inputs": {
                        "host": {
                          "connectionName": "shared_commondataserviceforapps",
                          "operationId": "CreateRecord",
                          "apiId": "/providers/Microsoft.PowerApps/apis/shared_commondataserviceforapps"
                        },
                        "parameters": {
                          "entityName": "cr93e_archivebpmtoolkitcaselifecycles",
                          "item/cr93e_name": "@outputs('CaseID')",
                          "item/cr93e_actor": "@{items('Apply_to_each_-_Case_Lifecycle')?['Actor']} @{items('Apply_to_each_-_Case_Lifecycle')?['LabelWorkflow']}",
                          "item/crd97_cr93e_ArchiveBPMToolkitCases@odata.bind": "@variables('CaseRelationID')",
                          "item/cr93e_comments": "@items('Apply_to_each_-_Case_Lifecycle')?['Comment']",
                          "item/cr93e_created": "@items('Apply_to_each_-_Case_Lifecycle')?['Created']",
                          "item/cr93e_ended": "@items('Apply_to_each_-_Case_Lifecycle')?['Ended']",
                          "item/cr93e_started": "@items('Apply_to_each_-_Case_Lifecycle')?['Started']",
                          "item/cr93e_status": "@items('Apply_to_each_-_Case_Lifecycle')?['Status']",
                          "item/cr93e_step": "@item()?['Step']",
                          "item/crd97_taskexecutedby": "@items('Apply_to_each_-_Case_Lifecycle')?['TaskExecutedBy']"
                        },
                        "authentication": {
                          "type": "Raw",
                          "value": "@json(decodeBase64(triggerOutputs().headers['X-MS-APIM-Tokens']))['$ConnectionKey']"
                        }
                      }
                    }
                  },
                  "runAfter": {
                    "Get_items_-_Case_Lifecycle": [
                      "Succeeded"
                    ]
                  },
                  "metadata": {
                    "operationMetadataId": "8a314799-6be0-46d1-aae7-4d2d1de986fa"
                  },
                  "type": "Foreach"
                },
                "Run_a_Child_Flow_-_BPM_Toolkit_Remove_case_From_the_Normal_Database": {
                  "runAfter": {
                    "Apply_to_each_-_Case_Lifecycle": [
                      "Succeeded"
                    ]
                  },
                  "metadata": {
                    "operationMetadataId": "8fbd3b1f-a98a-4b5d-9368-7702b29c2e44"
                  },
                  "type": "Workflow",
                  "inputs": {
                    "host": {
                      "workflowReferenceName": "b553e890-c7a8-ea11-a812-000d3a249ca1"
                    },
                    "body": {
                      "text": "@outputs('CaseID')",
                      "text_1": "archiving system"
                    }
                  }
                },
                "Get_items_-_Case_Workflows": {
                  "runAfter": {
                    "Set_variable_RequestListGuid": [
                      "Succeeded"
                    ]
                  },
                  "metadata": {
                    "operationMetadataId": "85591213-dcf9-4663-aec5-f4a95bc287f7"
                  },
                  "type": "OpenApiConnection",
                  "inputs": {
                    "host": {
                      "connectionName": "shared_sharepointonline_1",
                      "operationId": "GetItems",
                      "apiId": "/providers/Microsoft.PowerApps/apis/shared_sharepointonline"
                    },
                    "parameters": {
                      "dataset": "@parameters('BPM Site (cr93e_BPMSite)')",
                      "table": "@parameters('BPM Case Workflows (cr93e_BPMCaseWorkflows)')",
                      "$filter": "CaseID eq '@{outputs('CaseID')}'"
                    },
                    "authentication": {
                      "type": "Raw",
                      "value": "@json(decodeBase64(triggerOutputs().headers['X-MS-APIM-Tokens']))['$ConnectionKey']"
                    }
                  }
                },
                "Apply_to_each_-_Case_Workflows": {
                  "foreach": "@outputs('Get_items_-_Case_Workflows')?['body/value']",
                  "actions": {
                    "Set_variable_CaseStartedDate": {
                      "runAfter": {},
                      "metadata": {
                        "operationMetadataId": "4bc453df-fe75-48c5-b0cf-1c2d13709efb"
                      },
                      "type": "SetVariable",
                      "inputs": {
                        "name": "CaseStartedDate",
                        "value": "@items('Apply_to_each_-_Case_Workflows')?['CaseStarted']"
                      }
                    },
                    "Set_variable_CaseEndedDate": {
                      "runAfter": {
                        "Set_variable_CaseStartedDate": [
                          "Succeeded"
                        ]
                      },
                      "metadata": {
                        "operationMetadataId": "440099cc-2e90-4e46-b2ad-dc67f9e40615"
                      },
                      "type": "SetVariable",
                      "inputs": {
                        "name": "CaseEndedDate",
                        "value": "@items('Apply_to_each_-_Case_Workflows')?['CaseEnded']"
                      }
                    },
                    "Set_variable_PurgeDays": {
                      "runAfter": {
                        "Set_variable_CaseEndedDate": [
                          "Succeeded"
                        ]
                      },
                      "metadata": {
                        "operationMetadataId": "b2b246d2-d809-486b-90e7-732cab2688dc"
                      },
                      "type": "SetVariable",
                      "inputs": {
                        "name": "PurgeDays",
                        "value": "@int(coalesce(item()?['PurgeArchiveAfterDays'],0,item()?['PurgeArchiveAfterDays']))"
                      }
                    }
                  },
                  "runAfter": {
                    "Get_items_-_Case_Workflows": [
                      "Succeeded"
                    ]
                  },
                  "metadata": {
                    "operationMetadataId": "46a41ebe-aceb-4225-96df-7696a486a083"
                  },
                  "type": "Foreach"
                }
              },
              "runAfter": {
                "Get_items_-_Cases": [
                  "Succeeded"
                ]
              },
              "metadata": {
                "operationMetadataId": "73023b95-ec1c-40ad-a210-e4e74e779b27"
              },
              "type": "Foreach"
            },
            "Get_items_-_Internal_Messages": {
              "runAfter": {},
              "metadata": {
                "operationMetadataId": "1e50008b-51ca-4e66-9d6a-1d01edfb012d"
              },
              "type": "OpenApiConnection",
              "inputs": {
                "host": {
                  "connectionName": "shared_sharepointonline_1",
                  "operationId": "GetItems",
                  "apiId": "/providers/Microsoft.PowerApps/apis/shared_sharepointonline"
                },
                "parameters": {
                  "dataset": "@parameters('BPM Site (cr93e_BPMSite)')",
                  "table": "@parameters('BPM Internal Messages (cr93e_BPMInternalMessages)')",
                  "$filter": "CaseID eq '@{outputs('CaseID')}'",
                  "$orderby": "Created"
                },
                "authentication": {
                  "type": "Raw",
                  "value": "@json(decodeBase64(triggerOutputs().headers['X-MS-APIM-Tokens']))['$ConnectionKey']"
                }
              }
            },
            "Get_items_-_Cases": {
              "runAfter": {
                "Internal_Messages": [
                  "Succeeded"
                ]
              },
              "metadata": {
                "operationMetadataId": "fdf22b3f-42ed-4669-9727-969e688b1b25"
              },
              "type": "OpenApiConnection",
              "inputs": {
                "host": {
                  "connectionName": "shared_sharepointonline_1",
                  "operationId": "GetItems",
                  "apiId": "/providers/Microsoft.PowerApps/apis/shared_sharepointonline"
                },
                "parameters": {
                  "dataset": "@parameters('BPM Site (cr93e_BPMSite)')",
                  "table": "@parameters('BPM Cases (cr93e_BPMCases)')",
                  "$filter": "CaseID eq '@{outputs('CaseID')}'"
                },
                "authentication": {
                  "type": "Raw",
                  "value": "@json(decodeBase64(triggerOutputs().headers['X-MS-APIM-Tokens']))['$ConnectionKey']"
                }
              }
            },
            "Select_-_Internal_Messages": {
              "runAfter": {
                "Get_items_-_Internal_Messages": [
                  "Succeeded"
                ]
              },
              "metadata": {
                "operationMetadataId": "5d9a688b-2ad2-4ad1-a1ab-0352aeb53c23"
              },
              "type": "Select",
              "inputs": {
                "from": "@outputs('Get_items_-_Internal_Messages')?['body/value']",
                "select": {
                  "When": "@formatDateTime(item()?['Created'],'dd/MM/yyyy')",
                  "From": "@item()?['From']",
                  "Message content": "@item()?['Message']"
                }
              }
            },
            "Internal_Messages": {
              "runAfter": {
                "Select_-_Internal_Messages": [
                  "Succeeded"
                ]
              },
              "metadata": {
                "operationMetadataId": "4e88a0ef-2e8b-4360-a614-f6fcbee56eca"
              },
              "type": "Compose",
              "inputs": "@body('Select_-_Internal_Messages')"
            }
          },
          "runAfter": {
            "Initialize_variable_PurgeDays": [
              "Succeeded"
            ]
          },
          "metadata": {
            "operationMetadataId": "6e033e37-62b5-4ac6-867d-f425072fda59"
          },
          "type": "Scope"
        },
        "Catch": {
          "actions": {
            "Run_a_Child_Flow_-_BPM_Toolkit_-_Log_Flow_error": {
              "runAfter": {},
              "metadata": {
                "operationMetadataId": "a8b69ae8-940b-45d0-a570-8195650337f8"
              },
              "type": "Workflow",
              "inputs": {
                "host": {
                  "workflowReferenceName": "01389840-615e-eb11-a812-0022489c791b"
                },
                "body": {
                  "text": "@string(result('Try'))",
                  "text_1": "@string(workflow())",
                  "text_2": "@outputs('CaseID')"
                }
              }
            }
          },
          "runAfter": {
            "Try": [
              "Failed",
              "Skipped",
              "TimedOut"
            ]
          },
          "metadata": {
            "operationMetadataId": "248454fb-2030-40fb-a809-2bdc17320cae"
          },
          "type": "Scope"
        },
        "Initialize_variable_CaseStartedDate": {
          "runAfter": {
            "Initialize_variable_Request_Json": [
              "Succeeded"
            ]
          },
          "metadata": {
            "operationMetadataId": "3d8f49f1-a1b1-44f3-838d-9c2a2d224cae"
          },
          "type": "InitializeVariable",
          "inputs": {
            "variables": [
              {
                "name": "CaseStartedDate",
                "type": "string"
              }
            ]
          }
        },
        "Initialize_variable_CaseEndedDate": {
          "runAfter": {
            "Initialize_variable_CaseStartedDate": [
              "Succeeded"
            ]
          },
          "metadata": {
            "operationMetadataId": "2a30131c-ace8-4766-bc94-b08c524b356d"
          },
          "type": "InitializeVariable",
          "inputs": {
            "variables": [
              {
                "name": "CaseEndedDate",
                "type": "string"
              }
            ]
          }
        },
        "Initialize_variable_CaseRelationID": {
          "runAfter": {
            "Initialize_variable_CaseEndedDate": [
              "Succeeded"
            ]
          },
          "metadata": {
            "operationMetadataId": "cfc5c0f4-c0eb-474f-b08b-c5b29b73b7bb"
          },
          "type": "InitializeVariable",
          "inputs": {
            "variables": [
              {
                "name": "CaseRelationID",
                "type": "string"
              }
            ]
          }
        },
        "Initialize_variable_PurgeDays": {
          "runAfter": {
            "Initialize_variable_CaseRelationID": [
              "Succeeded"
            ]
          },
          "metadata": {
            "operationMetadataId": "3af7d8ba-7803-4ae9-991b-38fc99386dcf"
          },
          "type": "InitializeVariable",
          "inputs": {
            "variables": [
              {
                "name": "PurgeDays",
                "type": "integer",
                "value": 0
              }
            ]
          }
        }
      },
      "outputs": {}
    }
  },
  "schemaVersion": "1.0.0.0"
}