{
  "properties": {
    "connectionReferences": {
      "shared_commondataserviceforapps": {
        "runtimeSource": "embedded",
        "connection": {
          "connectionReferenceLogicalName": "new_sharedcommondataserviceforapps_10120"
        },
        "api": {
          "name": "shared_commondataserviceforapps"
        }
      }
    },
    "definition": {
      "$schema": "https://schema.management.azure.com/providers/Microsoft.Logic/schemas/2016-06-01/workflowdefinition.json#",
      "contentVersion": "1.0.0.0",
      "parameters": {
        "$connections": {
          "defaultValue": {},
          "type": "Object"
        },
        "$authentication": {
          "defaultValue": {},
          "type": "SecureObject"
        }
      },
      "triggers": {
        "manual": {
          "metadata": {
            "operationMetadataId": "33dc8aa3-9b08-4fc0-8889-7d282f533b9e"
          },
          "type": "Request",
          "kind": "Button",
          "inputs": {
            "schema": {
              "type": "object",
              "properties": {
                "boolean": {
                  "title": "Yes/No",
                  "type": "boolean",
                  "x-ms-dynamically-added": true,
                  "description": "Do you understand that this flow will delete your whole BPM Toolkit archive system ? You should use it only in DEV or TEST, not in PROD. Are you ok to proceed ?",
                  "x-ms-content-hint": "BOOLEAN"
                }
              },
              "required": [
                "boolean"
              ]
            },
            "headersSchema": {
              "x-ms-user-email-encoded": {
                "title": "User email",
                "type": "string",
                "format": "byte",
                "x-ms-dynamically-added": false
              }
            }
          }
        }
      },
      "actions": {
        "Condition": {
          "actions": {
            "List_rows_-_BPM_Toolkit_Cases": {
              "runAfter": {},
              "metadata": {
                "operationMetadataId": "9e22ed16-956c-45c4-846a-ca661903e8d6"
              },
              "type": "OpenApiConnection",
              "inputs": {
                "host": {
                  "connectionName": "shared_commondataserviceforapps",
                  "operationId": "ListRecords",
                  "apiId": "/providers/Microsoft.PowerApps/apis/shared_commondataserviceforapps"
                },
                "parameters": {
                  "entityName": "cr93e_archivebpmtoolkitcaseses"
                },
                "authentication": "@parameters('$authentication')"
              }
            },
            "Apply_to_each_-_BPM_Toolkit_Case": {
              "foreach": "@outputs('List_rows_-_BPM_Toolkit_Cases')?['body/value']",
              "actions": {
                "Delete_a_row": {
                  "runAfter": {},
                  "metadata": {
                    "operationMetadataId": "c9382e54-6bd5-4e4e-9d8f-3cfaad09ee91"
                  },
                  "type": "OpenApiConnection",
                  "inputs": {
                    "host": {
                      "connectionName": "shared_commondataserviceforapps",
                      "operationId": "DeleteRecord",
                      "apiId": "/providers/Microsoft.PowerApps/apis/shared_commondataserviceforapps"
                    },
                    "parameters": {
                      "entityName": "cr93e_archivebpmtoolkitcaseses",
                      "recordId": "@items('Apply_to_each_-_BPM_Toolkit_Case')?['cr93e_archivebpmtoolkitcasesid']"
                    },
                    "authentication": "@parameters('$authentication')"
                  }
                }
              },
              "runAfter": {
                "List_rows_-_BPM_Toolkit_Cases": [
                  "Succeeded"
                ]
              },
              "metadata": {
                "operationMetadataId": "332a7cdb-e4c2-4f3f-baf1-acc761ce9a7b"
              },
              "type": "Foreach"
            },
            "List_rows_-_BPM_Toolkit_Case_Lifecycle": {
              "runAfter": {
                "Apply_to_each_-_BPM_Toolkit_Case": [
                  "Succeeded"
                ]
              },
              "metadata": {
                "operationMetadataId": "7f6a22c8-db98-4226-aada-9a44d1e7707b"
              },
              "type": "OpenApiConnection",
              "inputs": {
                "host": {
                  "connectionName": "shared_commondataserviceforapps",
                  "operationId": "ListRecords",
                  "apiId": "/providers/Microsoft.PowerApps/apis/shared_commondataserviceforapps"
                },
                "parameters": {
                  "entityName": "cr93e_archivebpmtoolkitcaselifecycles"
                },
                "authentication": "@parameters('$authentication')"
              }
            },
            "Apply_to_each_-_BPM_Toolkit_Case_Lifecycle": {
              "foreach": "@outputs('List_rows_-_BPM_Toolkit_Case_Lifecycle')?['body/value']",
              "actions": {
                "Delete_a_row_-_BPM_Toolkit_Case_Lifecycle": {
                  "runAfter": {},
                  "metadata": {
                    "operationMetadataId": "6783183a-a1aa-4b16-bf30-a3e0f3c992c3"
                  },
                  "type": "OpenApiConnection",
                  "inputs": {
                    "host": {
                      "connectionName": "shared_commondataserviceforapps",
                      "operationId": "DeleteRecord",
                      "apiId": "/providers/Microsoft.PowerApps/apis/shared_commondataserviceforapps"
                    },
                    "parameters": {
                      "entityName": "cr93e_archivebpmtoolkitcaselifecycles",
                      "recordId": "@items('Apply_to_each_-_BPM_Toolkit_Case_Lifecycle')?['cr93e_archivebpmtoolkitcaselifecycleid']"
                    },
                    "authentication": "@parameters('$authentication')"
                  }
                }
              },
              "runAfter": {
                "List_rows_-_BPM_Toolkit_Case_Lifecycle": [
                  "Succeeded"
                ]
              },
              "metadata": {
                "operationMetadataId": "1a187389-633a-4a70-b471-bf0dfc67f01f"
              },
              "type": "Foreach"
            },
            "Run_a_Child_Flow_-_BPM_Toolkit_Audit_log": {
              "runAfter": {
                "Apply_to_each_BPM_Toolkit_cases_purged": [
                  "Succeeded"
                ]
              },
              "metadata": {
                "operationMetadataId": "f1a8b171-c490-477a-8a21-9f8fe9e6c70d"
              },
              "type": "Workflow",
              "inputs": {
                "host": {
                  "workflowReferenceName": "7d601ab2-a0b3-ea11-a812-000d3a45b556"
                },
                "body": {
                  "text": "NA",
                  "text_1": "The current user: @{triggerOutputs()['headers']['x-ms-user-email-encoded']} did purge the archive at @{utcNow()}",
                  "text_2": "5",
                  "text_3": "@triggerOutputs()['headers']['x-ms-user-email-encoded']"
                }
              }
            },
            "List_rows_-_BPM_Toolkit_cases_purged": {
              "runAfter": {
                "Apply_to_each_-_BPM_Toolkit_Case_Lifecycle": [
                  "Succeeded"
                ]
              },
              "metadata": {
                "operationMetadataId": "2f9f65d4-63a2-4c6e-87bb-5b910e9639f0"
              },
              "type": "OpenApiConnection",
              "inputs": {
                "host": {
                  "connectionName": "shared_commondataserviceforapps",
                  "operationId": "ListRecords",
                  "apiId": "/providers/Microsoft.PowerApps/apis/shared_commondataserviceforapps"
                },
                "parameters": {
                  "entityName": "crd97_archivebpmtoolkitcasespurgeds"
                },
                "authentication": "@parameters('$authentication')"
              }
            },
            "Apply_to_each_BPM_Toolkit_cases_purged": {
              "foreach": "@outputs('List_rows_-_BPM_Toolkit_cases_purged')?['body/value']",
              "actions": {
                "Delete_a_row_-_BPM_Toolkit_cases_purged": {
                  "runAfter": {},
                  "metadata": {
                    "operationMetadataId": "6554752f-a222-490a-a5b5-a43def8b508b"
                  },
                  "type": "OpenApiConnection",
                  "inputs": {
                    "host": {
                      "connectionName": "shared_commondataserviceforapps",
                      "operationId": "DeleteRecord",
                      "apiId": "/providers/Microsoft.PowerApps/apis/shared_commondataserviceforapps"
                    },
                    "parameters": {
                      "entityName": "crd97_archivebpmtoolkitcasespurgeds",
                      "recordId": "@items('Apply_to_each_BPM_Toolkit_cases_purged')?['crd97_archivebpmtoolkitcasespurgedid']"
                    },
                    "authentication": "@parameters('$authentication')"
                  }
                }
              },
              "runAfter": {
                "List_rows_-_BPM_Toolkit_cases_purged": [
                  "Succeeded"
                ]
              },
              "metadata": {
                "operationMetadataId": "06cf6730-6f25-4650-b228-149ad3c53248"
              },
              "type": "Foreach"
            }
          },
          "runAfter": {},
          "expression": {
            "equals": [
              "@triggerBody()['boolean']",
              true
            ]
          },
          "metadata": {
            "operationMetadataId": "9a22bd8f-5abd-4733-bcd0-9dab1296093a"
          },
          "type": "If"
        }
      },
      "outputs": {}
    }
  },
  "schemaVersion": "1.0.0.0"
}