{
  "properties": {
    "connectionReferences": {
      "shared_sharepointonline_1": {
        "runtimeSource": "embedded",
        "connection": {
          "connectionReferenceLogicalName": "cr93e_BPMToolkitSPConnectionref3"
        },
        "api": {
          "name": "shared_sharepointonline"
        }
      }
    },
    "definition": {
      "$schema": "https://schema.management.azure.com/providers/Microsoft.Logic/schemas/2016-06-01/workflowdefinition.json#",
      "contentVersion": "1.0.0.0",
      "parameters": {
        "$connections": {
          "defaultValue": {},
          "type": "Object"
        },
        "$authentication": {
          "defaultValue": {},
          "type": "SecureObject"
        },
        "BPM Site (cr93e_BPMSite)": {
          "defaultValue": "https://eurocontrol.sharepoint.com/sites/HRSADEV",
          "type": "String",
          "metadata": {
            "schemaName": "cr93e_BPMSite"
          }
        },
        "BPM Case Categories (cr93e_BPMCaseCategories)": {
          "defaultValue": "01d85eb4-6c31-4098-a184-88c4cb1779f8",
          "type": "String",
          "metadata": {
            "schemaName": "cr93e_BPMCaseCategories"
          }
        }
      },
      "triggers": {
        "manual": {
          "metadata": {
            "operationMetadataId": "dc52d4a3-f1ef-4adc-960a-b51dd8104320"
          },
          "type": "Request",
          "kind": "Button",
          "inputs": {
            "schema": {
              "type": "object",
              "properties": {
                "text": {
                  "title": "CaseTypeInternalName",
                  "type": "string",
                  "x-ms-dynamically-added": true,
                  "description": "Please enter your input",
                  "x-ms-content-hint": "TEXT"
                }
              },
              "required": [
                "text"
              ]
            }
          }
        }
      },
      "actions": {
        "Get_items_-_BPM_Case_Categories": {
          "runAfter": {
            "Initialize_variable_CaseTypeInfos": [
              "Succeeded"
            ]
          },
          "metadata": {
            "operationMetadataId": "639bced7-d791-4ced-aa9c-b5a6f213ac89"
          },
          "type": "OpenApiConnection",
          "inputs": {
            "host": {
              "connectionName": "shared_sharepointonline_1",
              "operationId": "GetItems",
              "apiId": "/providers/Microsoft.PowerApps/apis/shared_sharepointonline"
            },
            "parameters": {
              "dataset": "@parameters('BPM Site (cr93e_BPMSite)')",
              "table": "@parameters('BPM Case Categories (cr93e_BPMCaseCategories)')",
              "$filter": "CaseTypeInternalName eq '@{outputs('CaseTypeInternalName')}'"
            },
            "authentication": {
              "type": "Raw",
              "value": "@json(decodeBase64(triggerOutputs().headers['X-MS-APIM-Tokens']))['$ConnectionKey']"
            }
          }
        },
        "CaseTypeInternalName": {
          "runAfter": {},
          "metadata": {
            "operationMetadataId": "76e35381-b545-4320-9cbc-fdded0d8557d"
          },
          "type": "Compose",
          "inputs": "@triggerBody()['text']"
        },
        "Initialize_variable_CaseTypeInfos": {
          "runAfter": {
            "CaseTypeInternalName": [
              "Succeeded"
            ]
          },
          "metadata": {
            "operationMetadataId": "8900cfcb-0903-4def-b244-f6dadb58db92"
          },
          "type": "InitializeVariable",
          "inputs": {
            "variables": [
              {
                "name": "CaseTypeInfos",
                "type": "object",
                "value": {
                  "CaseTypeInternalName": "",
                  "CaseTypeFriendlyName": "",
                  "CaseCategory": "",
                  "Workflow": ""
                }
              }
            ]
          }
        },
        "Apply_to_each": {
          "foreach": "@outputs('Get_items_-_BPM_Case_Categories')?['body/value']",
          "actions": {
            "Set_variable_CaseTypeInfos": {
              "runAfter": {},
              "metadata": {
                "operationMetadataId": "c30d2b11-4a66-4ad4-9195-b9c2c749fcbd"
              },
              "type": "SetVariable",
              "inputs": {
                "name": "CaseTypeInfos",
                "value": {
                  "CaseTypeInternalName": "@{items('Apply_to_each')?['CaseTypeInternalName']}",
                  "CaseTypeFriendlyName": "@{items('Apply_to_each')?['CaseTypeFriendlyName']}",
                  "CaseCategory": "@{items('Apply_to_each')?['CaseCategory']}",
                  "Workflow": "@{items('Apply_to_each')?['Workflow']}"
                }
              }
            }
          },
          "runAfter": {
            "Get_items_-_BPM_Case_Categories": [
              "Succeeded"
            ]
          },
          "metadata": {
            "operationMetadataId": "e0c3b9b3-553c-42bd-953b-22b4b6c0cc80"
          },
          "type": "Foreach"
        },
        "Respond_to_a_PowerApp_or_flow": {
          "runAfter": {
            "Apply_to_each": [
              "Succeeded"
            ]
          },
          "metadata": {
            "operationMetadataId": "a648e72b-58aa-4fc8-b447-8169c120f387"
          },
          "type": "Response",
          "kind": "PowerApp",
          "inputs": {
            "statusCode": 200,
            "body": {
              "workflow": "@{variables('CaseTypeInfos')?['Workflow']}",
              "case_type_internal_name": "@{variables('CaseTypeInfos')?['CaseTypeInternalName']}",
              "case_category": "@{variables('CaseTypeInfos')?['CaseCategory']}",
              "case_type_friendly_name": "@{variables('CaseTypeInfos')?['CaseTypeFriendlyName']}"
            },
            "schema": {
              "type": "object",
              "properties": {
                "workflow": {
                  "title": "Workflow",
                  "x-ms-dynamically-added": true,
                  "type": "string"
                },
                "case_type_internal_name": {
                  "title": "Case Type Internal Name",
                  "x-ms-dynamically-added": true,
                  "type": "string"
                },
                "case_category": {
                  "title": "Case Category",
                  "x-ms-dynamically-added": true,
                  "type": "string"
                },
                "case_type_friendly_name": {
                  "title": "Case Type Friendly Name",
                  "x-ms-dynamically-added": true,
                  "type": "string"
                }
              }
            }
          }
        }
      },
      "outputs": {}
    }
  },
  "schemaVersion": "1.0.0.0"
}