{
  "properties": {
    "connectionReferences": {
      "shared_sharepointonline_1": {
        "runtimeSource": "embedded",
        "connection": {
          "connectionReferenceLogicalName": "cr93e_BPMToolkitSPConnectionref3"
        },
        "api": {
          "name": "shared_sharepointonline"
        }
      }
    },
    "definition": {
      "$schema": "https://schema.management.azure.com/providers/Microsoft.Logic/schemas/2016-06-01/workflowdefinition.json#",
      "contentVersion": "1.0.0.0",
      "parameters": {
        "$connections": {
          "defaultValue": {},
          "type": "Object"
        },
        "$authentication": {
          "defaultValue": {},
          "type": "SecureObject"
        },
        "BPM Site (cr93e_BPMSite)": {
          "defaultValue": "https://eurocontrol.sharepoint.com/sites/HRSADEV",
          "type": "String",
          "metadata": {
            "schemaName": "cr93e_BPMSite"
          }
        },
        "BPM Security groups for Case (cr93e_BPMSecuritygroupsforCase)": {
          "defaultValue": "bb37c184-a7c4-4bad-a2a7-07dcf64a3cf1",
          "type": "String",
          "metadata": {
            "schemaName": "cr93e_BPMSecuritygroupsforCase"
          }
        }
      },
      "triggers": {
        "manual": {
          "metadata": {
            "operationMetadataId": "5f96414e-aeb8-429c-9aaf-1573a3e7fffc"
          },
          "type": "Request",
          "kind": "Button",
          "inputs": {
            "schema": {
              "type": "object",
              "properties": {
                "text": {
                  "title": "CaseType",
                  "type": "string",
                  "x-ms-dynamically-added": true,
                  "description": "Please enter your input",
                  "x-ms-content-hint": "TEXT"
                }
              },
              "required": [
                "text"
              ]
            }
          }
        }
      },
      "actions": {
        "Initialize_variable_SecurityGroup": {
          "runAfter": {},
          "metadata": {
            "operationMetadataId": "f58f0c11-0c2d-4215-86e9-ea7afc27c65c"
          },
          "type": "InitializeVariable",
          "inputs": {
            "variables": [
              {
                "name": "SecurityGroup",
                "type": "string"
              }
            ]
          }
        },
        "Initialize_variable_SecurityGroupId": {
          "runAfter": {
            "Initialize_variable_SecurityGroup": [
              "Succeeded"
            ]
          },
          "metadata": {
            "operationMetadataId": "1cad5176-2e3c-4275-9ee7-0bbf291d7ddb"
          },
          "type": "InitializeVariable",
          "inputs": {
            "variables": [
              {
                "name": "SecurityGroupId",
                "type": "string"
              }
            ]
          }
        },
        "Respond_to_a_PowerApp_or_flow": {
          "runAfter": {
            "Catch": [
              "Failed",
              "Skipped",
              "TimedOut",
              "Succeeded"
            ]
          },
          "metadata": {
            "operationMetadataId": "740178c2-f3ab-4154-8d7b-c3049680604b"
          },
          "type": "Response",
          "kind": "PowerApp",
          "inputs": {
            "statusCode": 200,
            "body": {
              "securitygroupid": "@variables('SecurityGroupId')"
            },
            "schema": {
              "type": "object",
              "properties": {
                "securitygroupid": {
                  "title": "SecurityGroupId",
                  "x-ms-dynamically-added": true,
                  "type": "string"
                }
              }
            }
          }
        },
        "Try": {
          "actions": {
            "Get_items_-_BPM_Security_from_Case_Type": {
              "runAfter": {},
              "metadata": {
                "operationMetadataId": "fc9b7c65-9b27-467e-a459-0d8e541e21b9"
              },
              "type": "OpenApiConnection",
              "inputs": {
                "host": {
                  "connectionName": "shared_sharepointonline_1",
                  "operationId": "GetItems",
                  "apiId": "/providers/Microsoft.PowerApps/apis/shared_sharepointonline"
                },
                "parameters": {
                  "dataset": "@parameters('BPM Site (cr93e_BPMSite)')",
                  "table": "@parameters('BPM Security groups for Case (cr93e_BPMSecuritygroupsforCase)')",
                  "$filter": "CaseType eq '@{triggerBody()['text']}'"
                },
                "authentication": {
                  "type": "Raw",
                  "value": "@json(decodeBase64(triggerOutputs().headers['X-MS-APIM-Tokens']))['$ConnectionKey']"
                }
              }
            },
            "Apply_to_each": {
              "foreach": "@outputs('Get_items_-_BPM_Security_from_Case_Type')?['body/value']",
              "actions": {
                "Set_variable_SecurityGroup": {
                  "runAfter": {},
                  "metadata": {
                    "operationMetadataId": "fcf6b291-4f73-4f13-b439-af81998fd8b3"
                  },
                  "type": "SetVariable",
                  "inputs": {
                    "name": "SecurityGroup",
                    "value": "@items('Apply_to_each')?['SecurityGroup/DisplayName']"
                  }
                },
                "Send_an_HTTP_request_to_SharePoint_-_Get_Security_Group_Id": {
                  "runAfter": {
                    "Set_variable_SecurityGroup": [
                      "Succeeded"
                    ]
                  },
                  "metadata": {
                    "operationMetadataId": "23a95640-0ecc-4dde-935c-e7049f0a3eb5"
                  },
                  "type": "OpenApiConnection",
                  "inputs": {
                    "host": {
                      "connectionName": "shared_sharepointonline_1",
                      "operationId": "HttpRequest",
                      "apiId": "/providers/Microsoft.PowerApps/apis/shared_sharepointonline"
                    },
                    "parameters": {
                      "dataset": "@parameters('BPM Site (cr93e_BPMSite)')",
                      "parameters/method": "GET",
                      "parameters/uri": "_api/web/sitegroups/getbyname('@{variables('SecurityGroup')}')"
                    },
                    "authentication": {
                      "type": "Raw",
                      "value": "@json(decodeBase64(triggerOutputs().headers['X-MS-APIM-Tokens']))['$ConnectionKey']"
                    }
                  }
                },
                "Set_variable_SecurityGroupId": {
                  "runAfter": {
                    "Send_an_HTTP_request_to_SharePoint_-_Get_Security_Group_Id": [
                      "Succeeded"
                    ]
                  },
                  "metadata": {
                    "operationMetadataId": "ae0b2fde-d2a3-4fe7-8f54-622b53e6ae6f"
                  },
                  "type": "SetVariable",
                  "inputs": {
                    "name": "SecurityGroupId",
                    "value": "@{outputs('Send_an_HTTP_request_to_SharePoint_-_Get_Security_Group_Id')?['body']?['d']?['Id']}"
                  }
                }
              },
              "runAfter": {
                "Get_items_-_BPM_Security_from_Case_Type": [
                  "Succeeded"
                ]
              },
              "metadata": {
                "operationMetadataId": "282a5afb-7cf9-4f4f-9768-7fcc27da5ce6"
              },
              "type": "Foreach"
            }
          },
          "runAfter": {
            "Initialize_variable_SecurityGroupId": [
              "Succeeded"
            ]
          },
          "metadata": {
            "operationMetadataId": "5d6ef940-35b9-4cc2-92c3-b65904e68c1d"
          },
          "type": "Scope"
        },
        "Catch": {
          "actions": {
            "Run_a_Child_Flow_-_BPM_Toolkit_-_Log_Flow_Error": {
              "runAfter": {},
              "metadata": {
                "operationMetadataId": "88f69489-8935-4db4-88a4-a5eba2bfe635"
              },
              "type": "Workflow",
              "inputs": {
                "host": {
                  "workflowReferenceName": "01389840-615e-eb11-a812-0022489c791b"
                },
                "body": {
                  "text": "@string(result('Try'))",
                  "text_1": "@string(workflow())",
                  "text_2": "na"
                }
              }
            }
          },
          "runAfter": {
            "Try": [
              "Failed",
              "Skipped",
              "TimedOut"
            ]
          },
          "metadata": {
            "operationMetadataId": "fb253fe2-1a08-4b7f-b91f-8eb1b77416e1"
          },
          "type": "Scope"
        }
      },
      "outputs": {}
    }
  },
  "schemaVersion": "1.0.0.0"
}