{
  "properties": {
    "connectionReferences": {
      "shared_sharepointonline_1": {
        "runtimeSource": "embedded",
        "connection": {
          "connectionReferenceLogicalName": "cr93e_BPMToolkitSPConnectionref2"
        },
        "api": {
          "name": "shared_sharepointonline"
        }
      }
    },
    "definition": {
      "$schema": "https://schema.management.azure.com/providers/Microsoft.Logic/schemas/2016-06-01/workflowdefinition.json#",
      "contentVersion": "1.0.0.0",
      "parameters": {
        "$connections": {
          "defaultValue": {},
          "type": "Object"
        },
        "$authentication": {
          "defaultValue": {},
          "type": "SecureObject"
        },
        "BPM Site (cr93e_BPMSite)": {
          "defaultValue": "https://eurocontrol.sharepoint.com/sites/HRSADEV",
          "type": "String",
          "metadata": {
            "schemaName": "cr93e_BPMSite"
          }
        },
        "BPM Case Delegations (cr93e_BPMCaseDelegations)": {
          "defaultValue": "0d52508b-39a3-4582-9582-d721047820c8",
          "type": "String",
          "metadata": {
            "schemaName": "cr93e_BPMCaseDelegations"
          }
        }
      },
      "triggers": {
        "manual": {
          "metadata": {
            "operationMetadataId": "4aae67fc-13c5-4424-a047-2c4a2150d8a3"
          },
          "type": "Request",
          "kind": "Button",
          "inputs": {
            "schema": {
              "type": "object",
              "properties": {
                "text": {
                  "title": "from_user",
                  "type": "string",
                  "x-ms-dynamically-added": true,
                  "description": "Please enter your input",
                  "x-ms-content-hint": "TEXT"
                },
                "text_1": {
                  "title": "to_user",
                  "type": "string",
                  "x-ms-dynamically-added": true,
                  "description": "Please enter your input",
                  "x-ms-content-hint": "TEXT"
                }
              },
              "required": [
                "text",
                "text_1"
              ]
            }
          }
        }
      },
      "actions": {
        "Get_items_-_Case_Delegation": {
          "runAfter": {
            "ToUser": [
              "Succeeded"
            ]
          },
          "metadata": {
            "operationMetadataId": "5f402662-c4b9-4d88-9843-aa0768d950b0"
          },
          "type": "OpenApiConnection",
          "inputs": {
            "host": {
              "connectionName": "shared_sharepointonline_1",
              "operationId": "GetItems",
              "apiId": "/providers/Microsoft.PowerApps/apis/shared_sharepointonline"
            },
            "parameters": {
              "dataset": "@parameters('BPM Site (cr93e_BPMSite)')",
              "table": "@parameters('BPM Case Delegations (cr93e_BPMCaseDelegations)')",
              "$filter": "User_From eq '@{outputs('FromUser')}' and User_To eq '@{outputs('ToUser')}'"
            },
            "authentication": {
              "type": "Raw",
              "value": "@json(decodeBase64(triggerOutputs().headers['X-MS-APIM-Tokens']))['$ConnectionKey']"
            }
          }
        },
        "FromUser": {
          "runAfter": {},
          "metadata": {
            "operationMetadataId": "cb80efd8-3111-4801-a863-3da2c089b8bc"
          },
          "type": "Compose",
          "inputs": "@toLower(triggerBody()['text'])"
        },
        "ToUser": {
          "runAfter": {
            "FromUser": [
              "Succeeded"
            ]
          },
          "metadata": {
            "operationMetadataId": "413bc583-5289-4a76-addc-fab775e95eb4"
          },
          "type": "Compose",
          "inputs": "@tolower(triggerBody()['text_1'])"
        },
        "Apply_to_each": {
          "foreach": "@outputs('Get_items_-_Case_Delegation')?['body/value']",
          "actions": {
            "Delete_item_-_Delegation": {
              "runAfter": {},
              "metadata": {
                "operationMetadataId": "525f5bc3-0232-41fb-90f9-727b07261e5d"
              },
              "type": "OpenApiConnection",
              "inputs": {
                "host": {
                  "connectionName": "shared_sharepointonline_1",
                  "operationId": "DeleteItem",
                  "apiId": "/providers/Microsoft.PowerApps/apis/shared_sharepointonline"
                },
                "parameters": {
                  "dataset": "@parameters('BPM Site (cr93e_BPMSite)')",
                  "table": "@parameters('BPM Case Delegations (cr93e_BPMCaseDelegations)')",
                  "id": "@items('Apply_to_each')?['ID']"
                },
                "authentication": {
                  "type": "Raw",
                  "value": "@json(decodeBase64(triggerOutputs().headers['X-MS-APIM-Tokens']))['$ConnectionKey']"
                }
              }
            }
          },
          "runAfter": {
            "Get_items_-_Case_Delegation": [
              "Succeeded"
            ]
          },
          "metadata": {
            "operationMetadataId": "b90f1ca3-685b-4f12-89af-226365426c35"
          },
          "type": "Foreach"
        },
        "Respond_to_a_PowerApp_or_flow": {
          "runAfter": {
            "Apply_to_each": [
              "Succeeded"
            ]
          },
          "metadata": {
            "operationMetadataId": "aae3b935-4a6d-493b-9385-b13344c3f93f"
          },
          "type": "Response",
          "kind": "PowerApp",
          "inputs": {
            "statusCode": 200,
            "body": {
              "responsecode": "200",
              "responsemessage": " "
            },
            "schema": {
              "type": "object",
              "properties": {
                "responsecode": {
                  "title": "ResponseCode",
                  "x-ms-dynamically-added": true,
                  "type": "string"
                },
                "responsemessage": {
                  "title": "ResponseMessage",
                  "x-ms-dynamically-added": true,
                  "type": "string"
                }
              }
            }
          }
        }
      },
      "outputs": {}
    }
  },
  "schemaVersion": "1.0.0.0"
}