{
  "properties": {
    "connectionReferences": {},
    "definition": {
      "$schema": "https://schema.management.azure.com/providers/Microsoft.Logic/schemas/2016-06-01/workflowdefinition.json#",
      "contentVersion": "1.0.0.0",
      "parameters": {
        "$authentication": {
          "defaultValue": {},
          "type": "SecureObject"
        },
        "BPM System account (cr93e_BPMSystemaccount)": {
          "defaultValue": " HRSA_DEV.Service@eurocontrol.int",
          "type": "String",
          "metadata": {
            "schemaName": "cr93e_BPMSystemaccount"
          }
        }
      },
      "triggers": {
        "manual": {
          "metadata": {
            "operationMetadataId": "47059fc6-f9a3-404a-a50b-df9c4ccdd3ad"
          },
          "type": "Request",
          "kind": "Button",
          "inputs": {
            "schema": {
              "type": "object",
              "properties": {
                "text": {
                  "title": "CaseID",
                  "type": "string",
                  "x-ms-dynamically-added": true,
                  "description": "Please enter your input",
                  "x-ms-content-hint": "TEXT"
                },
                "text_1": {
                  "title": "StepFrom",
                  "type": "string",
                  "x-ms-dynamically-added": true,
                  "description": "Please enter your input",
                  "x-ms-content-hint": "TEXT"
                },
                "text_4": {
                  "title": "Action",
                  "type": "string",
                  "x-ms-dynamically-added": true,
                  "description": "Please enter your input",
                  "x-ms-content-hint": "TEXT"
                },
                "text_3": {
                  "title": "UserTo",
                  "type": "string",
                  "x-ms-dynamically-added": true,
                  "description": "Please enter your input",
                  "x-ms-content-hint": "TEXT"
                },
                "text_5": {
                  "title": "AfterUserRole",
                  "type": "string",
                  "x-ms-dynamically-added": true,
                  "description": "Please enter your input",
                  "x-ms-content-hint": "TEXT"
                },
                "text_2": {
                  "title": "MessageToUser",
                  "type": "string",
                  "x-ms-dynamically-added": true,
                  "description": "Please enter your input",
                  "x-ms-content-hint": "TEXT"
                },
                "boolean": {
                  "title": "MakeRequestEditable",
                  "type": "boolean",
                  "x-ms-dynamically-added": true,
                  "description": "Please select yes or no",
                  "x-ms-content-hint": "BOOLEAN"
                }
              },
              "required": [
                "text",
                "text_1",
                "text_4",
                "text_3",
                "text_5",
                "text_2"
              ]
            }
          }
        }
      },
      "actions": {
        "Respond_to_a_PowerApp_or_flow": {
          "runAfter": {
            "MessageToUser": [
              "Succeeded"
            ]
          },
          "metadata": {
            "operationMetadataId": "b6179be2-8e05-4091-b234-ad58b42da3d8"
          },
          "type": "Response",
          "kind": "PowerApp",
          "inputs": {
            "statusCode": 200,
            "body": {},
            "schema": {
              "type": "object",
              "properties": {}
            }
          }
        },
        "CaseID": {
          "runAfter": {
            "SystemAccount": [
              "Succeeded"
            ]
          },
          "metadata": {
            "operationMetadataId": "b8b1ee9f-7b41-451c-b126-a143e4f7a147"
          },
          "type": "Compose",
          "inputs": "@triggerBody()['text']"
        },
        "StepFrom": {
          "runAfter": {
            "Action": [
              "Succeeded"
            ]
          },
          "metadata": {
            "operationMetadataId": "eb2c30fb-1939-4bf9-9fa4-961500639e17"
          },
          "type": "Compose",
          "inputs": "@triggerBody()['text_1']"
        },
        "User": {
          "runAfter": {
            "AfterStep": [
              "Succeeded"
            ]
          },
          "metadata": {
            "operationMetadataId": "43720bc1-f058-47e7-9426-d68706e2d517"
          },
          "type": "Compose",
          "inputs": "@triggerBody()['text_3']"
        },
        "AfterUser": {
          "runAfter": {
            "User": [
              "Succeeded"
            ]
          },
          "metadata": {
            "operationMetadataId": "5386c6db-d05b-4188-b60c-3b68413ec5a7"
          },
          "type": "Compose",
          "inputs": "@triggerBody()['text_5']"
        },
        "MessageToUser": {
          "runAfter": {
            "AfterUser": [
              "Succeeded"
            ]
          },
          "metadata": {
            "operationMetadataId": "815b8027-bc3f-4d56-9b27-af57650a92ba"
          },
          "type": "Compose",
          "inputs": "@triggerBody()['text_2']"
        },
        "AfterStep": {
          "runAfter": {
            "StepFrom": [
              "Succeeded"
            ]
          },
          "metadata": {
            "operationMetadataId": "d5b77b2b-e4e3-4ed9-a4c7-7c119e87e406"
          },
          "type": "Compose",
          "inputs": "@string(add(int(outputs('StepFrom')),1))"
        },
        "Action": {
          "runAfter": {
            "CaseID": [
              "Succeeded"
            ]
          },
          "metadata": {
            "operationMetadataId": "27bfd3f7-26e7-455a-b203-714319cb4f69"
          },
          "type": "Compose",
          "inputs": "@triggerBody()['text_4']"
        },
        "Transaction": {
          "actions": {
            "Run_a_Child_Flow_-_BPM_Toolkit_-_Set_Case_Transaction": {
              "runAfter": {},
              "metadata": {
                "operationMetadataId": "50d41821-7ad4-4716-ab75-c6bbedf3f04e"
              },
              "type": "Workflow",
              "inputs": {
                "host": {
                  "workflowReferenceName": "20aeeccc-9f3d-ec11-8c63-0022489d0683"
                },
                "body": {
                  "text": "@outputs('CaseID')",
                  "boolean": true
                }
              }
            },
            "Run_a_Child_Flow_-_BPM_Toolkit_Insert_Case_Step": {
              "runAfter": {
                "Run_a_Child_Flow_-_BPM_Toolkit_-_Set_Case_Transaction": [
                  "Succeeded"
                ]
              },
              "metadata": {
                "operationMetadataId": "c54e482c-e253-4fdc-af37-2695136c0d61"
              },
              "type": "Workflow",
              "inputs": {
                "host": {
                  "workflowReferenceName": "d3657743-72a6-ea11-a812-000d3a249ca1"
                },
                "body": {
                  "text": "@outputs('CaseID')",
                  "text_1": "@outputs('StepFrom')",
                  "text_2": "@outputs('User')",
                  "text_3": "@outputs('MessageToUser')",
                  "text_4": "@outputs('Action')"
                }
              }
            },
            "Run_a_Child_Flow_-_BPM_Toolkit_Insert_Case_Step__": {
              "runAfter": {
                "Run_a_Child_Flow_-_BPM_Toolkit_Insert_Case_Step": [
                  "Succeeded"
                ]
              },
              "metadata": {
                "operationMetadataId": "7d658099-0f99-4702-af89-85304e407f2b"
              },
              "type": "Workflow",
              "inputs": {
                "host": {
                  "workflowReferenceName": "d3657743-72a6-ea11-a812-000d3a249ca1"
                },
                "body": {
                  "text": "@triggerBody()['text']",
                  "text_1": "@outputs('AfterStep')",
                  "text_2": "@outputs('AfterUser')",
                  "text_3": "@string('')",
                  "text_4": "Feedback"
                }
              }
            },
            "Run_a_Child_Flow_-_BPM_Toolkit_Skip_Or_Reassign_Step": {
              "runAfter": {
                "Run_a_Child_Flow_-_BPM_Toolkit_Insert_Case_Step__": [
                  "Succeeded"
                ]
              },
              "metadata": {
                "operationMetadataId": "bff074ca-f730-40c6-a028-e192fa4378b3"
              },
              "type": "Workflow",
              "inputs": {
                "host": {
                  "workflowReferenceName": "59624403-c5a3-ea11-a812-000d3a249ca1"
                },
                "body": {
                  "text": "@outputs('CaseID')",
                  "text_1": "@outputs('StepFrom')",
                  "text_2": "SKIP",
                  "text_3": "@string('')",
                  "text_4": "@string('')",
                  "text_5": "@outputs('SystemAccount')"
                }
              }
            },
            "Check_if_Case_must_be_edit": {
              "actions": {
                "Run_a_Child_Flow_-_BPM_Toolkit_-_Make_request_Edit_or_Read": {
                  "runAfter": {},
                  "metadata": {
                    "operationMetadataId": "36877fed-2020-4205-a3a8-0248776a2095"
                  },
                  "type": "Workflow",
                  "inputs": {
                    "host": {
                      "workflowReferenceName": "dd226058-753d-ec11-8c63-0022489d0683"
                    },
                    "body": {
                      "text": "edit",
                      "text_1": "@outputs('CaseID')"
                    }
                  }
                }
              },
              "runAfter": {
                "Run_a_Child_Flow_-_BPM_Toolkit_Skip_Or_Reassign_Step": [
                  "Succeeded"
                ]
              },
              "else": {
                "actions": {
                  "Run_a_Child_Flow_-_BPM_Toolkit_-_Make_request_Edit_or_Read_2": {
                    "runAfter": {},
                    "metadata": {
                      "operationMetadataId": "aa867f43-92e4-4cc3-a0dd-23f288429661"
                    },
                    "type": "Workflow",
                    "inputs": {
                      "host": {
                        "workflowReferenceName": "dd226058-753d-ec11-8c63-0022489d0683"
                      },
                      "body": {
                        "text": "read",
                        "text_1": "@outputs('CaseID')"
                      }
                    }
                  }
                }
              },
              "expression": {
                "equals": [
                  "@triggerBody()['boolean']",
                  true
                ]
              },
              "metadata": {
                "operationMetadataId": "b4fc29b2-69a1-4db8-b46f-1d454358252a"
              },
              "type": "If"
            },
            "Run_a_Child_Flow_-_BPM_Toolkit_-_Set_Case_Transaction__": {
              "runAfter": {
                "Check_if_Case_must_be_edit": [
                  "Succeeded"
                ]
              },
              "metadata": {
                "operationMetadataId": "52c65484-9436-4756-8ab5-4bed96b7e01f"
              },
              "type": "Workflow",
              "inputs": {
                "host": {
                  "workflowReferenceName": "20aeeccc-9f3d-ec11-8c63-0022489d0683"
                },
                "body": {
                  "text": "@outputs('CaseID')",
                  "boolean": false
                }
              }
            }
          },
          "runAfter": {
            "Respond_to_a_PowerApp_or_flow": [
              "Succeeded"
            ]
          },
          "metadata": {
            "operationMetadataId": "ab0f8c12-ca60-4209-acd0-4cf4f8a517db"
          },
          "type": "Scope"
        },
        "SystemAccount": {
          "runAfter": {},
          "metadata": {
            "operationMetadataId": "cbd24b37-e071-43eb-b5e9-aabfd9a95df1"
          },
          "type": "Compose",
          "inputs": "@parameters('BPM System account (cr93e_BPMSystemaccount)')"
        }
      },
      "outputs": {}
    }
  },
  "schemaVersion": "1.0.0.0"
}