{
  "properties": {
    "connectionReferences": {
      "shared_sharepointonline_1": {
        "runtimeSource": "embedded",
        "connection": {
          "connectionReferenceLogicalName": "cr93e_BPMToolkitSPConnectionref"
        },
        "api": {
          "name": "shared_sharepointonline"
        }
      }
    },
    "definition": {
      "$schema": "https://schema.management.azure.com/providers/Microsoft.Logic/schemas/2016-06-01/workflowdefinition.json#",
      "contentVersion": "1.0.0.0",
      "parameters": {
        "$connections": {
          "defaultValue": {},
          "type": "Object"
        },
        "$authentication": {
          "defaultValue": {},
          "type": "SecureObject"
        },
        "BPM Site (cr93e_BPMSite)": {
          "defaultValue": "https://eurocontrol.sharepoint.com/sites/HRSADEV",
          "type": "String",
          "metadata": {
            "schemaName": "cr93e_BPMSite"
          }
        },
        "BPM Forms (cr93e_BPMForms)": {
          "defaultValue": "01e9474e-96d2-48ef-afa5-c91a05501ca2",
          "type": "String",
          "metadata": {
            "schemaName": "cr93e_BPMForms"
          }
        },
        "BPM Case Lifecycle (cr93e_BPMCaseLifecycle)": {
          "defaultValue": "f3de391d-6402-4616-9078-14cf2ca00a7d",
          "type": "String",
          "metadata": {
            "schemaName": "cr93e_BPMCaseLifecycle"
          }
        },
        "BPM Case Workflows (cr93e_BPMCaseWorkflows)": {
          "defaultValue": "2571f93f-d1d5-4c2f-9fea-6739d8cedebc",
          "type": "String",
          "metadata": {
            "schemaName": "cr93e_BPMCaseWorkflows"
          }
        },
        "BPM Cases (cr93e_BPMCases)": {
          "defaultValue": "28007d72-bc53-410a-b713-409478508462",
          "type": "String",
          "metadata": {
            "schemaName": "cr93e_BPMCases"
          }
        }
      },
      "triggers": {
        "When_an_item_is_created_or_modified": {
          "recurrence": {
            "interval": 1,
            "frequency": "Minute"
          },
          "splitOn": "@triggerOutputs()?['body/value']",
          "metadata": {
            "operationMetadataId": "21433288-2ee6-4e95-ad07-d6e4c5ab7cc0"
          },
          "type": "OpenApiConnection",
          "inputs": {
            "host": {
              "connectionName": "shared_sharepointonline_1",
              "operationId": "GetOnUpdatedItems",
              "apiId": "/providers/Microsoft.PowerApps/apis/shared_sharepointonline"
            },
            "parameters": {
              "dataset": "@parameters('BPM Site (cr93e_BPMSite)')",
              "table": "@parameters('BPM Cases (cr93e_BPMCases)')"
            },
            "authentication": "@parameters('$authentication')"
          },
          "conditions": [
            {
              "expression": "@contains(triggerOutputs()?['body/CaseSubmissionStatus'],'FINAL') "
            },
            {
              "expression": "@empty(triggerOutputs()?['body/StepsGenerated'])"
            }
          ]
        }
      },
      "actions": {
        "Initialize_variable_Actors": {
          "runAfter": {},
          "metadata": {
            "operationMetadataId": "60a60b30-237f-4c0e-8555-a5d73e6eb85b"
          },
          "type": "InitializeVariable",
          "inputs": {
            "variables": [
              {
                "name": "Actors",
                "type": "array",
                "value": []
              }
            ]
          },
          "description": "Actors are people who must act : approvals & feedback"
        },
        "Try": {
          "actions": {
            "ALM": {
              "actions": {
                "Run_a_Child_Flow_-_Load_ALM_Info": {
                  "runAfter": {},
                  "metadata": {
                    "operationMetadataId": "174efcc9-d231-44d6-8e18-99d9103b53e6"
                  },
                  "type": "Workflow",
                  "inputs": {
                    "host": {
                      "workflowReferenceName": "c5a31aa5-98af-ea11-a812-000d3ab8d5b5"
                    }
                  }
                }
              },
              "runAfter": {},
              "metadata": {
                "operationMetadataId": "cb676575-43f7-46e3-a245-5770d97f01ee"
              },
              "type": "Scope"
            },
            "Load_Actors": {
              "actions": {
                "Apply_to_each_Actor": {
                  "foreach": "@triggerOutputs()?['body/CaseActors']",
                  "actions": {
                    "Append_to_array_variable_Actors": {
                      "runAfter": {},
                      "metadata": {
                        "operationMetadataId": "e829586c-075a-42a9-92b2-eac01776b381"
                      },
                      "type": "AppendToArrayVariable",
                      "inputs": {
                        "name": "Actors",
                        "value": "@items('Apply_to_each_Actor')?['Email']"
                      }
                    }
                  },
                  "runAfter": {},
                  "metadata": {
                    "operationMetadataId": "7125f956-c102-4ff6-90ca-d924c728c4fd"
                  },
                  "type": "Foreach"
                }
              },
              "runAfter": {
                "Prevent_restart": [
                  "Succeeded"
                ]
              },
              "metadata": {
                "operationMetadataId": "33db3c32-9969-4fe4-9684-e975edb55662"
              },
              "type": "Scope"
            },
            "Workflow_Initialization": {
              "actions": {
                "CaseID": {
                  "runAfter": {},
                  "metadata": {
                    "operationMetadataId": "7e5885bb-e713-4826-9a06-d245af824fc4"
                  },
                  "type": "Compose",
                  "inputs": "@trim(triggerOutputs()?['body/CaseID'])"
                },
                "Create_item_-_Case_Workflows": {
                  "runAfter": {
                    "PurgeArchiveAfterDays": [
                      "Succeeded"
                    ]
                  },
                  "metadata": {
                    "operationMetadataId": "9b26afcb-d15a-4aa7-b3c3-ab0691db0fcd"
                  },
                  "type": "OpenApiConnection",
                  "inputs": {
                    "host": {
                      "connectionName": "shared_sharepointonline_1",
                      "operationId": "PostItem",
                      "apiId": "/providers/Microsoft.PowerApps/apis/shared_sharepointonline"
                    },
                    "parameters": {
                      "dataset": "@parameters('BPM Site (cr93e_BPMSite)')",
                      "table": "@parameters('BPM Case Workflows (cr93e_BPMCaseWorkflows)')",
                      "item/CaseID": "@outputs('CaseID')",
                      "item/CaseDescr": "@triggerOutputs()?['body/CaseDescr']",
                      "item/CaseItemID": "@triggerOutputs()?['body/ID']",
                      "item/CaseStarted": "@utcNow()",
                      "item/CaseStatus": "Running",
                      "item/TypeOfRequest": "@triggerOutputs()?['body/TypeOfrequest']",
                      "item/Submitter": "@triggerOutputs()?['body/Submitter']",
                      "item/OnBehalfOf": "@triggerOutputs()?['body/OnBehalfOf']",
                      "item/CaseCategory": "@outputs('Run_a_Child_Flow_-_Get_Case_Category_Infos')?['Body']?['case_category']",
                      "item/CaseTypeFriendlyName": "@outputs('Run_a_Child_Flow_-_Get_Case_Category_Infos')?['Body']?['case_type_friendly_name']",
                      "item/ArchiveAfterDays": "@int(outputs('NumbersDaysForArchiving'))",
                      "item/PurgeArchiveAfterDays": "@int(outputs('PurgeArchiveAfterDays'))"
                    },
                    "authentication": "@parameters('$authentication')"
                  }
                },
                "Update_item_-_Cases_-_CaseID_and_Status": {
                  "runAfter": {
                    "Create_item_-_Case_Workflows": [
                      "Succeeded"
                    ]
                  },
                  "metadata": {
                    "operationMetadataId": "9561cbd4-4f44-4fff-a010-5b075ff455a5"
                  },
                  "type": "OpenApiConnection",
                  "inputs": {
                    "host": {
                      "connectionName": "shared_sharepointonline_1",
                      "operationId": "PatchItem",
                      "apiId": "/providers/Microsoft.PowerApps/apis/shared_sharepointonline"
                    },
                    "parameters": {
                      "dataset": "@parameters('BPM Site (cr93e_BPMSite)')",
                      "table": "@parameters('BPM Cases (cr93e_BPMCases)')",
                      "id": "@triggerOutputs()?['body/ID']",
                      "item/Title": "NA",
                      "item/CaseID": "@outputs('CaseID')",
                      "item/CaseStatus": "Approval Started"
                    },
                    "authentication": "@parameters('$authentication')"
                  }
                },
                "TypeofRequest": {
                  "runAfter": {
                    "CaseID": [
                      "Succeeded"
                    ]
                  },
                  "metadata": {
                    "operationMetadataId": "35daca2a-b453-469d-ae59-18ee213d05b7"
                  },
                  "type": "Compose",
                  "inputs": "@triggerOutputs()?['body/TypeOfrequest']"
                },
                "Get_items_-_Associated_Forms": {
                  "runAfter": {
                    "Update_item_-_Cases_-_CaseID_and_Status": [
                      "Succeeded"
                    ]
                  },
                  "metadata": {
                    "operationMetadataId": "c3830f66-3d67-4eb1-8d06-d6f815a48be6"
                  },
                  "type": "OpenApiConnection",
                  "inputs": {
                    "host": {
                      "connectionName": "shared_sharepointonline_1",
                      "operationId": "GetItems",
                      "apiId": "/providers/Microsoft.PowerApps/apis/shared_sharepointonline"
                    },
                    "parameters": {
                      "dataset": "@parameters('BPM Site (cr93e_BPMSite)')",
                      "table": "@parameters('BPM Forms (cr93e_BPMForms)')",
                      "$filter": "CaseType eq '@{outputs('TypeofRequest')}'",
                      "$top": 1
                    },
                    "authentication": "@parameters('$authentication')"
                  }
                },
                "Apply_to_each_Form": {
                  "foreach": "@outputs('Get_items_-_Associated_Forms')?['body/value']",
                  "actions": {
                    "Update_item_-_Workflow_BPM_Form": {
                      "runAfter": {},
                      "metadata": {
                        "operationMetadataId": "7232c298-afb3-4acd-a851-57d6e5f5c452"
                      },
                      "type": "OpenApiConnection",
                      "inputs": {
                        "host": {
                          "connectionName": "shared_sharepointonline_1",
                          "operationId": "PatchItem",
                          "apiId": "/providers/Microsoft.PowerApps/apis/shared_sharepointonline"
                        },
                        "parameters": {
                          "dataset": "@parameters('BPM Site (cr93e_BPMSite)')",
                          "table": "@parameters('BPM Case Workflows (cr93e_BPMCaseWorkflows)')",
                          "id": "@outputs('Create_item_-_Case_Workflows')?['body/ID']",
                          "item/ViewForm": "@{items('Apply_to_each_Form')?['ViewForm']}@{outputs('CaseID')}"
                        },
                        "authentication": "@parameters('$authentication')"
                      }
                    }
                  },
                  "runAfter": {
                    "Get_items_-_Associated_Forms": [
                      "Succeeded"
                    ]
                  },
                  "metadata": {
                    "operationMetadataId": "c8befa26-8491-4cab-bb9b-e6caab4e1c27"
                  },
                  "type": "Foreach"
                },
                "Run_a_Child_Flow_-_Get_Case_Category_Infos": {
                  "runAfter": {
                    "TypeofRequest": [
                      "Succeeded"
                    ]
                  },
                  "metadata": {
                    "operationMetadataId": "06b4ff4e-4e08-4e00-bcf4-2d0b95dbe5d4"
                  },
                  "type": "Workflow",
                  "inputs": {
                    "host": {
                      "workflowReferenceName": "a32c7bba-3a18-eb11-a813-000d3ab8f989"
                    },
                    "body": {
                      "text": "@outputs('TypeofRequest')"
                    }
                  }
                },
                "Run_a_Child_Flow_-_Get_Case_Type_Parameters": {
                  "runAfter": {
                    "Run_a_Child_Flow_-_Get_Case_Category_Infos": [
                      "Succeeded"
                    ]
                  },
                  "metadata": {
                    "operationMetadataId": "a702b87c-e525-4ac6-9a29-caa132eef9ac"
                  },
                  "type": "Workflow",
                  "inputs": {
                    "host": {
                      "workflowReferenceName": "cdb0f698-2e4b-eb11-a812-000d3abee2a0"
                    },
                    "body": {
                      "text": "@outputs('Run_a_Child_Flow_-_Get_Case_Category_Infos')?['Body']?['case_type_internal_name']"
                    }
                  }
                },
                "NumbersDaysForArchiving": {
                  "runAfter": {
                    "Run_a_Child_Flow_-_Get_Case_Type_Parameters": [
                      "Succeeded"
                    ]
                  },
                  "metadata": {
                    "operationMetadataId": "98d3e019-d414-4bd7-ae92-57d058ae8fdc"
                  },
                  "type": "Compose",
                  "inputs": "@outputs('Run_a_Child_Flow_-_Get_Case_Type_Parameters')?['Body']?['archiveafterdays']"
                },
                "PurgeArchiveAfterDays": {
                  "runAfter": {
                    "NumbersDaysForArchiving": [
                      "Succeeded"
                    ]
                  },
                  "metadata": {
                    "operationMetadataId": "1ad64c7a-af41-4d20-a18b-9afe9e1421c2"
                  },
                  "type": "Compose",
                  "inputs": "@outputs('Run_a_Child_Flow_-_Get_Case_Type_Parameters')?['Body']?['purgearchiveafterdays']"
                }
              },
              "runAfter": {
                "Load_Actors": [
                  "Succeeded"
                ]
              },
              "metadata": {
                "operationMetadataId": "76fcd966-2813-4689-9b1a-d2968451e3eb"
              },
              "type": "Scope"
            },
            "Workflow_Steps_Generation": {
              "actions": {
                "Run_a_Child_Flow_-_MetWorkflow_Generator_-_Gen_1": {
                  "runAfter": {},
                  "metadata": {
                    "operationMetadataId": "38d25c82-150c-4e54-9891-d9d2c0074d9b"
                  },
                  "type": "Workflow",
                  "inputs": {
                    "host": {
                      "workflowReferenceName": "be5f7001-19ba-ea11-a812-000d3a45b556"
                    },
                    "body": {
                      "text": "@outputs('CaseID')"
                    }
                  }
                }
              },
              "runAfter": {
                "Notify_to_Teams_if_Needed": [
                  "Succeeded"
                ]
              },
              "metadata": {
                "operationMetadataId": "8420b4e0-772f-4ce1-a3d2-454544a3942d"
              },
              "type": "Scope"
            },
            "Secure_Case_,_Steps,_Request": {
              "actions": {
                "Run_a_Child_Flow_-_Secure_the_Whole_Case": {
                  "runAfter": {},
                  "metadata": {
                    "operationMetadataId": "b144e1ec-0dab-4848-85f2-e0aa9822d76f"
                  },
                  "type": "Workflow",
                  "inputs": {
                    "host": {
                      "workflowReferenceName": "ac7c448e-5eb2-ea11-a812-000d3abbae2c"
                    },
                    "body": {
                      "text": "@outputs('CaseID')",
                      "boolean": true
                    }
                  }
                }
              },
              "runAfter": {
                "Workflow_Steps_Generation": [
                  "Succeeded"
                ]
              },
              "metadata": {
                "operationMetadataId": "2a1dbffc-d928-4c48-8266-432c7a2b3ac8"
              },
              "type": "Scope"
            },
            "Kick_Off_BPM_Runtime": {
              "actions": {
                "Get_items_-_Case_Lifecycle": {
                  "runAfter": {},
                  "metadata": {
                    "operationMetadataId": "f4f1e707-d781-4f45-9e4e-f659cf1e3fa5"
                  },
                  "type": "OpenApiConnection",
                  "inputs": {
                    "host": {
                      "connectionName": "shared_sharepointonline_1",
                      "operationId": "GetItems",
                      "apiId": "/providers/Microsoft.PowerApps/apis/shared_sharepointonline"
                    },
                    "parameters": {
                      "dataset": "@parameters('BPM Site (cr93e_BPMSite)')",
                      "table": "@parameters('BPM Case Lifecycle (cr93e_BPMCaseLifecycle)')",
                      "$filter": "CaseID eq '@{outputs('CaseID')}' and Step eq '0'",
                      "$top": 1
                    },
                    "authentication": "@parameters('$authentication')"
                  }
                },
                "Apply_to_each_Case": {
                  "foreach": "@outputs('Get_items_-_Case_Lifecycle')?['body/value']",
                  "actions": {
                    "FirstApprover": {
                      "runAfter": {},
                      "metadata": {
                        "operationMetadataId": "b7c7ffc3-e921-4abf-b37d-9dd6280c6ec7"
                      },
                      "type": "Compose",
                      "inputs": "@items('Apply_to_each_Case')?['Actor']"
                    },
                    "Update_item_-_Case_Lifecycle_-_Status_to_Waiting": {
                      "runAfter": {
                        "FirstApprover": [
                          "Succeeded"
                        ]
                      },
                      "metadata": {
                        "operationMetadataId": "9075c3ad-96f9-4aa5-9618-22992bd66991"
                      },
                      "type": "OpenApiConnection",
                      "inputs": {
                        "host": {
                          "connectionName": "shared_sharepointonline_1",
                          "operationId": "PatchItem",
                          "apiId": "/providers/Microsoft.PowerApps/apis/shared_sharepointonline"
                        },
                        "parameters": {
                          "dataset": "@parameters('BPM Site (cr93e_BPMSite)')",
                          "table": "@parameters('BPM Case Lifecycle (cr93e_BPMCaseLifecycle)')",
                          "id": "@item()?['ID']",
                          "item/Started": "@utcNow()",
                          "item/Status": "Waiting"
                        },
                        "authentication": "@parameters('$authentication')"
                      }
                    },
                    "Run_a_Child_Flow_-_Ask_Actor_to_Approve": {
                      "runAfter": {
                        "Update_item_-_Case_Lifecycle_-_Status_to_Waiting": [
                          "Succeeded"
                        ]
                      },
                      "metadata": {
                        "operationMetadataId": "95109647-d77e-4f47-b1e5-099e98fbf219"
                      },
                      "type": "Workflow",
                      "inputs": {
                        "host": {
                          "workflowReferenceName": "c75d4c46-dda3-ea11-a812-000d3a249ca1"
                        },
                        "body": {
                          "text": "@outputs('CaseID')",
                          "text_1": "@string(0)",
                          "text_2": "@outputs('FirstApprover')",
                          "text_3": "APPROVAL"
                        }
                      }
                    }
                  },
                  "runAfter": {
                    "Get_items_-_Case_Lifecycle": [
                      "Succeeded"
                    ]
                  },
                  "metadata": {
                    "operationMetadataId": "ca5717a2-c4ad-4a33-9f15-16f3db08abf5"
                  },
                  "type": "Foreach"
                }
              },
              "runAfter": {
                "Secure_Case_,_Steps,_Request": [
                  "Succeeded"
                ]
              },
              "metadata": {
                "operationMetadataId": "6777cc68-ff2f-49a7-b707-b7099e02f94f"
              },
              "type": "Scope"
            },
            "Prevent_restart": {
              "actions": {
                "Update_item_-_Cases_-_StepsGenerated_to_Yes": {
                  "runAfter": {},
                  "metadata": {
                    "operationMetadataId": "89699a56-e5cb-4af8-bb5f-d9b26e2e4daf"
                  },
                  "type": "OpenApiConnection",
                  "inputs": {
                    "host": {
                      "connectionName": "shared_sharepointonline_1",
                      "operationId": "PatchItem",
                      "apiId": "/providers/Microsoft.PowerApps/apis/shared_sharepointonline"
                    },
                    "parameters": {
                      "dataset": "@parameters('BPM Site (cr93e_BPMSite)')",
                      "table": "@parameters('BPM Cases (cr93e_BPMCases)')",
                      "id": "@triggerOutputs()?['body/ID']",
                      "item/StepsGenerated": "YES"
                    },
                    "authentication": "@parameters('$authentication')"
                  }
                }
              },
              "runAfter": {
                "ALM": [
                  "Succeeded"
                ]
              },
              "metadata": {
                "operationMetadataId": "a391a0f2-f34d-454d-a8b0-255e979f75bd"
              },
              "type": "Scope"
            },
            "Notify_to_Teams_if_Needed": {
              "actions": {
                "Run_a_Child_Flow_-_Notify_Case_to_Teams_Channel": {
                  "runAfter": {},
                  "metadata": {
                    "operationMetadataId": "158e1f0c-312f-4e85-8584-f602d72c0a68"
                  },
                  "type": "Workflow",
                  "inputs": {
                    "host": {
                      "workflowReferenceName": "5be42f27-234b-eb11-a812-000d3abee2a0"
                    },
                    "body": {
                      "text": "@outputs('CaseID')"
                    }
                  }
                }
              },
              "runAfter": {
                "Workflow_Initialization": [
                  "Succeeded"
                ]
              },
              "metadata": {
                "operationMetadataId": "1e85460c-e5a7-435d-86a3-a71c7d1d9736"
              },
              "type": "Scope"
            }
          },
          "runAfter": {
            "Initialize_variable_Actors": [
              "Succeeded"
            ]
          },
          "metadata": {
            "operationMetadataId": "11f33636-cbbc-4ad4-8f7b-04c888b3548a"
          },
          "type": "Scope"
        },
        "Catch": {
          "actions": {
            "Run_a_Child_Flow_-_Log_flow_Error": {
              "runAfter": {},
              "metadata": {
                "operationMetadataId": "08b17f30-278e-4b99-bb8f-62384f4b4c9b"
              },
              "type": "Workflow",
              "inputs": {
                "host": {
                  "workflowReferenceName": "01389840-615e-eb11-a812-0022489c791b"
                },
                "body": {
                  "text": "@string(result('Try'))",
                  "text_1": "@string(workflow())",
                  "text_2": "@outputs('Create_item_-_Case_Workflows')?['body/CaseID']"
                }
              }
            },
            "Terminate": {
              "runAfter": {
                "Run_a_Child_Flow_-_Log_flow_Error": [
                  "Succeeded"
                ]
              },
              "metadata": {
                "operationMetadataId": "798788e1-925a-4efb-ad94-b9a971e9add3"
              },
              "type": "Terminate",
              "inputs": {
                "runStatus": "Failed",
                "runError": {
                  "code": "500",
                  "message": "something wrong happened, check the BPM Toolkit log. CaseID: @{outputs('Create_item_-_Case_Workflows')?['body/CaseID']}"
                }
              }
            }
          },
          "runAfter": {
            "Try": [
              "TimedOut",
              "Skipped",
              "Failed"
            ]
          },
          "metadata": {
            "operationMetadataId": "a5949df0-6ad8-4bea-9492-c5c495561744"
          },
          "type": "Scope"
        }
      },
      "outputs": {}
    }
  },
  "schemaVersion": "1.0.0.0"
}