{
  "properties": {
    "connectionReferences": {
      "shared_sharepointonline": {
        "runtimeSource": "embedded",
        "connection": {
          "connectionReferenceLogicalName": "cr93e_BPMToolkitSPConnectionref"
        },
        "api": {
          "name": "shared_sharepointonline"
        }
      }
    },
    "definition": {
      "$schema": "https://schema.management.azure.com/providers/Microsoft.Logic/schemas/2016-06-01/workflowdefinition.json#",
      "contentVersion": "1.0.0.0",
      "parameters": {
        "$connections": {
          "defaultValue": {},
          "type": "Object"
        },
        "$authentication": {
          "defaultValue": {},
          "type": "SecureObject"
        },
        "BPM Site (cr93e_BPMSite)": {
          "defaultValue": "https://eurocontrol.sharepoint.com/sites/HRSADEV",
          "type": "String",
          "metadata": {
            "schemaName": "cr93e_BPMSite"
          }
        },
        "BPM Cases (cr93e_BPMCases)": {
          "defaultValue": "28007d72-bc53-410a-b713-409478508462",
          "type": "String",
          "metadata": {
            "schemaName": "cr93e_BPMCases"
          }
        }
      },
      "triggers": {
        "manual": {
          "metadata": {
            "operationMetadataId": "92b563d1-6d8b-47c9-96b3-40e39fa74ec8"
          },
          "type": "Request",
          "kind": "Button",
          "inputs": {
            "schema": {
              "type": "object",
              "properties": {
                "text": {
                  "title": "Message",
                  "type": "string",
                  "x-ms-dynamically-added": true,
                  "description": "Please enter your input",
                  "x-ms-content-hint": "TEXT"
                },
                "text_1": {
                  "title": "CaseID",
                  "type": "string",
                  "x-ms-dynamically-added": true,
                  "description": "Please enter your input",
                  "x-ms-content-hint": "TEXT"
                }
              },
              "required": [
                "text",
                "text_1"
              ]
            }
          }
        }
      },
      "actions": {
        "Respond_to_a_PowerApp_or_flow": {
          "runAfter": {
            "Catch": [
              "Succeeded",
              "Failed",
              "Skipped",
              "TimedOut"
            ]
          },
          "metadata": {
            "operationMetadataId": "71224f97-e387-432b-86b2-77ca773e12ce"
          },
          "type": "Response",
          "kind": "PowerApp",
          "inputs": {
            "statusCode": 200,
            "body": {},
            "schema": {
              "type": "object",
              "properties": {}
            }
          }
        },
        "Message": {
          "runAfter": {},
          "metadata": {
            "operationMetadataId": "975bfc72-c1cd-4f6c-87db-ed0401b4f155"
          },
          "type": "Compose",
          "inputs": "@triggerBody()['text']"
        },
        "CaseID": {
          "runAfter": {
            "Message": [
              "Succeeded"
            ]
          },
          "metadata": {
            "operationMetadataId": "b4d1032d-f816-4d94-8495-2540a15ceb8f"
          },
          "type": "Compose",
          "inputs": "@triggerBody()['text_1']"
        },
        "Try": {
          "actions": {
            "Get_items_-_Cases": {
              "runAfter": {},
              "metadata": {
                "operationMetadataId": "82a2afd5-acec-4682-aacf-2b053716d13d"
              },
              "type": "OpenApiConnection",
              "inputs": {
                "host": {
                  "connectionName": "shared_sharepointonline",
                  "operationId": "GetItems",
                  "apiId": "/providers/Microsoft.PowerApps/apis/shared_sharepointonline"
                },
                "parameters": {
                  "dataset": "@parameters('BPM Site (cr93e_BPMSite)')",
                  "table": "@parameters('BPM Cases (cr93e_BPMCases)')",
                  "$filter": "CaseID eq '@{outputs('CaseID')}'",
                  "$top": 1
                },
                "authentication": {
                  "type": "Raw",
                  "value": "@json(decodeBase64(triggerOutputs().headers['X-MS-APIM-Tokens']))['$ConnectionKey']"
                }
              }
            },
            "Apply_to_each": {
              "foreach": "@outputs('Get_items_-_Cases')?['body/value']",
              "actions": {
                "ExistingMessage": {
                  "runAfter": {},
                  "metadata": {
                    "operationMetadataId": "acc36b40-e81e-4d49-9968-22e2d2c2ce24"
                  },
                  "type": "Compose",
                  "inputs": "@{items('Apply_to_each')?['Messages']}\nMessage sent:@{utcNow()}\nMessage: @{outputs('Message')}\n---------------------------------------------------------------------"
                },
                "Update_item_-_Case_-_Message": {
                  "runAfter": {
                    "ExistingMessage": [
                      "Succeeded"
                    ]
                  },
                  "metadata": {
                    "operationMetadataId": "e80949de-6b14-4c4a-9d5a-c3ce892676af"
                  },
                  "type": "OpenApiConnection",
                  "inputs": {
                    "host": {
                      "connectionName": "shared_sharepointonline",
                      "operationId": "PatchItem",
                      "apiId": "/providers/Microsoft.PowerApps/apis/shared_sharepointonline"
                    },
                    "parameters": {
                      "dataset": "@parameters('BPM Site (cr93e_BPMSite)')",
                      "table": "@parameters('BPM Cases (cr93e_BPMCases)')",
                      "id": "@items('Apply_to_each')?['ID']",
                      "item/Messages": "@outputs('ExistingMessage')"
                    },
                    "authentication": {
                      "type": "Raw",
                      "value": "@json(decodeBase64(triggerOutputs().headers['X-MS-APIM-Tokens']))['$ConnectionKey']"
                    }
                  }
                }
              },
              "runAfter": {
                "Get_items_-_Cases": [
                  "Succeeded"
                ]
              },
              "metadata": {
                "operationMetadataId": "18ca6691-2354-40a7-a350-c726cbcaeee8"
              },
              "type": "Foreach"
            }
          },
          "runAfter": {
            "CaseID": [
              "Succeeded"
            ]
          },
          "metadata": {
            "operationMetadataId": "757f242c-0a54-4c85-aaa5-5474169a7642"
          },
          "type": "Scope"
        },
        "Catch": {
          "actions": {
            "Run_a_Child_Flow_-_BPM_Toolkit_Log_Flow_error": {
              "runAfter": {},
              "metadata": {
                "operationMetadataId": "ceb92dec-8430-4573-86d5-62789eac9de8"
              },
              "type": "Workflow",
              "inputs": {
                "host": {
                  "workflowReferenceName": "01389840-615e-eb11-a812-0022489c791b"
                },
                "body": {
                  "text": "@string(result('Try'))",
                  "text_1": "@string(workflow())",
                  "text_2": "@outputs('CaseID')"
                }
              }
            }
          },
          "runAfter": {
            "Try": [
              "Failed",
              "Skipped",
              "TimedOut"
            ]
          },
          "metadata": {
            "operationMetadataId": "a4311d21-7c74-4d7e-9393-d0c7417ae358"
          },
          "type": "Scope"
        }
      },
      "outputs": {}
    }
  },
  "schemaVersion": "1.0.0.0"
}