{
  "properties": {
    "connectionReferences": {
      "shared_sharepointonline_1": {
        "runtimeSource": "embedded",
        "connection": {
          "connectionReferenceLogicalName": "cr93e_BPMToolkitSPConnectionref2"
        },
        "api": {
          "name": "shared_sharepointonline"
        }
      }
    },
    "definition": {
      "$schema": "https://schema.management.azure.com/providers/Microsoft.Logic/schemas/2016-06-01/workflowdefinition.json#",
      "contentVersion": "1.0.0.0",
      "parameters": {
        "$connections": {
          "defaultValue": {},
          "type": "Object"
        },
        "$authentication": {
          "defaultValue": {},
          "type": "SecureObject"
        },
        "BPM Site (cr93e_BPMSite)": {
          "defaultValue": "https://eurocontrol.sharepoint.com/sites/HRSADEV",
          "type": "String",
          "metadata": {
            "schemaName": "cr93e_BPMSite"
          }
        },
        "BPM Cases (cr93e_BPMCases)": {
          "defaultValue": "28007d72-bc53-410a-b713-409478508462",
          "type": "String",
          "metadata": {
            "schemaName": "cr93e_BPMCases"
          }
        }
      },
      "triggers": {
        "manual": {
          "metadata": {
            "operationMetadataId": "5dbff57a-641f-4d0c-b1a2-7a078166bd0f"
          },
          "type": "Request",
          "kind": "Button",
          "inputs": {
            "schema": {
              "type": "object",
              "properties": {
                "text": {
                  "title": "CaseID",
                  "type": "string",
                  "x-ms-dynamically-added": true,
                  "description": "Please enter your input",
                  "x-ms-content-hint": "TEXT"
                }
              },
              "required": [
                "text"
              ]
            }
          }
        }
      },
      "actions": {
        "CaseID": {
          "runAfter": {},
          "metadata": {
            "operationMetadataId": "37979b27-8aa3-4e20-88f7-e0605552c4b2"
          },
          "type": "Compose",
          "inputs": "@triggerBody()['text']"
        },
        "Initialize_variable_TypeOfRequest": {
          "runAfter": {
            "CaseID": [
              "Succeeded"
            ]
          },
          "metadata": {
            "operationMetadataId": "551cc0bd-d253-4b1d-a00f-11f078a5e29b"
          },
          "type": "InitializeVariable",
          "inputs": {
            "variables": [
              {
                "name": "TypeOfRequest",
                "type": "string"
              }
            ]
          }
        },
        "Initialize_variable_MainSecurityGroup": {
          "runAfter": {
            "Initialize_variable_TypeOfRequest": [
              "Succeeded"
            ]
          },
          "metadata": {
            "operationMetadataId": "68410d28-f270-44e0-953a-a02aa9b45004"
          },
          "type": "InitializeVariable",
          "inputs": {
            "variables": [
              {
                "name": "MainSecurityGroup",
                "type": "string"
              }
            ]
          }
        },
        "Respond_to_a_PowerApp_or_flow": {
          "runAfter": {
            "Catch": [
              "Succeeded",
              "Failed",
              "Skipped",
              "TimedOut"
            ]
          },
          "metadata": {
            "operationMetadataId": "1aecb65e-8277-4fff-8b90-ccdfd71d3c90"
          },
          "type": "Response",
          "kind": "PowerApp",
          "inputs": {
            "statusCode": 200,
            "body": {
              "securitygroupid": "@variables('MainSecurityGroup')"
            },
            "schema": {
              "type": "object",
              "properties": {
                "securitygroupid": {
                  "title": "SecurityGroupId",
                  "x-ms-dynamically-added": true,
                  "type": "string"
                }
              }
            }
          }
        },
        "Try": {
          "actions": {
            "Get_items_-_Cases": {
              "runAfter": {},
              "metadata": {
                "operationMetadataId": "854ae82e-7ff4-41ba-9279-fd507401ca75"
              },
              "type": "OpenApiConnection",
              "inputs": {
                "host": {
                  "connectionName": "shared_sharepointonline_1",
                  "operationId": "GetItems",
                  "apiId": "/providers/Microsoft.PowerApps/apis/shared_sharepointonline"
                },
                "parameters": {
                  "dataset": "@parameters('BPM Site (cr93e_BPMSite)')",
                  "table": "@parameters('BPM Cases (cr93e_BPMCases)')",
                  "$filter": "CaseID eq '@{outputs('CaseID')}'",
                  "$top": 1
                },
                "authentication": {
                  "type": "Raw",
                  "value": "@json(decodeBase64(triggerOutputs().headers['X-MS-APIM-Tokens']))['$ConnectionKey']"
                }
              }
            },
            "Apply_to_each_-_Cases": {
              "foreach": "@outputs('Get_items_-_Cases')?['body/value']",
              "actions": {
                "Set_variable_MainSecurityGroup": {
                  "runAfter": {},
                  "metadata": {
                    "operationMetadataId": "5c6cea73-5732-4c2e-9fc9-17307a325a9f"
                  },
                  "type": "SetVariable",
                  "inputs": {
                    "name": "MainSecurityGroup",
                    "value": "@{items('Apply_to_each_-_Cases')?['MainSecurityGroupId']}"
                  }
                }
              },
              "runAfter": {
                "Get_items_-_Cases": [
                  "Succeeded"
                ]
              },
              "metadata": {
                "operationMetadataId": "4f70f62f-0d7e-400b-9c21-54e0afe8bc0e"
              },
              "type": "Foreach"
            }
          },
          "runAfter": {
            "Initialize_variable_MainSecurityGroup": [
              "Succeeded"
            ]
          },
          "metadata": {
            "operationMetadataId": "d58a7172-0146-4231-a5ba-757bf63c5fe2"
          },
          "type": "Scope"
        },
        "Catch": {
          "actions": {
            "Run_a_Child_Flow_-_BPM_Toolkit_-_Log_Flow_Error": {
              "runAfter": {},
              "metadata": {
                "operationMetadataId": "8d776e68-2d93-4de0-9f96-97f537e1de73"
              },
              "type": "Workflow",
              "inputs": {
                "host": {
                  "workflowReferenceName": "01389840-615e-eb11-a812-0022489c791b"
                },
                "body": {
                  "text": "@string(result('Try'))",
                  "text_1": "@string(workflow())",
                  "text_2": "@outputs('CaseID')"
                }
              }
            }
          },
          "runAfter": {
            "Try": [
              "Failed",
              "Skipped",
              "TimedOut"
            ]
          },
          "metadata": {
            "operationMetadataId": "32d4220c-2d46-4f8a-b39e-c5c8e7d179f9"
          },
          "type": "Scope"
        }
      },
      "outputs": {}
    }
  },
  "schemaVersion": "1.0.0.0"
}