{
  "properties": {
    "connectionReferences": {
      "shared_sharepointonline_1": {
        "runtimeSource": "embedded",
        "connection": {
          "connectionReferenceLogicalName": "cr93e_BPMToolkitSPConnectionref3"
        },
        "api": {
          "name": "shared_sharepointonline"
        }
      }
    },
    "definition": {
      "$schema": "https://schema.management.azure.com/providers/Microsoft.Logic/schemas/2016-06-01/workflowdefinition.json#",
      "contentVersion": "1.0.0.0",
      "parameters": {
        "$connections": {
          "defaultValue": {},
          "type": "Object"
        },
        "$authentication": {
          "defaultValue": {},
          "type": "SecureObject"
        },
        "BPM Site (cr93e_BPMSite)": {
          "defaultValue": "https://eurocontrol.sharepoint.com/sites/HRSADEV",
          "type": "String",
          "metadata": {
            "schemaName": "cr93e_BPMSite"
          }
        },
        "BPM Cases (cr93e_BPMCases)": {
          "defaultValue": "28007d72-bc53-410a-b713-409478508462",
          "type": "String",
          "metadata": {
            "schemaName": "cr93e_BPMCases"
          }
        }
      },
      "triggers": {
        "manual": {
          "metadata": {
            "operationMetadataId": "4e0c42fc-90b4-414f-8114-6eb7fe75926a"
          },
          "type": "Request",
          "kind": "Button",
          "inputs": {
            "schema": {
              "type": "object",
              "properties": {
                "text": {
                  "title": "CaseID",
                  "type": "string",
                  "x-ms-dynamically-added": true,
                  "description": "Please enter your input",
                  "x-ms-content-hint": "TEXT"
                },
                "text_1": {
                  "title": "NewStatus",
                  "type": "string",
                  "x-ms-dynamically-added": true,
                  "description": "Please enter your input",
                  "x-ms-content-hint": "TEXT"
                }
              },
              "required": [
                "text",
                "text_1"
              ]
            }
          }
        }
      },
      "actions": {
        "Respond_to_a_PowerApp_or_flow": {
          "runAfter": {
            "Check_if_NewStatus_is_valid": [
              "Succeeded"
            ]
          },
          "metadata": {
            "operationMetadataId": "02659253-ad64-4a0b-8f49-82ae063af383"
          },
          "type": "Response",
          "kind": "PowerApp",
          "inputs": {
            "statusCode": 200,
            "body": {
              "responsecode": "@variables('ResponseCode')",
              "responsemessage": " @{variables('ResponseMessage')}"
            },
            "schema": {
              "type": "object",
              "properties": {
                "responsecode": {
                  "title": "ResponseCode",
                  "x-ms-dynamically-added": true,
                  "type": "string"
                },
                "responsemessage": {
                  "title": "ResponseMessage",
                  "x-ms-dynamically-added": true,
                  "type": "string"
                }
              }
            }
          }
        },
        "Check_if_NewStatus_is_valid": {
          "actions": {
            "Get_items_-_Cases": {
              "runAfter": {},
              "metadata": {
                "operationMetadataId": "45ca8023-e774-45d4-865c-3a185cee95ea"
              },
              "type": "OpenApiConnection",
              "inputs": {
                "host": {
                  "connectionName": "shared_sharepointonline_1",
                  "operationId": "GetItems",
                  "apiId": "/providers/Microsoft.PowerApps/apis/shared_sharepointonline"
                },
                "parameters": {
                  "dataset": "@parameters('BPM Site (cr93e_BPMSite)')",
                  "table": "@parameters('BPM Cases (cr93e_BPMCases)')",
                  "$filter": "CaseID eq '@{triggerBody()['text']}'",
                  "$top": 1
                },
                "authentication": {
                  "type": "Raw",
                  "value": "@json(decodeBase64(triggerOutputs().headers['X-MS-APIM-Tokens']))['$ConnectionKey']"
                }
              }
            },
            "Apply_to_each_case": {
              "foreach": "@outputs('Get_items_-_Cases')?['body/value']",
              "actions": {
                "Update_item_-_Case_Status": {
                  "runAfter": {},
                  "metadata": {
                    "operationMetadataId": "71670169-ebc6-4c11-8a51-80c17ed29410"
                  },
                  "type": "OpenApiConnection",
                  "inputs": {
                    "host": {
                      "connectionName": "shared_sharepointonline_1",
                      "operationId": "PatchItem",
                      "apiId": "/providers/Microsoft.PowerApps/apis/shared_sharepointonline"
                    },
                    "parameters": {
                      "dataset": "@parameters('BPM Site (cr93e_BPMSite)')",
                      "table": "@parameters('BPM Cases (cr93e_BPMCases)')",
                      "id": "@items('Apply_to_each_case')?['ID']",
                      "item/CaseSubmissionStatus": "@triggerBody()['text_1']"
                    },
                    "authentication": {
                      "type": "Raw",
                      "value": "@json(decodeBase64(triggerOutputs().headers['X-MS-APIM-Tokens']))['$ConnectionKey']"
                    }
                  }
                }
              },
              "runAfter": {
                "Get_items_-_Cases": [
                  "Succeeded"
                ]
              },
              "metadata": {
                "operationMetadataId": "e89d0842-6e5f-49a0-ab2d-2013934bf871"
              },
              "type": "Foreach"
            }
          },
          "runAfter": {
            "Initialize_variable_ResponseMessage": [
              "Succeeded"
            ]
          },
          "else": {
            "actions": {
              "Set_variable_ResponseMessage": {
                "runAfter": {},
                "metadata": {
                  "operationMetadataId": "00fcfeb7-5a82-4a5a-8c6d-71ec153f5cf2"
                },
                "type": "SetVariable",
                "inputs": {
                  "name": "ResponseMessage",
                  "value": "NewStatus must be FINAL or DRAFT"
                }
              },
              "Set_variable_ResponseCode": {
                "runAfter": {
                  "Set_variable_ResponseMessage": [
                    "Succeeded"
                  ]
                },
                "metadata": {
                  "operationMetadataId": "4151d0b2-1846-4dbf-ab30-b4cceba13d8c"
                },
                "type": "SetVariable",
                "inputs": {
                  "name": "ResponseCode",
                  "value": "406"
                }
              }
            }
          },
          "expression": {
            "or": [
              {
                "equals": [
                  "@outputs('NewStatus')",
                  "FINAL"
                ]
              },
              {
                "equals": [
                  "@outputs('NewStatus')",
                  "DRAFT"
                ]
              }
            ]
          },
          "metadata": {
            "operationMetadataId": "577c3c35-fed6-4458-8fb2-2ca665091d81"
          },
          "type": "If"
        },
        "CaseID": {
          "runAfter": {},
          "metadata": {
            "operationMetadataId": "383b731d-26ee-4fe4-8f60-240a2dbe0d62"
          },
          "type": "Compose",
          "inputs": "@triggerBody()['text']"
        },
        "NewStatus": {
          "runAfter": {
            "CaseID": [
              "Succeeded"
            ]
          },
          "metadata": {
            "operationMetadataId": "1432eeb7-985c-4b52-96d4-2dd0695f58db"
          },
          "type": "Compose",
          "inputs": "@triggerBody()['text_1']"
        },
        "Initialize_variable_ResponseCode": {
          "runAfter": {
            "NewStatus": [
              "Succeeded"
            ]
          },
          "metadata": {
            "operationMetadataId": "5399a96d-abcc-4b25-a3e5-695206b1d7dd"
          },
          "type": "InitializeVariable",
          "inputs": {
            "variables": [
              {
                "name": "ResponseCode",
                "type": "string",
                "value": "200"
              }
            ]
          }
        },
        "Initialize_variable_ResponseMessage": {
          "runAfter": {
            "Initialize_variable_ResponseCode": [
              "Succeeded"
            ]
          },
          "metadata": {
            "operationMetadataId": "9b6d0474-6f4c-4c14-86b2-3596cf2eab52"
          },
          "type": "InitializeVariable",
          "inputs": {
            "variables": [
              {
                "name": "ResponseMessage",
                "type": "string"
              }
            ]
          }
        }
      },
      "outputs": {}
    }
  },
  "schemaVersion": "1.0.0.0"
}