{
  "properties": {
    "connectionReferences": {
      "shared_sharepointonline": {
        "runtimeSource": "embedded",
        "connection": {
          "connectionReferenceLogicalName": "cr93e_BPMToolkitSPConnectionref4"
        },
        "api": {
          "name": "shared_sharepointonline"
        }
      }
    },
    "definition": {
      "$schema": "https://schema.management.azure.com/providers/Microsoft.Logic/schemas/2016-06-01/workflowdefinition.json#",
      "contentVersion": "1.0.0.0",
      "parameters": {
        "$connections": {
          "defaultValue": {},
          "type": "Object"
        },
        "$authentication": {
          "defaultValue": {},
          "type": "SecureObject"
        },
        "BPM Site (cr93e_BPMSite)": {
          "defaultValue": "https://eurocontrol.sharepoint.com/sites/HRSADEV",
          "type": "String",
          "metadata": {
            "schemaName": "cr93e_BPMSite"
          }
        },
        "BPM Case Workflows (cr93e_BPMCaseWorkflows)": {
          "defaultValue": "2571f93f-d1d5-4c2f-9fea-6739d8cedebc",
          "type": "String",
          "metadata": {
            "schemaName": "cr93e_BPMCaseWorkflows"
          }
        },
        "BPM Cases (cr93e_BPMCases)": {
          "defaultValue": "28007d72-bc53-410a-b713-409478508462",
          "type": "String",
          "metadata": {
            "schemaName": "cr93e_BPMCases"
          }
        }
      },
      "triggers": {
        "manual": {
          "metadata": {
            "operationMetadataId": "4f7591c8-93ad-4a66-be3e-3a1d27fe47ee"
          },
          "type": "Request",
          "kind": "Button",
          "inputs": {
            "schema": {
              "type": "object",
              "properties": {
                "text": {
                  "title": "CaseID",
                  "type": "string",
                  "x-ms-dynamically-added": true,
                  "description": "Please enter your input",
                  "x-ms-content-hint": "TEXT"
                },
                "text_1": {
                  "title": "TypeOfRequest",
                  "type": "string",
                  "x-ms-dynamically-added": true,
                  "description": "Please enter your input",
                  "x-ms-content-hint": "TEXT"
                }
              },
              "required": [
                "text",
                "text_1"
              ]
            }
          }
        }
      },
      "actions": {
        "CaseID": {
          "runAfter": {},
          "metadata": {
            "operationMetadataId": "e6281b91-848b-4611-a778-8d356d7b4a49"
          },
          "type": "Compose",
          "inputs": "@triggerBody()['text']"
        },
        "TypeOfRequest": {
          "runAfter": {
            "CaseID": [
              "Succeeded"
            ]
          },
          "metadata": {
            "operationMetadataId": "e13d0c81-b230-4c7a-b4bf-67a2f36dfebe"
          },
          "type": "Compose",
          "inputs": "@triggerBody()['text_1']"
        },
        "Respond_to_a_PowerApp_or_flow": {
          "runAfter": {
            "Catch": [
              "Succeeded",
              "Failed",
              "Skipped",
              "TimedOut"
            ]
          },
          "metadata": {
            "operationMetadataId": "b087f760-0e96-41cb-8c2f-96875e894ef4"
          },
          "type": "Response",
          "kind": "PowerApp",
          "inputs": {
            "statusCode": 200,
            "body": {},
            "schema": {
              "type": "object",
              "properties": {}
            }
          }
        },
        "Try": {
          "actions": {
            "Run_a_Child_Flow_-_Compute_Final_Workflow_Status": {
              "runAfter": {},
              "metadata": {
                "operationMetadataId": "54813c60-912a-4c69-90ff-1910d4951a00"
              },
              "type": "Workflow",
              "inputs": {
                "host": {
                  "workflowReferenceName": "448039c7-e866-eb11-a812-000d3ab38342"
                },
                "body": {
                  "text": "@outputs('CaseID')",
                  "text_1": "@outputs('TypeOfRequest')"
                }
              }
            },
            "FinalWorkflowStatus": {
              "runAfter": {
                "Run_a_Child_Flow_-_Compute_Final_Workflow_Status": [
                  "Succeeded"
                ]
              },
              "metadata": {
                "operationMetadataId": "a47bc3eb-25ee-4631-991f-ccded9a6bf67"
              },
              "type": "Compose",
              "inputs": "@outputs('Run_a_Child_Flow_-_Compute_Final_Workflow_Status')?['Body']?['workflowstatus']"
            },
            "Set_workflow_final_Status": {
              "actions": {
                "Get_items_-Case_Workflows_": {
                  "runAfter": {},
                  "metadata": {
                    "operationMetadataId": "372b6909-bb3e-4022-83bf-8202cafd772e"
                  },
                  "type": "OpenApiConnection",
                  "inputs": {
                    "host": {
                      "connectionName": "shared_sharepointonline",
                      "operationId": "GetItems",
                      "apiId": "/providers/Microsoft.PowerApps/apis/shared_sharepointonline"
                    },
                    "parameters": {
                      "dataset": "@parameters('BPM Site (cr93e_BPMSite)')",
                      "table": "@parameters('BPM Case Workflows (cr93e_BPMCaseWorkflows)')",
                      "$filter": "CaseID eq '@{outputs('CaseID')}'"
                    },
                    "authentication": {
                      "type": "Raw",
                      "value": "@json(decodeBase64(triggerOutputs().headers['X-MS-APIM-Tokens']))['$ConnectionKey']"
                    }
                  }
                },
                "Apply_to_each_Workflow": {
                  "foreach": "@outputs('Get_items_-Case_Workflows_')?['body/value']",
                  "actions": {
                    "Update_item_-__Workflow_Status": {
                      "runAfter": {},
                      "metadata": {
                        "operationMetadataId": "e974e02a-3b24-450e-ae04-9d4c13c85d76"
                      },
                      "type": "OpenApiConnection",
                      "inputs": {
                        "host": {
                          "connectionName": "shared_sharepointonline",
                          "operationId": "PatchItem",
                          "apiId": "/providers/Microsoft.PowerApps/apis/shared_sharepointonline"
                        },
                        "parameters": {
                          "dataset": "@parameters('BPM Site (cr93e_BPMSite)')",
                          "table": "@parameters('BPM Case Workflows (cr93e_BPMCaseWorkflows)')",
                          "id": "@items('Apply_to_each_Workflow')?['ID']",
                          "item/CaseEnded": "@utcNow()",
                          "item/CaseStatus": "@outputs('FinalWorkflowStatus')"
                        },
                        "authentication": {
                          "type": "Raw",
                          "value": "@json(decodeBase64(triggerOutputs().headers['X-MS-APIM-Tokens']))['$ConnectionKey']"
                        }
                      }
                    }
                  },
                  "runAfter": {
                    "Get_items_-Case_Workflows_": [
                      "Succeeded"
                    ]
                  },
                  "metadata": {
                    "operationMetadataId": "285a7fd9-241f-47f0-9614-3c69dfcd4fd2"
                  },
                  "type": "Foreach"
                }
              },
              "runAfter": {
                "FinalWorkflowStatus": [
                  "Succeeded"
                ]
              },
              "metadata": {
                "operationMetadataId": "f2e9d516-d36f-4184-8bd5-607f18c31e0a"
              },
              "type": "Scope"
            },
            "Set_Case_final_status": {
              "actions": {
                "Get_items_-_Cases": {
                  "runAfter": {},
                  "metadata": {
                    "operationMetadataId": "e39380de-2bc7-4316-9cdf-c8751c8ccc6c"
                  },
                  "type": "OpenApiConnection",
                  "inputs": {
                    "host": {
                      "connectionName": "shared_sharepointonline",
                      "operationId": "GetItems",
                      "apiId": "/providers/Microsoft.PowerApps/apis/shared_sharepointonline"
                    },
                    "parameters": {
                      "dataset": "@parameters('BPM Site (cr93e_BPMSite)')",
                      "table": "@parameters('BPM Cases (cr93e_BPMCases)')",
                      "$filter": "CaseID eq '@{outputs('CaseID')}'"
                    },
                    "authentication": {
                      "type": "Raw",
                      "value": "@json(decodeBase64(triggerOutputs().headers['X-MS-APIM-Tokens']))['$ConnectionKey']"
                    }
                  }
                },
                "Apply_to_each_Case": {
                  "foreach": "@outputs('Get_items_-_Cases')?['body/value']",
                  "actions": {
                    "Update_item_-_Case_-_Status": {
                      "runAfter": {},
                      "metadata": {
                        "operationMetadataId": "b05b31a0-ff7e-46c8-8a6d-d770d86e2b8c"
                      },
                      "type": "OpenApiConnection",
                      "inputs": {
                        "host": {
                          "connectionName": "shared_sharepointonline",
                          "operationId": "PatchItem",
                          "apiId": "/providers/Microsoft.PowerApps/apis/shared_sharepointonline"
                        },
                        "parameters": {
                          "dataset": "@parameters('BPM Site (cr93e_BPMSite)')",
                          "table": "@parameters('BPM Cases (cr93e_BPMCases)')",
                          "id": "@items('Apply_to_each_Case')?['ID']",
                          "item/CaseStatus": "@outputs('FinalWorkflowStatus')"
                        },
                        "authentication": {
                          "type": "Raw",
                          "value": "@json(decodeBase64(triggerOutputs().headers['X-MS-APIM-Tokens']))['$ConnectionKey']"
                        }
                      }
                    }
                  },
                  "runAfter": {
                    "Get_items_-_Cases": [
                      "Succeeded"
                    ]
                  },
                  "metadata": {
                    "operationMetadataId": "05d8e94d-43f9-4e31-bc25-027558012510"
                  },
                  "type": "Foreach"
                }
              },
              "runAfter": {
                "FinalWorkflowStatus": [
                  "Succeeded"
                ]
              },
              "metadata": {
                "operationMetadataId": "bccc91cd-04c6-4573-a2e8-5be524b827a7"
              },
              "type": "Scope"
            }
          },
          "runAfter": {
            "TypeOfRequest": [
              "Succeeded"
            ]
          },
          "metadata": {
            "operationMetadataId": "0807005b-8eb8-48b4-8430-bb8b43551b6b"
          },
          "type": "Scope"
        },
        "Catch": {
          "actions": {
            "Run_a_Child_Flow_-_LOg_Flow_Error": {
              "runAfter": {},
              "metadata": {
                "operationMetadataId": "41e21220-c398-4e56-afb8-920d91c3439d"
              },
              "type": "Workflow",
              "inputs": {
                "host": {
                  "workflowReferenceName": "01389840-615e-eb11-a812-0022489c791b"
                },
                "body": {
                  "text": "@string(result('Try'))",
                  "text_1": "@string(workflow())",
                  "text_2": "@outputs('CaseID')"
                }
              }
            }
          },
          "runAfter": {
            "Try": [
              "Failed",
              "Skipped",
              "TimedOut"
            ]
          },
          "metadata": {
            "operationMetadataId": "1c7f58bc-0ed2-4908-99af-8ec68ca3fa40"
          },
          "type": "Scope"
        }
      },
      "outputs": {}
    }
  },
  "schemaVersion": "1.0.0.0"
}