{
  "properties": {
    "connectionReferences": {
      "shared_sharepointonline_1": {
        "runtimeSource": "embedded",
        "connection": {
          "connectionReferenceLogicalName": "cr93e_BPMToolkitSPConnectionref"
        },
        "api": {
          "name": "shared_sharepointonline"
        }
      }
    },
    "definition": {
      "$schema": "https://schema.management.azure.com/providers/Microsoft.Logic/schemas/2016-06-01/workflowdefinition.json#",
      "contentVersion": "1.0.0.0",
      "parameters": {
        "$connections": {
          "defaultValue": {},
          "type": "Object"
        },
        "$authentication": {
          "defaultValue": {},
          "type": "SecureObject"
        },
        "BPM Site (cr93e_BPMSite)": {
          "defaultValue": "https://eurocontrol.sharepoint.com/sites/HRSADEV",
          "type": "String",
          "metadata": {
            "schemaName": "cr93e_BPMSite"
          }
        },
        "BPM Case Delegations (cr93e_BPMCaseDelegations)": {
          "defaultValue": "0d52508b-39a3-4582-9582-d721047820c8",
          "type": "String",
          "metadata": {
            "schemaName": "cr93e_BPMCaseDelegations"
          }
        }
      },
      "triggers": {
        "manual": {
          "metadata": {
            "operationMetadataId": "2595bb12-9261-4544-9e9b-1d71e6b6cec7"
          },
          "type": "Request",
          "kind": "Button",
          "inputs": {
            "schema": {
              "type": "object",
              "properties": {
                "text": {
                  "title": "From User",
                  "type": "string",
                  "x-ms-dynamically-added": true,
                  "description": "Please enter your input",
                  "x-ms-content-hint": "TEXT"
                },
                "text_1": {
                  "title": "To User",
                  "type": "string",
                  "x-ms-dynamically-added": true,
                  "description": "Please enter your input",
                  "x-ms-content-hint": "TEXT"
                },
                "text_2": {
                  "title": "StartDate",
                  "type": "string",
                  "x-ms-dynamically-added": true,
                  "description": "Please enter your input",
                  "x-ms-content-hint": "TEXT"
                },
                "text_3": {
                  "title": "EndDate",
                  "type": "string",
                  "x-ms-dynamically-added": true,
                  "description": "Please enter your input",
                  "x-ms-content-hint": "TEXT"
                }
              },
              "required": [
                "text",
                "text_1",
                "text_2",
                "text_3"
              ]
            }
          }
        }
      },
      "actions": {
        "FromUser": {
          "runAfter": {},
          "metadata": {
            "operationMetadataId": "e108631d-01d1-44de-a7a7-6990eef9481c"
          },
          "type": "Compose",
          "inputs": "@toLower(triggerBody()['text'])"
        },
        "ToUser": {
          "runAfter": {
            "FromUser": [
              "Succeeded"
            ]
          },
          "metadata": {
            "operationMetadataId": "9972d98a-b563-46be-95d8-021860a3d03d"
          },
          "type": "Compose",
          "inputs": "@toLower(triggerBody()['text_1'])"
        },
        "Respond_to_a_PowerApp_or_flow": {
          "runAfter": {
            "Check_if_FromUser_is_not_ToUser": [
              "Succeeded"
            ]
          },
          "metadata": {
            "operationMetadataId": "4b1b4df0-3b18-491b-8309-c31d12e7b078"
          },
          "type": "Response",
          "kind": "PowerApp",
          "inputs": {
            "statusCode": 200,
            "body": {
              "responsecode": "@{variables('ResponseCode')}",
              "responsemessage": " @{variables('ResponseMessage')}"
            },
            "schema": {
              "type": "object",
              "properties": {
                "responsecode": {
                  "title": "ResponseCode",
                  "x-ms-dynamically-added": true,
                  "type": "string"
                },
                "responsemessage": {
                  "title": "ResponseMessage",
                  "x-ms-dynamically-added": true,
                  "type": "string"
                }
              }
            }
          }
        },
        "Initialize_variable_ResponseCode": {
          "runAfter": {
            "EndDate": [
              "Succeeded"
            ]
          },
          "metadata": {
            "operationMetadataId": "d3dd88c5-e649-4f69-91bc-7b1540a734fe"
          },
          "type": "InitializeVariable",
          "inputs": {
            "variables": [
              {
                "name": "ResponseCode",
                "type": "integer",
                "value": 200
              }
            ]
          }
        },
        "Initialize_variable_ResponseMessage": {
          "runAfter": {
            "Initialize_variable_ResponseCode": [
              "Succeeded"
            ]
          },
          "metadata": {
            "operationMetadataId": "23de2e06-59f2-4376-80fc-e404ee117fd2"
          },
          "type": "InitializeVariable",
          "inputs": {
            "variables": [
              {
                "name": "ResponseMessage",
                "type": "string"
              }
            ]
          }
        },
        "Check_if_FromUser_is_not_ToUser": {
          "actions": {
            "Set_variable_ResponseCode_": {
              "runAfter": {},
              "metadata": {
                "operationMetadataId": "1d666351-cd28-4e71-90a8-387159b0d434"
              },
              "type": "SetVariable",
              "inputs": {
                "name": "ResponseCode",
                "value": 302
              }
            },
            "Set_variable_ResponseMessage_": {
              "runAfter": {
                "Set_variable_ResponseCode_": [
                  "Succeeded"
                ]
              },
              "metadata": {
                "operationMetadataId": "dad2d490-bafa-473d-b982-5ba463ecbe19"
              },
              "type": "SetVariable",
              "inputs": {
                "name": "ResponseMessage",
                "value": "You cannot delegate to yourself"
              }
            }
          },
          "runAfter": {
            "Initialize_variable_ResponseMessage": [
              "Succeeded"
            ]
          },
          "else": {
            "actions": {
              "Get_items_-_Existing_Delegation_for_the_user": {
                "runAfter": {},
                "metadata": {
                  "operationMetadataId": "aa029cc0-21af-4992-aadf-207e7b298804"
                },
                "type": "OpenApiConnection",
                "inputs": {
                  "host": {
                    "connectionName": "shared_sharepointonline_1",
                    "operationId": "GetItems",
                    "apiId": "/providers/Microsoft.PowerApps/apis/shared_sharepointonline"
                  },
                  "parameters": {
                    "dataset": "@parameters('BPM Site (cr93e_BPMSite)')",
                    "table": "@parameters('BPM Case Delegations (cr93e_BPMCaseDelegations)')",
                    "$filter": "User_From eq '@{outputs('FromUser')}' "
                  },
                  "authentication": {
                    "type": "Raw",
                    "value": "@json(decodeBase64(triggerOutputs().headers['X-MS-APIM-Tokens']))['$ConnectionKey']"
                  }
                }
              },
              "Check_if_this_delegation_already_exist": {
                "actions": {
                  "Create_item_-_Delegation": {
                    "runAfter": {},
                    "metadata": {
                      "operationMetadataId": "4fa6a082-8870-4898-b85e-d3dc4d442292"
                    },
                    "type": "OpenApiConnection",
                    "inputs": {
                      "host": {
                        "connectionName": "shared_sharepointonline_1",
                        "operationId": "PostItem",
                        "apiId": "/providers/Microsoft.PowerApps/apis/shared_sharepointonline"
                      },
                      "parameters": {
                        "dataset": "@parameters('BPM Site (cr93e_BPMSite)')",
                        "table": "@parameters('BPM Case Delegations (cr93e_BPMCaseDelegations)')",
                        "item/User_From": "@outputs('FromUser')",
                        "item/User_To": "@outputs('ToUser')",
                        "item/From_Date": "@outputs('StartDate')",
                        "item/To_Date": "@outputs('EndDate')",
                        "item/Active": true
                      },
                      "authentication": {
                        "type": "Raw",
                        "value": "@json(decodeBase64(triggerOutputs().headers['X-MS-APIM-Tokens']))['$ConnectionKey']"
                      }
                    }
                  }
                },
                "runAfter": {
                  "Get_items_-_Existing_Delegation_for_the_user": [
                    "Succeeded"
                  ]
                },
                "else": {
                  "actions": {
                    "Set_variable_ResponseCode": {
                      "runAfter": {},
                      "metadata": {
                        "operationMetadataId": "1cdf9b77-2699-4660-91f1-4b9a015b752e"
                      },
                      "type": "SetVariable",
                      "inputs": {
                        "name": "ResponseCode",
                        "value": 301
                      }
                    },
                    "Set_variable_ResponseMessage": {
                      "runAfter": {
                        "Set_variable_ResponseCode": [
                          "Succeeded"
                        ]
                      },
                      "metadata": {
                        "operationMetadataId": "c3c34b59-0e80-4b4a-8461-4b7c15205d73"
                      },
                      "type": "SetVariable",
                      "inputs": {
                        "name": "ResponseMessage",
                        "value": "You already have a delegation"
                      }
                    }
                  }
                },
                "expression": {
                  "equals": [
                    "@length(outputs('Get_items_-_Existing_Delegation_for_the_user')?['body/value'])",
                    0
                  ]
                },
                "metadata": {
                  "operationMetadataId": "3af3ecf6-ee5a-42a4-8637-35c4d4a88763"
                },
                "type": "If"
              }
            }
          },
          "expression": {
            "equals": [
              "@outputs('ToUser')",
              "@outputs('FromUser')"
            ]
          },
          "metadata": {
            "operationMetadataId": "d9dbd15d-6edd-40d0-a63a-cbfa38a0052a"
          },
          "type": "If"
        },
        "StartDate": {
          "runAfter": {
            "ToUser": [
              "Succeeded"
            ]
          },
          "metadata": {
            "operationMetadataId": "3c5dc374-3182-4482-a9ce-fd08467131c7"
          },
          "type": "Compose",
          "inputs": "@triggerBody()['text_2']"
        },
        "EndDate": {
          "runAfter": {
            "StartDate": [
              "Succeeded"
            ]
          },
          "metadata": {
            "operationMetadataId": "7fdf57cd-0549-4750-b431-b657a33a382c"
          },
          "type": "Compose",
          "inputs": "@triggerBody()['text_3']"
        }
      },
      "outputs": {}
    }
  },
  "schemaVersion": "1.0.0.0"
}