{
  "properties": {
    "connectionReferences": {
      "shared_sharepointonline_1": {
        "runtimeSource": "embedded",
        "connection": {
          "connectionReferenceLogicalName": "cr93e_BPMToolkitSPConnectionref4"
        },
        "api": {
          "name": "shared_sharepointonline"
        }
      }
    },
    "definition": {
      "$schema": "https://schema.management.azure.com/providers/Microsoft.Logic/schemas/2016-06-01/workflowdefinition.json#",
      "contentVersion": "1.0.0.0",
      "parameters": {
        "$connections": {
          "defaultValue": {},
          "type": "Object"
        },
        "$authentication": {
          "defaultValue": {},
          "type": "SecureObject"
        },
        "BPM Site (cr93e_BPMSite)": {
          "defaultValue": "https://eurocontrol.sharepoint.com/sites/HRSADEV",
          "type": "String",
          "metadata": {
            "schemaName": "cr93e_BPMSite"
          }
        },
        "BPM Case Workflows (cr93e_BPMCaseWorkflows)": {
          "defaultValue": "2571f93f-d1d5-4c2f-9fea-6739d8cedebc",
          "type": "String",
          "metadata": {
            "schemaName": "cr93e_BPMCaseWorkflows"
          }
        }
      },
      "triggers": {
        "manual": {
          "metadata": {
            "operationMetadataId": "80f36347-d7b5-4946-8e03-e60b138a7e20"
          },
          "type": "Request",
          "kind": "Button",
          "inputs": {
            "schema": {
              "type": "object",
              "properties": {
                "text": {
                  "title": "CaseID",
                  "type": "string",
                  "x-ms-dynamically-added": true,
                  "description": "Please enter your input",
                  "x-ms-content-hint": "TEXT"
                },
                "boolean": {
                  "title": "Transaction",
                  "type": "boolean",
                  "x-ms-dynamically-added": true,
                  "description": "Please select yes or no",
                  "x-ms-content-hint": "BOOLEAN"
                }
              },
              "required": [
                "text",
                "boolean"
              ]
            }
          }
        }
      },
      "actions": {
        "Get_items_-_Case_Workflows": {
          "runAfter": {
            "Transaction": [
              "Succeeded"
            ]
          },
          "metadata": {
            "operationMetadataId": "b8ad5ed8-6ce0-45b0-9a56-26ae790df0e0"
          },
          "type": "OpenApiConnection",
          "inputs": {
            "host": {
              "connectionName": "shared_sharepointonline_1",
              "operationId": "GetItems",
              "apiId": "/providers/Microsoft.PowerApps/apis/shared_sharepointonline"
            },
            "parameters": {
              "dataset": "@parameters('BPM Site (cr93e_BPMSite)')",
              "table": "@parameters('BPM Case Workflows (cr93e_BPMCaseWorkflows)')",
              "$filter": "CaseID eq '@{triggerBody()['text']}'"
            },
            "authentication": {
              "type": "Raw",
              "value": "@json(decodeBase64(triggerOutputs().headers['X-MS-APIM-Tokens']))['$ConnectionKey']"
            }
          }
        },
        "Apply_to_each": {
          "foreach": "@outputs('Get_items_-_Case_Workflows')?['body/value']",
          "actions": {
            "Update_item": {
              "runAfter": {},
              "metadata": {
                "operationMetadataId": "c5c98677-14af-4812-b200-e02e099eb602"
              },
              "type": "OpenApiConnection",
              "inputs": {
                "host": {
                  "connectionName": "shared_sharepointonline_1",
                  "operationId": "PatchItem",
                  "apiId": "/providers/Microsoft.PowerApps/apis/shared_sharepointonline"
                },
                "parameters": {
                  "dataset": "@parameters('BPM Site (cr93e_BPMSite)')",
                  "table": "@parameters('BPM Case Workflows (cr93e_BPMCaseWorkflows)')",
                  "id": "@items('Apply_to_each')?['ID']",
                  "item/WorkInProgress": "@if(outputs('Transaction'),'transaction','' )"
                },
                "authentication": {
                  "type": "Raw",
                  "value": "@json(decodeBase64(triggerOutputs().headers['X-MS-APIM-Tokens']))['$ConnectionKey']"
                }
              }
            }
          },
          "runAfter": {
            "Get_items_-_Case_Workflows": [
              "Succeeded"
            ]
          },
          "metadata": {
            "operationMetadataId": "af8f1379-82e5-49f2-8d66-f2bf0be9985d"
          },
          "type": "Foreach"
        },
        "Transaction": {
          "runAfter": {},
          "metadata": {
            "operationMetadataId": "5aa2dd06-a46b-471d-96c5-f5f021d3f629"
          },
          "type": "Compose",
          "inputs": "@triggerBody()['boolean']"
        },
        "Respond_to_a_PowerApp_or_flow": {
          "runAfter": {
            "Apply_to_each": [
              "Succeeded"
            ]
          },
          "metadata": {
            "operationMetadataId": "09501ca1-5e7a-44a1-b096-b74a477a913a"
          },
          "type": "Response",
          "kind": "PowerApp",
          "inputs": {
            "statusCode": 200,
            "body": {},
            "schema": {
              "type": "object",
              "properties": {}
            }
          }
        }
      },
      "outputs": {}
    }
  },
  "schemaVersion": "1.0.0.0"
}