{
  "properties": {
    "connectionReferences": {
      "shared_sharepointonline_1": {
        "runtimeSource": "embedded",
        "connection": {
          "connectionReferenceLogicalName": "cr93e_BPMToolkitSPConnectionref4"
        },
        "api": {
          "name": "shared_sharepointonline"
        }
      }
    },
    "definition": {
      "$schema": "https://schema.management.azure.com/providers/Microsoft.Logic/schemas/2016-06-01/workflowdefinition.json#",
      "contentVersion": "1.0.0.0",
      "parameters": {
        "$connections": {
          "defaultValue": {},
          "type": "Object"
        },
        "$authentication": {
          "defaultValue": {},
          "type": "SecureObject"
        },
        "BPM Site (cr93e_BPMSite)": {
          "defaultValue": "https://eurocontrol.sharepoint.com/sites/HRSADEV",
          "type": "String",
          "metadata": {
            "schemaName": "cr93e_BPMSite"
          }
        },
        "BPM Case Lifecycle (cr93e_BPMCaseLifecycle)": {
          "defaultValue": "f3de391d-6402-4616-9078-14cf2ca00a7d",
          "type": "String",
          "metadata": {
            "schemaName": "cr93e_BPMCaseLifecycle"
          }
        }
      },
      "triggers": {
        "manual": {
          "metadata": {
            "operationMetadataId": "713a1cfb-ecb3-4cd7-a52c-978616106100"
          },
          "type": "Request",
          "kind": "Button",
          "inputs": {
            "schema": {
              "type": "object",
              "properties": {
                "text": {
                  "title": "CaseID",
                  "type": "string",
                  "x-ms-dynamically-added": true,
                  "description": "Please enter your input",
                  "x-ms-content-hint": "TEXT"
                },
                "text_1": {
                  "title": "Step",
                  "type": "string",
                  "x-ms-dynamically-added": true,
                  "description": "Please enter your input",
                  "x-ms-content-hint": "TEXT"
                }
              },
              "required": [
                "text",
                "text_1"
              ]
            }
          }
        }
      },
      "actions": {
        "Get_items_-_Case_Lifecycle": {
          "runAfter": {
            "Respond_to_a_PowerApp_or_flow": [
              "Succeeded"
            ]
          },
          "metadata": {
            "operationMetadataId": "c1028652-d2c3-45b4-9d70-a307ad95a2dd"
          },
          "type": "OpenApiConnection",
          "inputs": {
            "host": {
              "connectionName": "shared_sharepointonline_1",
              "operationId": "GetItems",
              "apiId": "/providers/Microsoft.PowerApps/apis/shared_sharepointonline"
            },
            "parameters": {
              "dataset": "@parameters('BPM Site (cr93e_BPMSite)')",
              "table": "@parameters('BPM Case Lifecycle (cr93e_BPMCaseLifecycle)')",
              "$filter": "(CaseID eq '@{outputs('CaseID')}') and (Step eq '@{outputs('Step')}')"
            },
            "authentication": {
              "type": "Raw",
              "value": "@json(decodeBase64(triggerOutputs().headers['X-MS-APIM-Tokens']))['$ConnectionKey']"
            }
          }
        },
        "Apply_to_each": {
          "foreach": "@outputs('Get_items_-_Case_Lifecycle')?['body/value']",
          "actions": {
            "Run_a_Child_Flow_-_BPM_Toolkit_Workflow_Runtime": {
              "runAfter": {},
              "metadata": {
                "operationMetadataId": "9aafd7d8-9410-47ba-9331-ec14f277e25b"
              },
              "type": "Workflow",
              "inputs": {
                "host": {
                  "workflowReferenceName": "e0a2b68e-b1a1-ea11-a812-000d3ad7f66c"
                },
                "body": {
                  "text": "@items('Apply_to_each')?['CaseID']",
                  "text_1": "@string(items('Apply_to_each')?['Step'])",
                  "text_2": "@items('Apply_to_each')?['CaseType']",
                  "text_3": "@coalesce(items('Apply_to_each')?['Status'],'')",
                  "text_4": "@coalesce(items('Apply_to_each')?['if_x0020_value'],'')",
                  "text_5": "@coalesce(items('Apply_to_each')?['if_x0020_Goto'],'')"
                }
              }
            }
          },
          "runAfter": {
            "Get_items_-_Case_Lifecycle": [
              "Succeeded"
            ]
          },
          "metadata": {
            "operationMetadataId": "620d040a-2f9e-418b-8395-103acad5595d"
          },
          "type": "Foreach"
        },
        "Respond_to_a_PowerApp_or_flow": {
          "runAfter": {
            "Step": [
              "Succeeded"
            ]
          },
          "metadata": {
            "operationMetadataId": "2469f601-ff38-431e-a50d-4e3f7aac7cc6"
          },
          "type": "Response",
          "kind": "PowerApp",
          "inputs": {
            "statusCode": 200,
            "body": {},
            "schema": {
              "type": "object",
              "properties": {}
            }
          }
        },
        "CaseID": {
          "runAfter": {},
          "metadata": {
            "operationMetadataId": "74dd168e-1617-49da-bb1d-88d872bd3b96"
          },
          "type": "Compose",
          "inputs": "@triggerBody()['text']"
        },
        "Step": {
          "runAfter": {
            "CaseID": [
              "Succeeded"
            ]
          },
          "metadata": {
            "operationMetadataId": "ec36bf4f-c0ae-4bba-9aed-075e036ec88f"
          },
          "type": "Compose",
          "inputs": "@triggerBody()['text_1']"
        }
      },
      "outputs": {}
    }
  },
  "schemaVersion": "1.0.0.0"
}