{
  "properties": {
    "connectionReferences": {
      "shared_sharepointonline_1": {
        "runtimeSource": "embedded",
        "connection": {
          "connectionReferenceLogicalName": "cr93e_BPMToolkitSPConnectionref"
        },
        "api": {
          "name": "shared_sharepointonline"
        }
      }
    },
    "definition": {
      "$schema": "https://schema.management.azure.com/providers/Microsoft.Logic/schemas/2016-06-01/workflowdefinition.json#",
      "contentVersion": "1.0.0.0",
      "parameters": {
        "$connections": {
          "defaultValue": {},
          "type": "Object"
        },
        "$authentication": {
          "defaultValue": {},
          "type": "SecureObject"
        },
        "BPM Site (cr93e_BPMSite)": {
          "defaultValue": "https://eurocontrol.sharepoint.com/sites/HRSADEV",
          "type": "String",
          "metadata": {
            "schemaName": "cr93e_BPMSite"
          }
        },
        "BPM Case Delegations (cr93e_BPMCaseDelegations)": {
          "defaultValue": "0d52508b-39a3-4582-9582-d721047820c8",
          "type": "String",
          "metadata": {
            "schemaName": "cr93e_BPMCaseDelegations"
          }
        }
      },
      "triggers": {
        "manual": {
          "metadata": {
            "operationMetadataId": "e872ce78-dd99-4143-a013-12e6f42cf9e8"
          },
          "type": "Request",
          "kind": "Button",
          "inputs": {
            "schema": {
              "type": "object",
              "properties": {
                "text": {
                  "title": "FromUser",
                  "type": "string",
                  "x-ms-dynamically-added": true,
                  "description": "Please enter your input",
                  "x-ms-content-hint": "TEXT"
                },
                "text_1": {
                  "title": "FromDate",
                  "type": "string",
                  "x-ms-dynamically-added": true,
                  "description": "Please enter your input",
                  "x-ms-content-hint": "TEXT"
                },
                "text_2": {
                  "title": "ToDate",
                  "type": "string",
                  "x-ms-dynamically-added": true,
                  "description": "Please enter your input",
                  "x-ms-content-hint": "TEXT"
                }
              },
              "required": [
                "text",
                "text_1",
                "text_2"
              ]
            }
          }
        }
      },
      "actions": {
        "Get_items_-_Case_Delegations": {
          "runAfter": {
            "Initialize_variable_NewUser": [
              "Succeeded"
            ]
          },
          "metadata": {
            "operationMetadataId": "b468a31f-7bdc-443e-8bc3-3cbd65d89666"
          },
          "type": "OpenApiConnection",
          "inputs": {
            "host": {
              "connectionName": "shared_sharepointonline_1",
              "operationId": "GetItems",
              "apiId": "/providers/Microsoft.PowerApps/apis/shared_sharepointonline"
            },
            "parameters": {
              "dataset": "@parameters('BPM Site (cr93e_BPMSite)')",
              "table": "@parameters('BPM Case Delegations (cr93e_BPMCaseDelegations)')",
              "$filter": "User_From eq '@{triggerBody()['text']}'"
            },
            "authentication": {
              "type": "Raw",
              "value": "@json(decodeBase64(triggerOutputs().headers['X-MS-APIM-Tokens']))['$ConnectionKey']"
            }
          }
        },
        "Respond_to_a_PowerApp_or_flow": {
          "runAfter": {
            "Apply_to_each": [
              "Succeeded"
            ]
          },
          "metadata": {
            "operationMetadataId": "589bd668-3434-4e9e-be98-33d650049c7c"
          },
          "type": "Response",
          "kind": "PowerApp",
          "inputs": {
            "statusCode": 200,
            "body": {
              "responsecode": "200",
              "responsemessage": " ",
              "newuser": "@variables('NewUser')"
            },
            "schema": {
              "type": "object",
              "properties": {
                "responsecode": {
                  "title": "ResponseCode",
                  "x-ms-dynamically-added": true,
                  "type": "string"
                },
                "responsemessage": {
                  "title": "ResponseMessage",
                  "x-ms-dynamically-added": true,
                  "type": "string"
                },
                "newuser": {
                  "title": "NewUser",
                  "x-ms-dynamically-added": true,
                  "type": "string"
                }
              }
            }
          }
        },
        "Initialize_variable_NewUser": {
          "runAfter": {},
          "metadata": {
            "operationMetadataId": "39abc189-b9b9-44bd-9489-1482bc82c92d"
          },
          "type": "InitializeVariable",
          "inputs": {
            "variables": [
              {
                "name": "NewUser",
                "type": "string"
              }
            ]
          }
        },
        "Apply_to_each": {
          "foreach": "@outputs('Get_items_-_Case_Delegations')?['body/value']",
          "actions": {
            "Set_variable_NewUser": {
              "runAfter": {},
              "metadata": {
                "operationMetadataId": "0ee3a0fc-9fdc-433e-a48c-9b7b80ba24ae"
              },
              "type": "SetVariable",
              "inputs": {
                "name": "NewUser",
                "value": "@items('Apply_to_each')?['User_To']"
              }
            },
            "Get_items_-_Case_Delegations_-_Cascade_Level_2": {
              "runAfter": {
                "Set_variable_NewUser": [
                  "Succeeded"
                ]
              },
              "metadata": {
                "operationMetadataId": "3459dc14-f2b7-41b0-9805-f63183be3250"
              },
              "type": "OpenApiConnection",
              "inputs": {
                "host": {
                  "connectionName": "shared_sharepointonline_1",
                  "operationId": "GetItems",
                  "apiId": "/providers/Microsoft.PowerApps/apis/shared_sharepointonline"
                },
                "parameters": {
                  "dataset": "@parameters('BPM Site (cr93e_BPMSite)')",
                  "table": "@parameters('BPM Case Delegations (cr93e_BPMCaseDelegations)')",
                  "$filter": "User_From eq '@{variables('NewUser')}'"
                },
                "authentication": {
                  "type": "Raw",
                  "value": "@json(decodeBase64(triggerOutputs().headers['X-MS-APIM-Tokens']))['$ConnectionKey']"
                }
              }
            },
            "Apply_to_each_-_Case_Delegation_-_Cascade_Level_2": {
              "foreach": "@outputs('Get_items_-_Case_Delegations_-_Cascade_Level_2')?['body/value']",
              "actions": {
                "Set_variable_NewUser_(Cascade)": {
                  "runAfter": {},
                  "metadata": {
                    "operationMetadataId": "c5fdc901-f473-45ad-b0cf-bf0721ce296d"
                  },
                  "type": "SetVariable",
                  "inputs": {
                    "name": "NewUser",
                    "value": "@items('Apply_to_each_-_Case_Delegation_-_Cascade_Level_2')?['User_To']"
                  }
                }
              },
              "runAfter": {
                "Get_items_-_Case_Delegations_-_Cascade_Level_2": [
                  "Succeeded"
                ]
              },
              "metadata": {
                "operationMetadataId": "d1dc6ee7-86bf-46fd-8f8f-93b5b275def9"
              },
              "type": "Foreach"
            }
          },
          "runAfter": {
            "Get_items_-_Case_Delegations": [
              "Succeeded"
            ]
          },
          "metadata": {
            "operationMetadataId": "ccba696a-4dcc-4ef1-a110-d81ba6f6c8a3"
          },
          "type": "Foreach"
        }
      },
      "outputs": {}
    }
  },
  "schemaVersion": "1.0.0.0"
}