{
  "properties": {
    "connectionReferences": {
      "shared_sharepointonline_1": {
        "runtimeSource": "embedded",
        "connection": {
          "connectionReferenceLogicalName": "cr93e_BPMToolkitSPConnectionref2"
        },
        "api": {
          "name": "shared_sharepointonline"
        }
      }
    },
    "definition": {
      "$schema": "https://schema.management.azure.com/providers/Microsoft.Logic/schemas/2016-06-01/workflowdefinition.json#",
      "contentVersion": "1.0.0.0",
      "parameters": {
        "$connections": {
          "defaultValue": {},
          "type": "Object"
        },
        "$authentication": {
          "defaultValue": {},
          "type": "SecureObject"
        },
        "BPM Site (cr93e_BPMSite)": {
          "defaultValue": "https://eurocontrol.sharepoint.com/sites/HRSADEV",
          "type": "String",
          "metadata": {
            "schemaName": "cr93e_BPMSite"
          }
        },
        "BPM Case Lifecycle (cr93e_BPMCaseLifecycle)": {
          "defaultValue": "f3de391d-6402-4616-9078-14cf2ca00a7d",
          "type": "String",
          "metadata": {
            "schemaName": "cr93e_BPMCaseLifecycle"
          }
        },
        "BPM Case Workflows (cr93e_BPMCaseWorkflows)": {
          "defaultValue": "2571f93f-d1d5-4c2f-9fea-6739d8cedebc",
          "type": "String",
          "metadata": {
            "schemaName": "cr93e_BPMCaseWorkflows"
          }
        }
      },
      "staticResults": {
        "Get_items_-Case_Workflows__0": {
          "status": "Succeeded",
          "outputs": {
            "statusCode": "OK",
            "headers": {}
          }
        },
        "Update_item_-_Case_Workflows0": {
          "status": "Succeeded",
          "outputs": {
            "statusCode": "OK",
            "headers": {}
          }
        }
      },
      "triggers": {
        "manual": {
          "metadata": {
            "operationMetadataId": "39a2db2d-f073-4f8c-98b0-7db1b414854f"
          },
          "type": "Request",
          "kind": "Button",
          "inputs": {
            "schema": {
              "type": "object",
              "properties": {
                "text": {
                  "title": "CaseID",
                  "type": "string",
                  "x-ms-dynamically-added": true,
                  "description": "Please enter your input",
                  "x-ms-content-hint": "TEXT"
                },
                "text_1": {
                  "title": "FromStep",
                  "type": "string",
                  "x-ms-dynamically-added": true,
                  "description": "Please enter your input",
                  "x-ms-content-hint": "TEXT"
                },
                "text_2": {
                  "title": "TypeOfRequest",
                  "type": "string",
                  "x-ms-dynamically-added": true,
                  "description": "Please enter your input",
                  "x-ms-content-hint": "TEXT"
                },
                "text_3": {
                  "title": "Status",
                  "type": "string",
                  "x-ms-dynamically-added": true,
                  "description": "Please enter your input",
                  "x-ms-content-hint": "TEXT"
                },
                "text_4": {
                  "title": "IfInstruction",
                  "type": "string",
                  "x-ms-dynamically-added": true,
                  "description": "Please enter your input",
                  "x-ms-content-hint": "TEXT"
                },
                "text_5": {
                  "title": "IfGoToActor",
                  "type": "string",
                  "x-ms-dynamically-added": true,
                  "description": "Please enter your input",
                  "x-ms-content-hint": "TEXT"
                }
              },
              "required": [
                "text",
                "text_1",
                "text_2"
              ]
            }
          }
        }
      },
      "actions": {
        "CaseID": {
          "runAfter": {},
          "metadata": {
            "operationMetadataId": "8920dbe0-401b-4f9a-a7d2-d4333dee33ae"
          },
          "type": "Compose",
          "inputs": "@triggerBody()['text']"
        },
        "Initialize_variable_Final_Workflow_Status": {
          "runAfter": {
            "IfGotoActor": [
              "Succeeded"
            ]
          },
          "metadata": {
            "operationMetadataId": "7b8674b0-2afc-4d39-982c-dbd2f458d3fd"
          },
          "type": "InitializeVariable",
          "inputs": {
            "variables": [
              {
                "name": "Final Workflow Status",
                "type": "string"
              }
            ]
          }
        },
        "FromStep": {
          "runAfter": {
            "CaseID": [
              "Succeeded"
            ]
          },
          "metadata": {
            "operationMetadataId": "6c7c5603-e7fb-4575-bfd4-f7291fafb096"
          },
          "type": "Compose",
          "inputs": "@triggerBody()['text_1']"
        },
        "TypeOfRequest": {
          "runAfter": {
            "FromStep": [
              "Succeeded"
            ]
          },
          "metadata": {
            "operationMetadataId": "2b5c08ac-aa88-461e-a911-2ea587ff1f6f"
          },
          "type": "Compose",
          "inputs": "@triggerBody()['text_2']"
        },
        "Try": {
          "actions": {
            "Switch_Approval_Status": {
              "runAfter": {},
              "cases": {
                "Case_RejectedStop": {
                  "case": "RejectedStop",
                  "actions": {
                    "Get_items_-_Workflow_Trace____": {
                      "runAfter": {},
                      "type": "OpenApiConnection",
                      "inputs": {
                        "host": {
                          "connectionName": "shared_sharepointonline_1",
                          "operationId": "GetItems",
                          "apiId": "/providers/Microsoft.PowerApps/apis/shared_sharepointonline"
                        },
                        "parameters": {
                          "dataset": "@parameters('BPM Site (cr93e_BPMSite)')",
                          "table": "@parameters('BPM Case Workflows (cr93e_BPMCaseWorkflows)')",
                          "$filter": "CaseID eq '@{outputs('CaseID')}'",
                          "$top": 1
                        },
                        "authentication": {
                          "type": "Raw",
                          "value": "@json(decodeBase64(triggerOutputs().headers['X-MS-APIM-Tokens']))['$ConnectionKey']"
                        }
                      }
                    },
                    "Apply_to_each": {
                      "foreach": "@outputs('Get_items_-_Workflow_Trace____')?['body/value']",
                      "actions": {
                        "Update_item_-_Case_Workflows_-_Rejected": {
                          "runAfter": {},
                          "type": "OpenApiConnection",
                          "inputs": {
                            "host": {
                              "connectionName": "shared_sharepointonline_1",
                              "operationId": "PatchItem",
                              "apiId": "/providers/Microsoft.PowerApps/apis/shared_sharepointonline"
                            },
                            "parameters": {
                              "dataset": "@parameters('BPM Site (cr93e_BPMSite)')",
                              "table": "@parameters('BPM Case Workflows (cr93e_BPMCaseWorkflows)')",
                              "id": "@items('Apply_to_each')?['ID']",
                              "item/CaseStatus": "Rejected"
                            },
                            "authentication": {
                              "type": "Raw",
                              "value": "@json(decodeBase64(triggerOutputs().headers['X-MS-APIM-Tokens']))['$ConnectionKey']"
                            }
                          }
                        }
                      },
                      "runAfter": {
                        "Get_items_-_Workflow_Trace____": [
                          "Succeeded"
                        ]
                      },
                      "type": "Foreach"
                    },
                    "Terminate": {
                      "runAfter": {
                        "Apply_to_each": [
                          "Succeeded"
                        ]
                      },
                      "type": "Terminate",
                      "inputs": {
                        "runStatus": "Succeeded"
                      }
                    }
                  }
                },
                "Case_ApprovedStop": {
                  "case": "ApprovedStop",
                  "actions": {
                    "Get_items_-_Case_Workflows_": {
                      "runAfter": {},
                      "type": "OpenApiConnection",
                      "inputs": {
                        "host": {
                          "connectionName": "shared_sharepointonline_1",
                          "operationId": "GetItems",
                          "apiId": "/providers/Microsoft.PowerApps/apis/shared_sharepointonline"
                        },
                        "parameters": {
                          "dataset": "@parameters('BPM Site (cr93e_BPMSite)')",
                          "table": "@parameters('BPM Case Workflows (cr93e_BPMCaseWorkflows)')",
                          "$filter": "CaseID eq '@{outputs('CaseID')}'",
                          "$top": 1
                        },
                        "authentication": {
                          "type": "Raw",
                          "value": "@json(decodeBase64(triggerOutputs().headers['X-MS-APIM-Tokens']))['$ConnectionKey']"
                        }
                      }
                    },
                    "Apply_to_each_": {
                      "foreach": "@outputs('Get_items_-_Case_Workflows_')?['body/value']",
                      "actions": {
                        "Update_item_-_Case_Workflows_-_Approved": {
                          "runAfter": {},
                          "type": "OpenApiConnection",
                          "inputs": {
                            "host": {
                              "connectionName": "shared_sharepointonline_1",
                              "operationId": "PatchItem",
                              "apiId": "/providers/Microsoft.PowerApps/apis/shared_sharepointonline"
                            },
                            "parameters": {
                              "dataset": "@parameters('BPM Site (cr93e_BPMSite)')",
                              "table": "@parameters('BPM Case Workflows (cr93e_BPMCaseWorkflows)')",
                              "id": "@items('Apply_to_each_')?['ID']",
                              "item/CaseStatus": "Approved"
                            },
                            "authentication": {
                              "type": "Raw",
                              "value": "@json(decodeBase64(triggerOutputs().headers['X-MS-APIM-Tokens']))['$ConnectionKey']"
                            }
                          }
                        }
                      },
                      "runAfter": {
                        "Get_items_-_Case_Workflows_": [
                          "Succeeded"
                        ]
                      },
                      "type": "Foreach"
                    },
                    "Terminate_": {
                      "runAfter": {
                        "Apply_to_each_": [
                          "Succeeded"
                        ]
                      },
                      "type": "Terminate",
                      "inputs": {
                        "runStatus": "Succeeded"
                      }
                    }
                  }
                }
              },
              "default": {
                "actions": {}
              },
              "expression": "@outputs('Status')",
              "metadata": {
                "operationMetadataId": "9c373bbe-d898-40b1-86c4-4d026eec43ad"
              },
              "type": "Switch"
            },
            "Update_WorkingOnit_Status_of_the_workflow": {
              "actions": {
                "Get_items_-Case_Workflows__": {
                  "runAfter": {},
                  "metadata": {
                    "operationMetadataId": "1ff1a617-5713-4a18-a7e7-d308fe347bfc"
                  },
                  "type": "OpenApiConnection",
                  "inputs": {
                    "host": {
                      "connectionName": "shared_sharepointonline_1",
                      "operationId": "GetItems",
                      "apiId": "/providers/Microsoft.PowerApps/apis/shared_sharepointonline"
                    },
                    "parameters": {
                      "dataset": "@parameters('BPM Site (cr93e_BPMSite)')",
                      "table": "@parameters('BPM Case Workflows (cr93e_BPMCaseWorkflows)')",
                      "$filter": "CaseID eq '@{outputs('CaseID')}'"
                    },
                    "authentication": {
                      "type": "Raw",
                      "value": "@json(decodeBase64(triggerOutputs().headers['X-MS-APIM-Tokens']))['$ConnectionKey']"
                    }
                  },
                  "runtimeConfiguration": {
                    "staticResult": {
                      "staticResultOptions": "Disabled",
                      "name": "Get_items_-Case_Workflows__0"
                    }
                  }
                },
                "Apply_to_each_-_Case_Workflows": {
                  "foreach": "@outputs('Get_items_-Case_Workflows__')?['body/value']",
                  "actions": {
                    "Update_item_-_Case_Workflows": {
                      "runAfter": {},
                      "metadata": {
                        "operationMetadataId": "8f567c80-58f6-4d76-9933-0a51635e0147"
                      },
                      "type": "OpenApiConnection",
                      "inputs": {
                        "host": {
                          "connectionName": "shared_sharepointonline_1",
                          "operationId": "PatchItem",
                          "apiId": "/providers/Microsoft.PowerApps/apis/shared_sharepointonline"
                        },
                        "parameters": {
                          "dataset": "@parameters('BPM Site (cr93e_BPMSite)')",
                          "table": "@parameters('BPM Case Workflows (cr93e_BPMCaseWorkflows)')",
                          "id": "@items('Apply_to_each_-_Case_Workflows')?['ID']",
                          "item/WorkingOnIt": "  @{string('')}",
                          "item/WorkingOnItCache": "   @{string('')}"
                        },
                        "authentication": {
                          "type": "Raw",
                          "value": "@json(decodeBase64(triggerOutputs().headers['X-MS-APIM-Tokens']))['$ConnectionKey']"
                        }
                      },
                      "runtimeConfiguration": {
                        "staticResult": {
                          "staticResultOptions": "Disabled",
                          "name": "Update_item_-_Case_Workflows0"
                        }
                      }
                    }
                  },
                  "runAfter": {
                    "Get_items_-Case_Workflows__": [
                      "Succeeded"
                    ]
                  },
                  "metadata": {
                    "operationMetadataId": "d453fa8d-f7ff-4d3e-b94e-c390b2f9b58c"
                  },
                  "type": "Foreach"
                }
              },
              "runAfter": {
                "Switch_Approval_Status": [
                  "Succeeded"
                ]
              },
              "metadata": {
                "operationMetadataId": "91da0cd5-c0c6-48bf-94c0-8fc622c484cc"
              },
              "type": "Scope",
              "description": "We must cancel ownership when we move from 1 step to another"
            },
            "Check_If_there_is_a_GOTO": {
              "actions": {
                "Goto": {
                  "actions": {
                    "GoToNewActor": {
                      "runAfter": {},
                      "metadata": {
                        "operationMetadataId": "4fe881ba-d770-42bf-bc37-4d17b3545f92"
                      },
                      "type": "Compose",
                      "inputs": "sdf"
                    },
                    "Run_a_Child_Flow_-_Goto_Actor": {
                      "runAfter": {
                        "GoToNewActor": [
                          "Succeeded"
                        ]
                      },
                      "metadata": {
                        "operationMetadataId": "0e4fc321-9bae-4cca-827b-3c913b85de83"
                      },
                      "type": "Workflow",
                      "inputs": {
                        "host": {
                          "workflowReferenceName": "7bbe7b59-b3bb-ea11-a812-000d3a45b556"
                        },
                        "body": {
                          "text": "@outputs('CaseID')",
                          "text_1": "@outputs('IfGotoActor')",
                          "text_2": "@outputs('FromStep')",
                          "boolean": false
                        }
                      }
                    }
                  },
                  "runAfter": {},
                  "metadata": {
                    "operationMetadataId": "3d855882-f080-4cbe-ac21-5ea7a4fd26d5"
                  },
                  "type": "Scope"
                }
              },
              "runAfter": {
                "Update_WorkingOnit_Status_of_the_workflow": [
                  "Succeeded"
                ]
              },
              "else": {
                "actions": {
                  "Find_Next_Step": {
                    "actions": {
                      "NextStep": {
                        "runAfter": {},
                        "metadata": {
                          "operationMetadataId": "fe475fa7-af06-4281-a682-e5d635dfc4bc"
                        },
                        "type": "Compose",
                        "inputs": "@add(int(outputs('FromStep')), 1)"
                      },
                      "Get_items_-_Case_Lifecycle": {
                        "runAfter": {
                          "NextStep": [
                            "Succeeded"
                          ]
                        },
                        "metadata": {
                          "operationMetadataId": "2b5877cc-a942-4714-a12b-3d0a96f2926b"
                        },
                        "type": "OpenApiConnection",
                        "inputs": {
                          "host": {
                            "connectionName": "shared_sharepointonline_1",
                            "operationId": "GetItems",
                            "apiId": "/providers/Microsoft.PowerApps/apis/shared_sharepointonline"
                          },
                          "parameters": {
                            "dataset": "@parameters('BPM Site (cr93e_BPMSite)')",
                            "table": "@parameters('BPM Case Lifecycle (cr93e_BPMCaseLifecycle)')",
                            "$filter": "CaseID eq'@{outputs('CaseID')}' and Step eq '@{outputs('NextStep')}'",
                            "$orderby": "Step"
                          },
                          "authentication": {
                            "type": "Raw",
                            "value": "@json(decodeBase64(triggerOutputs().headers['X-MS-APIM-Tokens']))['$ConnectionKey']"
                          }
                        }
                      },
                      "If_no_Next_Step": {
                        "actions": {
                          "Run_a_Child_Flow_-_Set_Final_Workflow_Status": {
                            "runAfter": {},
                            "metadata": {
                              "operationMetadataId": "ba142d0b-d6e7-4cac-a1a8-31c75dec82b3"
                            },
                            "type": "Workflow",
                            "inputs": {
                              "host": {
                                "workflowReferenceName": "10bdf5db-5369-eb11-a812-0022489aba60"
                              },
                              "body": {
                                "text": "@outputs('CaseID')",
                                "text_1": "@outputs('TypeOfRequest')"
                              }
                            }
                          }
                        },
                        "runAfter": {
                          "Get_items_-_Case_Lifecycle": [
                            "Succeeded"
                          ]
                        },
                        "else": {
                          "actions": {
                            "Apply_to_each_Case_Lifecycle": {
                              "foreach": "@outputs('Get_items_-_Case_Lifecycle')?['body/value']",
                              "actions": {
                                "If_we_have_a_Stop_action": {
                                  "actions": {
                                    "Run_a_Child_Flow_-_Set_Final_Workflow_Status___": {
                                      "runAfter": {
                                        "Update_item_-_Case_Lifecycle_-_Set_status_to_Stopped": [
                                          "Succeeded"
                                        ]
                                      },
                                      "metadata": {
                                        "operationMetadataId": "fb576797-3919-4363-81a6-a12ae41ba4d1"
                                      },
                                      "type": "Workflow",
                                      "inputs": {
                                        "host": {
                                          "workflowReferenceName": "10bdf5db-5369-eb11-a812-0022489aba60"
                                        },
                                        "body": {
                                          "text": "@outputs('CaseID')",
                                          "text_1": "@outputs('TypeOfRequest')"
                                        }
                                      }
                                    },
                                    "Update_item_-_Case_Lifecycle_-_Set_status_to_Stopped": {
                                      "runAfter": {},
                                      "metadata": {
                                        "operationMetadataId": "045b32d0-2e37-4b3c-9390-300c1afd7646"
                                      },
                                      "type": "OpenApiConnection",
                                      "inputs": {
                                        "host": {
                                          "connectionName": "shared_sharepointonline_1",
                                          "operationId": "PatchItem",
                                          "apiId": "/providers/Microsoft.PowerApps/apis/shared_sharepointonline"
                                        },
                                        "parameters": {
                                          "dataset": "@parameters('BPM Site (cr93e_BPMSite)')",
                                          "table": "@parameters('BPM Case Lifecycle (cr93e_BPMCaseLifecycle)')",
                                          "id": "@items('Apply_to_each_Case_Lifecycle')?['ID']",
                                          "item/Started": "@utcNow()",
                                          "item/Status": "Stopped"
                                        },
                                        "authentication": {
                                          "type": "Raw",
                                          "value": "@json(decodeBase64(triggerOutputs().headers['X-MS-APIM-Tokens']))['$ConnectionKey']"
                                        }
                                      }
                                    }
                                  },
                                  "runAfter": {},
                                  "else": {
                                    "actions": {
                                      "Compose": {
                                        "runAfter": {
                                          "Update_item_-_Case_Lifecycle_-_Set_status_to_Waiting": [
                                            "Succeeded"
                                          ]
                                        },
                                        "metadata": {
                                          "operationMetadataId": "b20a0a50-ffb2-4ad6-a1af-9a89705de74d"
                                        },
                                        "type": "Compose",
                                        "inputs": "@item()"
                                      },
                                      "Check_if_Actor_is_User_or_Team": {
                                        "actions": {
                                          "Run_a_Child_Flow_-_BPM_Toolkit_Notify_Case": {
                                            "runAfter": {},
                                            "metadata": {
                                              "operationMetadataId": "b30af073-c75c-449f-a5e9-8974ec15c6c3"
                                            },
                                            "type": "Workflow",
                                            "inputs": {
                                              "host": {
                                                "workflowReferenceName": "c75d4c46-dda3-ea11-a812-000d3a249ca1"
                                              },
                                              "body": {
                                                "text": "@outputs('CaseID')",
                                                "text_1": "@string(item()?['Step'])",
                                                "text_2": "@items('Apply_to_each_Case_Lifecycle')?['Actor']",
                                                "text_3": "@items('Apply_to_each_Case_Lifecycle')?['TypeofactionExpected']"
                                              }
                                            }
                                          }
                                        },
                                        "runAfter": {
                                          "Compose": [
                                            "Succeeded"
                                          ]
                                        },
                                        "else": {
                                          "actions": {
                                            "Check_if_we_must_call_a_custom_workflow": {
                                              "actions": {
                                                "HTTP_-_Start_custom_workflow": {
                                                  "runAfter": {},
                                                  "metadata": {
                                                    "operationMetadataId": "9476e660-93db-490f-b9bd-e9e685167962"
                                                  },
                                                  "type": "Http",
                                                  "inputs": {
                                                    "method": "POST",
                                                    "uri": "@items('Apply_to_each_Case_Lifecycle')?['WorkflowIDToRun']",
                                                    "body": {
                                                      "CaseID": "@{outputs('CaseID')}",
                                                      "Step": "@{items('Apply_to_each_Case_Lifecycle')?['Step']}"
                                                    }
                                                  }
                                                }
                                              },
                                              "runAfter": {},
                                              "expression": {
                                                "equals": [
                                                  "@items('Apply_to_each_Case_Lifecycle')?['TypeofactionExpected']",
                                                  "CallWorkflow"
                                                ]
                                              },
                                              "metadata": {
                                                "operationMetadataId": "7502c9e4-adc9-4e04-91cb-1f5f186744af"
                                              },
                                              "type": "If"
                                            }
                                          }
                                        },
                                        "expression": {
                                          "not": {
                                            "equals": [
                                              "@indexOf(item()?['Actor'],'@')",
                                              -1
                                            ]
                                          }
                                        },
                                        "metadata": {
                                          "operationMetadataId": "4b7b3b33-96fd-4a31-8b96-fb0ab186e995"
                                        },
                                        "type": "If"
                                      },
                                      "Run_a_Child_Flow_-_BPM_Toolkit_-_GetDelegation_v2": {
                                        "runAfter": {},
                                        "metadata": {
                                          "operationMetadataId": "e2ad2ed5-b1fc-48f9-8550-88dee9eef4bb"
                                        },
                                        "type": "Workflow",
                                        "inputs": {
                                          "host": {
                                            "workflowReferenceName": "57c9a2f4-b21d-eb11-a813-000d3ab8f989"
                                          },
                                          "body": {
                                            "text": "@items('Apply_to_each_Case_Lifecycle')?['Actor']"
                                          }
                                        }
                                      },
                                      "Update_item_-_Case_Lifecycle_-_Set_status_to_Waiting": {
                                        "runAfter": {
                                          "Run_a_Child_Flow_-_BPM_Toolkit_-_GetDelegation_v2": [
                                            "Succeeded"
                                          ]
                                        },
                                        "metadata": {
                                          "operationMetadataId": "f112bcdf-3941-4f05-9e2d-0d7ed373f2da"
                                        },
                                        "type": "OpenApiConnection",
                                        "inputs": {
                                          "host": {
                                            "connectionName": "shared_sharepointonline_1",
                                            "operationId": "PatchItem",
                                            "apiId": "/providers/Microsoft.PowerApps/apis/shared_sharepointonline"
                                          },
                                          "parameters": {
                                            "dataset": "@parameters('BPM Site (cr93e_BPMSite)')",
                                            "table": "@parameters('BPM Case Lifecycle (cr93e_BPMCaseLifecycle)')",
                                            "id": "@items('Apply_to_each_Case_Lifecycle')?['ID']",
                                            "item/Started": "@utcNow()",
                                            "item/Ended": "              ",
                                            "item/Status": "Waiting"
                                          },
                                          "authentication": {
                                            "type": "Raw",
                                            "value": "@json(decodeBase64(triggerOutputs().headers['X-MS-APIM-Tokens']))['$ConnectionKey']"
                                          }
                                        }
                                      }
                                    }
                                  },
                                  "expression": {
                                    "equals": [
                                      "@items('Apply_to_each_Case_Lifecycle')?['TypeofactionExpected']",
                                      "Stop"
                                    ]
                                  },
                                  "metadata": {
                                    "operationMetadataId": "95bfae61-55c6-4107-aa4a-882fe7ebf87d"
                                  },
                                  "type": "If"
                                }
                              },
                              "runAfter": {},
                              "metadata": {
                                "operationMetadataId": "58c04b17-2f4c-4ac5-b88b-06b891d05ae3"
                              },
                              "type": "Foreach"
                            }
                          }
                        },
                        "expression": {
                          "equals": [
                            "@length(outputs('Get_items_-_Case_Lifecycle')?['body/value'])",
                            0
                          ]
                        },
                        "metadata": {
                          "operationMetadataId": "9938afe2-e80d-4b05-9a92-d88a3a135b19"
                        },
                        "type": "If"
                      }
                    },
                    "runAfter": {},
                    "metadata": {
                      "operationMetadataId": "1f581034-abb5-492f-a6f1-9a9b0a14826e"
                    },
                    "type": "Scope"
                  }
                }
              },
              "expression": {
                "and": [
                  {
                    "greater": [
                      "@length(trim(coalesce(outputs('IfInstruction'),' ')))",
                      0
                    ]
                  },
                  {
                    "equals": [
                      "@outputs('IfInstruction')",
                      "@outputs('Status')"
                    ]
                  }
                ]
              },
              "metadata": {
                "operationMetadataId": "dfcff0b6-0898-4270-8c1c-b81b2ebb92b1"
              },
              "type": "If"
            }
          },
          "runAfter": {
            "Initialize_variable_aStopActionHasbeenFound": [
              "Succeeded"
            ]
          },
          "metadata": {
            "operationMetadataId": "c3bc4db9-f945-48b7-9bbf-ec1f6f113512"
          },
          "type": "Scope"
        },
        "Catch": {
          "actions": {
            "Run_a_Child_Flow_-_BPM_Toolkit_-_Log_Flow_Error": {
              "runAfter": {},
              "metadata": {
                "operationMetadataId": "80990948-2a90-45be-ba60-42945393d9c9"
              },
              "type": "Workflow",
              "inputs": {
                "host": {
                  "workflowReferenceName": "01389840-615e-eb11-a812-0022489c791b"
                },
                "body": {
                  "text": "@string(result('Try'))",
                  "text_1": "@string(workflow())",
                  "text_2": "@outputs('CaseID')"
                }
              }
            }
          },
          "runAfter": {
            "Try": [
              "Failed",
              "TimedOut",
              "Skipped"
            ]
          },
          "metadata": {
            "operationMetadataId": "8983c4ea-ee72-4c73-9510-e3a7b9e83c6e"
          },
          "type": "Scope"
        },
        "Initialize_variable_aStopActionHasbeenFound": {
          "runAfter": {
            "Initialize_variable_Final_Workflow_Status": [
              "Succeeded"
            ]
          },
          "metadata": {
            "operationMetadataId": "d846ec26-3938-489f-adc7-b6217da9d2e6"
          },
          "type": "InitializeVariable",
          "inputs": {
            "variables": [
              {
                "name": "aStopActionHasbeenFound",
                "type": "boolean",
                "value": false
              }
            ]
          }
        },
        "Status": {
          "runAfter": {
            "TypeOfRequest": [
              "Succeeded"
            ]
          },
          "metadata": {
            "operationMetadataId": "44b725be-c7ef-46ad-a080-5d96294e4a4e"
          },
          "type": "Compose",
          "inputs": "@triggerBody()['text_3']"
        },
        "IfInstruction": {
          "runAfter": {
            "Status": [
              "Succeeded"
            ]
          },
          "metadata": {
            "operationMetadataId": "26ba2001-39c8-4183-b65b-40b77fe093ec"
          },
          "type": "Compose",
          "inputs": "@triggerBody()['text_4']"
        },
        "IfGotoActor": {
          "runAfter": {
            "IfInstruction": [
              "Succeeded"
            ]
          },
          "metadata": {
            "operationMetadataId": "ecc3b3c7-17a0-4b9e-a294-0e09d72dd80b"
          },
          "type": "Compose",
          "inputs": "@triggerBody()['text_5']"
        },
        "Respond_to_a_PowerApp_or_flow": {
          "runAfter": {
            "Catch": [
              "Succeeded",
              "Failed",
              "Skipped",
              "TimedOut"
            ]
          },
          "metadata": {
            "operationMetadataId": "435180cb-04d6-444e-8aba-bfcb95959e09"
          },
          "type": "Response",
          "kind": "PowerApp",
          "inputs": {
            "statusCode": 200,
            "body": {},
            "schema": {
              "type": "object",
              "properties": {}
            }
          }
        }
      },
      "outputs": {}
    }
  },
  "schemaVersion": "1.0.0.0"
}