{
  "properties": {
    "connectionReferences": {
      "shared_sharepointonline_2": {
        "runtimeSource": "embedded",
        "connection": {
          "connectionReferenceLogicalName": "cr93e_BPMToolkitSPConnectionref2"
        },
        "api": {
          "name": "shared_sharepointonline"
        }
      }
    },
    "definition": {
      "$schema": "https://schema.management.azure.com/providers/Microsoft.Logic/schemas/2016-06-01/workflowdefinition.json#",
      "contentVersion": "1.0.0.0",
      "parameters": {
        "$connections": {
          "defaultValue": {},
          "type": "Object"
        },
        "$authentication": {
          "defaultValue": {},
          "type": "SecureObject"
        },
        "BPM Site (cr93e_BPMSite)": {
          "defaultValue": "https://eurocontrol.sharepoint.com/sites/HRSADEV",
          "type": "String",
          "metadata": {
            "schemaName": "cr93e_BPMSite"
          }
        },
        "BPM Cases (cr93e_BPMCases)": {
          "defaultValue": "28007d72-bc53-410a-b713-409478508462",
          "type": "String",
          "metadata": {
            "schemaName": "cr93e_BPMCases"
          }
        }
      },
      "triggers": {
        "manual": {
          "metadata": {
            "operationMetadataId": "1320c69b-890c-4d32-b6c1-a7582ec44f57"
          },
          "type": "Request",
          "kind": "Button",
          "inputs": {
            "schema": {
              "type": "object",
              "properties": {
                "text_2": {
                  "title": "On Behalf Of",
                  "type": "string",
                  "x-ms-dynamically-added": true,
                  "description": "Please enter your input",
                  "x-ms-content-hint": "TEXT"
                },
                "text_3": {
                  "title": "Submitted By",
                  "type": "string",
                  "x-ms-dynamically-added": true,
                  "description": "Please enter your input",
                  "x-ms-content-hint": "TEXT"
                },
                "text_4": {
                  "title": "Case Descr",
                  "type": "string",
                  "x-ms-dynamically-added": true,
                  "description": "Please enter your input",
                  "x-ms-content-hint": "TEXT"
                },
                "text_5": {
                  "title": "Type Of Request",
                  "type": "string",
                  "x-ms-dynamically-added": true,
                  "description": "Please enter your input",
                  "x-ms-content-hint": "TEXT"
                },
                "text": {
                  "title": "CaseSubmissionStatus",
                  "type": "string",
                  "x-ms-dynamically-added": true,
                  "description": "Please enter your input",
                  "x-ms-content-hint": "TEXT"
                },
                "text_1": {
                  "title": "RequestId",
                  "type": "string",
                  "x-ms-dynamically-added": true,
                  "description": "Please enter your input",
                  "x-ms-content-hint": "TEXT"
                },
                "text_7": {
                  "title": "Actors",
                  "type": "string",
                  "x-ms-dynamically-added": true,
                  "description": "Please enter your input",
                  "x-ms-content-hint": "TEXT"
                }
              },
              "required": [
                "text_2",
                "text_3",
                "text_4",
                "text_5",
                "text",
                "text_1",
                "text_7"
              ]
            }
          }
        }
      },
      "actions": {
        "On_Behalf_Of": {
          "runAfter": {},
          "metadata": {
            "operationMetadataId": "314b9165-932f-4945-a1b7-523c5908f773"
          },
          "type": "Compose",
          "inputs": "@triggerBody()['text_2']"
        },
        "Submitted_By": {
          "runAfter": {
            "On_Behalf_Of": [
              "Succeeded"
            ]
          },
          "metadata": {
            "operationMetadataId": "af37e93d-f761-41ba-bb84-ef9bcc7e97c7"
          },
          "type": "Compose",
          "inputs": "@triggerBody()['text_3']"
        },
        "Case_Descr": {
          "runAfter": {
            "Submitted_By": [
              "Succeeded"
            ]
          },
          "metadata": {
            "operationMetadataId": "8f607549-058b-42c4-bd7b-c230262f9db0"
          },
          "type": "Compose",
          "inputs": "@triggerBody()['text_4']"
        },
        "Type_Of_Request": {
          "runAfter": {
            "Case_Descr": [
              "Succeeded"
            ]
          },
          "metadata": {
            "operationMetadataId": "90f4027d-60a8-493a-937a-4fa9f85fb7bc"
          },
          "type": "Compose",
          "inputs": "@triggerBody()['text_5']"
        },
        "Case_SubmissionStatus": {
          "runAfter": {
            "Type_Of_Request": [
              "Succeeded"
            ]
          },
          "metadata": {
            "operationMetadataId": "c6db8581-4ac7-49a4-b239-227edb12bfd9"
          },
          "type": "Compose",
          "inputs": "@triggerBody()['text']"
        },
        "RequestId": {
          "runAfter": {
            "Case_SubmissionStatus": [
              "Succeeded"
            ]
          },
          "metadata": {
            "operationMetadataId": "1389d5db-2d72-4a95-ae5e-c9f681c2f8f2"
          },
          "type": "Compose",
          "inputs": "@triggerBody()['text_1']"
        },
        "Respond_to_a_PowerApp_or_flow": {
          "runAfter": {
            "Catch": [
              "Succeeded",
              "Failed",
              "Skipped",
              "TimedOut"
            ]
          },
          "metadata": {
            "operationMetadataId": "699f8073-0c30-4827-b1e3-d9f901fd9d96"
          },
          "type": "Response",
          "kind": "PowerApp",
          "inputs": {
            "statusCode": 200,
            "body": {
              "reponsecode": "@variables('ReponseCode')",
              "responsemessage": " ",
              "newcaseid": "@outputs('Run_a_Child_Flow_-_Generate_new_Case_ID')?['Body']?['newcaseid']"
            },
            "schema": {
              "type": "object",
              "properties": {
                "reponsecode": {
                  "title": "ReponseCode",
                  "x-ms-dynamically-added": true,
                  "type": "string"
                },
                "responsemessage": {
                  "title": "ResponseMessage",
                  "x-ms-dynamically-added": true,
                  "type": "string"
                },
                "newcaseid": {
                  "title": "NewCaseID",
                  "x-ms-dynamically-added": true,
                  "type": "string"
                }
              }
            }
          }
        },
        "Actors": {
          "runAfter": {
            "RequestId": [
              "Succeeded"
            ]
          },
          "metadata": {
            "operationMetadataId": "92cd2556-ca7b-4ecc-b39c-2189ce4d634c"
          },
          "type": "Compose",
          "inputs": "@triggerBody()['text_7']"
        },
        "Initialize_variable_array_of_Actors": {
          "runAfter": {
            "Actors": [
              "Succeeded"
            ]
          },
          "metadata": {
            "operationMetadataId": "d25bb571-e5cd-401a-aa0b-7fdcec16455a"
          },
          "type": "InitializeVariable",
          "inputs": {
            "variables": [
              {
                "name": "array of Actors",
                "type": "array",
                "value": "@split( outputs('Actors') ,';')"
              }
            ]
          }
        },
        "Select_array_of_claims": {
          "runAfter": {
            "Initialize_variable_CaseID": [
              "Succeeded"
            ]
          },
          "metadata": {
            "operationMetadataId": "671188d3-4d2d-447e-87ae-54cf6d838479"
          },
          "type": "Select",
          "inputs": {
            "from": "@variables('array of Actors')",
            "select": {
              "Claims": "@item()"
            }
          }
        },
        "Filter_array_clean_claims": {
          "runAfter": {
            "Select_array_of_claims": [
              "Succeeded"
            ]
          },
          "metadata": {
            "operationMetadataId": "752cfa9e-0297-4600-8f15-bdb0240d92a1"
          },
          "type": "Query",
          "inputs": {
            "from": "@body('Select_array_of_claims')",
            "where": "@not(equals(item()?['Claims'], ''))"
          }
        },
        "Try": {
          "actions": {
            "Run_a_Child_Flow_-_Generate_new_Case_ID": {
              "runAfter": {},
              "metadata": {
                "operationMetadataId": "1c553749-f2bc-4eb2-8eec-e8607af9768e"
              },
              "type": "Workflow",
              "inputs": {
                "host": {
                  "workflowReferenceName": "cd71ca53-2eb1-ea11-a812-000d3a45b556"
                }
              }
            },
            "Run_a_Child_Flow_-_Get_Case_Type_Parameters": {
              "runAfter": {
                "Set_variable_CaseID": [
                  "Succeeded"
                ]
              },
              "metadata": {
                "operationMetadataId": "d71518fb-a4fb-4fd6-b3a1-fd615dff3fd6"
              },
              "type": "Workflow",
              "inputs": {
                "host": {
                  "workflowReferenceName": "cdb0f698-2e4b-eb11-a812-000d3abee2a0"
                },
                "body": {
                  "text": "@outputs('Type_Of_Request')"
                }
              }
            },
            "Run_a_Child_Flow_-_Get_Group_Id_from_Case_Type": {
              "runAfter": {
                "Run_a_Child_Flow_-_Get_Case_Type_Parameters": [
                  "Succeeded"
                ]
              },
              "metadata": {
                "operationMetadataId": "f4f94a73-66b7-4797-99e1-d4093fd61f1b"
              },
              "type": "Workflow",
              "inputs": {
                "host": {
                  "workflowReferenceName": "7c0056e5-741c-eb11-a813-000d3a2c81cd"
                },
                "body": {
                  "text": "@outputs('Type_Of_Request')"
                }
              }
            },
            "Run_a_Child_Flow_-_Get_Case_category_Info": {
              "runAfter": {
                "Run_a_Child_Flow_-_Get_Group_Id_from_Case_Type": [
                  "Succeeded"
                ]
              },
              "metadata": {
                "operationMetadataId": "2da998e0-7e44-4481-b2f1-186fd71ffd74"
              },
              "type": "Workflow",
              "inputs": {
                "host": {
                  "workflowReferenceName": "a32c7bba-3a18-eb11-a813-000d3ab8f989"
                },
                "body": {
                  "text": "@outputs('Type_Of_Request')"
                }
              }
            },
            "Update_item_-_Request_CaseID": {
              "runAfter": {
                "Run_a_Child_Flow_-_Get_Case_category_Info": [
                  "Succeeded"
                ]
              },
              "metadata": {
                "operationMetadataId": "4527aacb-6459-478b-b1e2-6358f7e0c94a"
              },
              "type": "OpenApiConnection",
              "inputs": {
                "host": {
                  "connectionName": "shared_sharepointonline_2",
                  "operationId": "PatchItem",
                  "apiId": "/providers/Microsoft.PowerApps/apis/shared_sharepointonline"
                },
                "parameters": {
                  "dataset": "@parameters('BPM Site (cr93e_BPMSite)')",
                  "table": "@outputs('Run_a_Child_Flow_-_Get_Case_Type_Parameters')?['Body']?['requestlistguid']",
                  "id": "@outputs('RequestId')",
                  "item": {
                    "CaseID": "@{outputs('Run_a_Child_Flow_-_Generate_new_Case_ID')?['Body']?['newcaseid']}"
                  }
                },
                "authentication": {
                  "type": "Raw",
                  "value": "@json(decodeBase64(triggerOutputs().headers['X-MS-APIM-Tokens']))['$ConnectionKey']"
                }
              },
              "description": "This action will update the CaseID of the existing request. The request list Guid is dynamically provided"
            },
            "Create_item_-_Case": {
              "runAfter": {
                "Run_a_Child_Flow_-_Get_Case_category_Info": [
                  "Succeeded"
                ]
              },
              "metadata": {
                "operationMetadataId": "a1722fa8-dbbb-416b-b5b4-e6bf7da3b3cf"
              },
              "type": "OpenApiConnection",
              "inputs": {
                "host": {
                  "connectionName": "shared_sharepointonline_2",
                  "operationId": "PostItem",
                  "apiId": "/providers/Microsoft.PowerApps/apis/shared_sharepointonline"
                },
                "parameters": {
                  "dataset": "@parameters('BPM Site (cr93e_BPMSite)')",
                  "table": "@parameters('BPM Cases (cr93e_BPMCases)')",
                  "item/CaseID": "@outputs('Run_a_Child_Flow_-_Generate_new_Case_ID')?['Body']?['newcaseid']",
                  "item/CaseDescr": "@outputs('Case_Descr')",
                  "item/CaseActors": "@body('Filter_array_clean_claims')",
                  "item/Submitter": "@outputs('Submitted_By')",
                  "item/OnBehalfOf": "@outputs('On_Behalf_Of')",
                  "item/TypeOfrequest": "@outputs('Type_Of_Request')",
                  "item/CaseSubmissionStatus": "@outputs('Case_SubmissionStatus')",
                  "item/RequestListGuid": "@outputs('Run_a_Child_Flow_-_Get_Case_Type_Parameters')?['Body']?['requestlistguid']",
                  "item/RequestId": "@outputs('RequestId')",
                  "item/MainSecurityGroupId": "@outputs('Run_a_Child_Flow_-_Get_Group_Id_from_Case_Type')?['Body']?['securitygroupid']",
                  "item/CaseCategory": "@outputs('Run_a_Child_Flow_-_Get_Case_category_Info')?['Body']?['case_category']",
                  "item/CaseTypeInternalName": "@outputs('Run_a_Child_Flow_-_Get_Case_category_Info')?['Body']?['case_type_internal_name']",
                  "item/CaseTypeFriendlyName": "@outputs('Run_a_Child_Flow_-_Get_Case_category_Info')?['Body']?['case_type_friendly_name']"
                },
                "authentication": {
                  "type": "Raw",
                  "value": "@json(decodeBase64(triggerOutputs().headers['X-MS-APIM-Tokens']))['$ConnectionKey']"
                }
              },
              "description": "This action will create a new case in the generic case list"
            },
            "Set_variable_CaseID": {
              "runAfter": {
                "Run_a_Child_Flow_-_Generate_new_Case_ID": [
                  "Succeeded"
                ]
              },
              "metadata": {
                "operationMetadataId": "6e259bb7-7bd0-4a19-afb2-cc0fdd1aa670"
              },
              "type": "SetVariable",
              "inputs": {
                "name": "CaseID",
                "value": "@outputs('Run_a_Child_Flow_-_Generate_new_Case_ID')?['Body']?['newcaseid']"
              }
            }
          },
          "runAfter": {
            "Filter_array_clean_claims": [
              "Succeeded"
            ]
          },
          "metadata": {
            "operationMetadataId": "d7d10a7c-6c1c-4051-9e86-d291050f1ee4"
          },
          "type": "Scope"
        },
        "Catch": {
          "actions": {
            "Run_a_Child_Flow_-_BPM_Toolkit_-_Log_Flow_Error": {
              "runAfter": {},
              "metadata": {
                "operationMetadataId": "7a1a1339-c526-47cf-81cf-cdb0bf25b4a5"
              },
              "type": "Workflow",
              "inputs": {
                "host": {
                  "workflowReferenceName": "01389840-615e-eb11-a812-0022489c791b"
                },
                "body": {
                  "text": "@string(result('Try'))",
                  "text_1": "@string(workflow())",
                  "text_2": "@variables('CaseID')"
                }
              }
            },
            "Set_variable_ResponseCode": {
              "runAfter": {
                "Run_a_Child_Flow_-_BPM_Toolkit_-_Log_Flow_Error": [
                  "Succeeded"
                ]
              },
              "metadata": {
                "operationMetadataId": "9d6b4eee-e913-4f47-b3a1-1b0e8b48b733"
              },
              "type": "SetVariable",
              "inputs": {
                "name": "ReponseCode",
                "value": "500"
              }
            }
          },
          "runAfter": {
            "Try": [
              "Failed",
              "Skipped",
              "TimedOut"
            ]
          },
          "metadata": {
            "operationMetadataId": "cae6ea20-5d09-4774-8c4a-288e2ada6039"
          },
          "type": "Scope"
        },
        "Initialize_variable_ReponseCode": {
          "runAfter": {
            "Initialize_variable_array_of_Actors": [
              "Succeeded"
            ]
          },
          "metadata": {
            "operationMetadataId": "24d4363e-a168-4f60-bc93-efafd8e6f325"
          },
          "type": "InitializeVariable",
          "inputs": {
            "variables": [
              {
                "name": "ReponseCode",
                "type": "string",
                "value": "200"
              }
            ]
          }
        },
        "Initialize_variable_CaseID": {
          "runAfter": {
            "Initialize_variable_ReponseCode": [
              "Succeeded"
            ]
          },
          "metadata": {
            "operationMetadataId": "d9eb9e5d-d5ef-4ff1-8993-3c9e7f703c12"
          },
          "type": "InitializeVariable",
          "inputs": {
            "variables": [
              {
                "name": "CaseID",
                "type": "string",
                "value": "  "
              }
            ]
          }
        }
      },
      "outputs": {}
    }
  },
  "schemaVersion": "1.0.0.0"
}