{
  "properties": {
    "connectionReferences": {
      "shared_sharepointonline_1": {
        "runtimeSource": "embedded",
        "connection": {
          "connectionReferenceLogicalName": "cr93e_BPMToolkitSPConnectionref2"
        },
        "api": {
          "name": "shared_sharepointonline"
        }
      }
    },
    "definition": {
      "$schema": "https://schema.management.azure.com/providers/Microsoft.Logic/schemas/2016-06-01/workflowdefinition.json#",
      "contentVersion": "1.0.0.0",
      "parameters": {
        "$connections": {
          "defaultValue": {},
          "type": "Object"
        },
        "$authentication": {
          "defaultValue": {},
          "type": "SecureObject"
        },
        "BPM Site (cr93e_BPMSite)": {
          "defaultValue": "https://eurocontrol.sharepoint.com/sites/HRSADEV",
          "type": "String",
          "metadata": {
            "schemaName": "cr93e_BPMSite"
          }
        },
        "BPM Case Lifecycle (cr93e_BPMCaseLifecycle)": {
          "defaultValue": "f3de391d-6402-4616-9078-14cf2ca00a7d",
          "type": "String",
          "metadata": {
            "schemaName": "cr93e_BPMCaseLifecycle"
          }
        },
        "BPM Case Workflows (cr93e_BPMCaseWorkflows)": {
          "defaultValue": "2571f93f-d1d5-4c2f-9fea-6739d8cedebc",
          "type": "String",
          "metadata": {
            "schemaName": "cr93e_BPMCaseWorkflows"
          }
        },
        "BPM Cases (cr93e_BPMCases)": {
          "defaultValue": "28007d72-bc53-410a-b713-409478508462",
          "type": "String",
          "metadata": {
            "schemaName": "cr93e_BPMCases"
          }
        },
        "BPM System account (cr93e_BPMSystemaccount)": {
          "defaultValue": " HRSA_DEV.Service@eurocontrol.int",
          "type": "String",
          "metadata": {
            "schemaName": "cr93e_BPMSystemaccount"
          }
        }
      },
      "triggers": {
        "manual": {
          "metadata": {
            "operationMetadataId": "af2da879-996f-4caf-b9ba-7402a61f6866"
          },
          "type": "Request",
          "kind": "Button",
          "inputs": {
            "schema": {
              "type": "object",
              "properties": {
                "text": {
                  "title": "CaseID",
                  "type": "string",
                  "x-ms-dynamically-added": true,
                  "description": "Please enter your input",
                  "x-ms-content-hint": "TEXT"
                },
                "boolean": {
                  "title": "Including Lifecycle",
                  "type": "boolean",
                  "x-ms-dynamically-added": true,
                  "description": "Please select yes or no",
                  "x-ms-content-hint": "BOOLEAN"
                }
              },
              "required": [
                "text",
                "boolean"
              ]
            }
          }
        }
      },
      "actions": {
        "Params": {
          "actions": {
            "ServiceAccount": {
              "runAfter": {},
              "metadata": {
                "operationMetadataId": "65fb2a30-46eb-42b4-9f5b-5ef5108da243"
              },
              "type": "Compose",
              "inputs": "@parameters('BPM System account (cr93e_BPMSystemaccount)')"
            },
            "CaseID": {
              "runAfter": {
                "ServiceAccount": [
                  "Succeeded"
                ]
              },
              "metadata": {
                "operationMetadataId": "772026f7-eadc-4d3d-a95a-a58c7b2e1223"
              },
              "type": "Compose",
              "inputs": "@triggerBody()['text']"
            },
            "HR_GroupId_Case": {
              "runAfter": {
                "CaseID": [
                  "Succeeded"
                ]
              },
              "metadata": {
                "operationMetadataId": "b288d8d1-9413-4258-a804-b997474545b7"
              },
              "type": "Compose",
              "inputs": 31
            },
            "HR_GroupId_Case_Lifecycle": {
              "runAfter": {
                "HR_GroupId_Case": [
                  "Succeeded"
                ]
              },
              "metadata": {
                "operationMetadataId": "2eb69023-462f-4d44-829e-16c084935219"
              },
              "type": "Compose",
              "inputs": 31
            },
            "Read_Roledefid": {
              "runAfter": {
                "HR_GroupId_Case_Lifecycle": [
                  "Succeeded"
                ]
              },
              "metadata": {
                "operationMetadataId": "eb392922-5131-4ba4-9779-2d4c0d30f6a7"
              },
              "type": "Compose",
              "inputs": 1073741826
            },
            "Including_Lifecycle": {
              "runAfter": {
                "Read_Roledefid": [
                  "Succeeded"
                ]
              },
              "metadata": {
                "operationMetadataId": "f36f3cfb-b943-4ac8-90fd-6dea433b8a71"
              },
              "type": "Compose",
              "inputs": "@triggerBody()['boolean']"
            }
          },
          "runAfter": {
            "Initialize_variable_RequestId": [
              "Succeeded"
            ]
          },
          "metadata": {
            "operationMetadataId": "460f6b91-65b7-4c2b-acdc-7ed4d38c36e3"
          },
          "type": "Scope"
        },
        "Initialize_variable_On_Behalf_Of": {
          "runAfter": {},
          "metadata": {
            "operationMetadataId": "0b136d20-fd74-4b06-a742-d5ed4e4f250c"
          },
          "type": "InitializeVariable",
          "inputs": {
            "variables": [
              {
                "name": "On Behalf Of",
                "type": "string"
              }
            ]
          }
        },
        "Initialize_variable_Submitted_By": {
          "runAfter": {
            "Initialize_variable_On_Behalf_Of": [
              "Succeeded"
            ]
          },
          "metadata": {
            "operationMetadataId": "b264d6ca-ffb4-4f01-8259-52bd70b3b5a5"
          },
          "type": "InitializeVariable",
          "inputs": {
            "variables": [
              {
                "name": "Submitted By",
                "type": "string"
              }
            ]
          }
        },
        "Initialize_variable_Step_Human_Approvers": {
          "runAfter": {
            "Initialize_variable_Submitted_By": [
              "Succeeded"
            ]
          },
          "metadata": {
            "operationMetadataId": "fa04e271-88e8-4105-ac5c-6fa76f5ec32f"
          },
          "type": "InitializeVariable",
          "inputs": {
            "variables": [
              {
                "name": "Step Human Approvers",
                "type": "string"
              }
            ]
          }
        },
        "Initialize_variable_CaseSystemId": {
          "runAfter": {
            "Initialize_variable_Step_Human_Approvers": [
              "Succeeded"
            ]
          },
          "metadata": {
            "operationMetadataId": "d83ebf20-c1ab-4585-aea0-0230163f4fef"
          },
          "type": "InitializeVariable",
          "inputs": {
            "variables": [
              {
                "name": "CaseSystemId",
                "type": "integer"
              }
            ]
          }
        },
        "Initialize_variable_CaseMainSecurityGroupId": {
          "runAfter": {
            "Initialize_variable_CaseSystemId": [
              "Succeeded"
            ]
          },
          "metadata": {
            "operationMetadataId": "9110d07d-f052-4874-994f-79070f7557d4"
          },
          "type": "InitializeVariable",
          "inputs": {
            "variables": [
              {
                "name": " CaseMainSecurityGroupId",
                "type": "string"
              }
            ]
          }
        },
        "Initialize_variable_CaseType": {
          "runAfter": {
            "Initialize_variable_CaseMainSecurityGroupId": [
              "Succeeded"
            ]
          },
          "metadata": {
            "operationMetadataId": "8a86c7f3-f48b-4831-8ca2-c323a32b7740"
          },
          "type": "InitializeVariable",
          "inputs": {
            "variables": [
              {
                "name": "CaseType",
                "type": "string"
              }
            ]
          }
        },
        "Initialize_variable_RequestListGuid": {
          "runAfter": {
            "Initialize_variable_CaseType": [
              "Succeeded"
            ]
          },
          "metadata": {
            "operationMetadataId": "2e17f591-e4e5-4f9d-a1f0-4438e4c43ea6"
          },
          "type": "InitializeVariable",
          "inputs": {
            "variables": [
              {
                "name": "RequestListGuid",
                "type": "string"
              }
            ]
          }
        },
        "Initialize_variable_RequestId": {
          "runAfter": {
            "Initialize_variable_RequestListGuid": [
              "Succeeded"
            ]
          },
          "metadata": {
            "operationMetadataId": "6c57b60d-2e97-4931-8212-752a04fd68a7"
          },
          "type": "InitializeVariable",
          "inputs": {
            "variables": [
              {
                "name": "RequestId",
                "type": "string"
              }
            ]
          }
        },
        "Respond_to_a_PowerApp_or_flow": {
          "runAfter": {
            "Finally": [
              "Succeeded",
              "Failed",
              "Skipped",
              "TimedOut"
            ]
          },
          "metadata": {
            "operationMetadataId": "41dd6eda-d313-4ad7-8277-46c3485baad2"
          },
          "type": "Response",
          "kind": "PowerApp",
          "inputs": {
            "statusCode": 200,
            "body": {
              "returncode": "200",
              "returnmessage": " "
            },
            "schema": {
              "type": "object",
              "properties": {
                "returncode": {
                  "title": "ReturnCode",
                  "x-ms-dynamically-added": true,
                  "type": "string"
                },
                "returnmessage": {
                  "title": "ReturnMessage",
                  "x-ms-dynamically-added": true,
                  "type": "string"
                }
              }
            }
          }
        },
        "Try": {
          "actions": {
            "Get_Case_Main_Security_Group": {
              "actions": {
                "Run_a_Child_Flow_-_Call_Get_Main_Security_Group": {
                  "runAfter": {},
                  "metadata": {
                    "operationMetadataId": "0a58bbf7-f5b1-4bf4-9368-019bccbd3ae4"
                  },
                  "type": "Workflow",
                  "inputs": {
                    "host": {
                      "workflowReferenceName": "06a3f9a2-a907-eb11-a813-000d3ab8f989"
                    },
                    "body": {
                      "text": "@outputs('CaseID')"
                    }
                  }
                },
                "Set_variable_CaseMainSecurityGroupId": {
                  "runAfter": {
                    "Run_a_Child_Flow_-_Call_Get_Main_Security_Group": [
                      "Succeeded"
                    ]
                  },
                  "metadata": {
                    "operationMetadataId": "44018882-9fc8-49be-b3d8-182018b270c5"
                  },
                  "type": "SetVariable",
                  "inputs": {
                    "name": " CaseMainSecurityGroupId",
                    "value": "@outputs('Run_a_Child_Flow_-_Call_Get_Main_Security_Group')?['Body']?['securitygroupid']"
                  }
                }
              },
              "runAfter": {},
              "metadata": {
                "operationMetadataId": "f054433a-f5a5-4f13-b540-ec46caf86279"
              },
              "type": "Scope"
            },
            "Secure_Case_Lifecycle": {
              "actions": {
                "Check_If_Secure_Case_Lifecycle_is_Required": {
                  "actions": {
                    "Scope": {
                      "actions": {
                        "Get_items_-_Case_LifeCycle": {
                          "runAfter": {},
                          "metadata": {
                            "operationMetadataId": "50c9d824-1ba7-4d88-97cd-4955d128f40f"
                          },
                          "type": "OpenApiConnection",
                          "inputs": {
                            "host": {
                              "connectionName": "shared_sharepointonline_1",
                              "operationId": "GetItems",
                              "apiId": "/providers/Microsoft.PowerApps/apis/shared_sharepointonline"
                            },
                            "parameters": {
                              "dataset": "@parameters('BPM Site (cr93e_BPMSite)')",
                              "table": "@parameters('BPM Case Lifecycle (cr93e_BPMCaseLifecycle)')",
                              "$filter": "CaseID eq '@{outputs('CaseID')}'"
                            },
                            "authentication": {
                              "type": "Raw",
                              "value": "@json(decodeBase64(triggerOutputs().headers['X-MS-APIM-Tokens']))['$ConnectionKey']"
                            }
                          }
                        },
                        "Apply_to_each_Case_Lifecycle": {
                          "foreach": "@outputs('Get_items_-_Case_LifeCycle')?['body/value']",
                          "actions": {
                            "Run_a_Child_Flow_-_Secure_Case_Step_": {
                              "runAfter": {},
                              "metadata": {
                                "operationMetadataId": "b57a70cb-85f4-4468-af48-c683070038ec"
                              },
                              "type": "Workflow",
                              "inputs": {
                                "host": {
                                  "workflowReferenceName": "1062f234-10b6-ea11-a812-000d3a45b556"
                                },
                                "body": {
                                  "text": "@outputs('CaseID')",
                                  "text_1": "1",
                                  "text_2": "@variables('Submitted By')",
                                  "text_3": "@variables('On Behalf Of')"
                                }
                              }
                            },
                            "Append_to_string_variable_step_human_approvers": {
                              "runAfter": {
                                "Run_a_Child_Flow_-_Secure_Case_Step_": [
                                  "Succeeded"
                                ]
                              },
                              "metadata": {
                                "operationMetadataId": "39f31b68-1158-409d-a339-0a6551db29b0"
                              },
                              "type": "AppendToStringVariable",
                              "inputs": {
                                "name": "Step Human Approvers",
                                "value": "@if(contains(item()?['Actor'],'@'),concat(item()?['Actor'],';'),'')"
                              }
                            }
                          },
                          "runAfter": {
                            "Get_items_-_Case_LifeCycle": [
                              "Succeeded"
                            ]
                          },
                          "metadata": {
                            "operationMetadataId": "ad273f61-86d7-4ca4-b33b-bac5e5da5065"
                          },
                          "type": "Foreach"
                        },
                        "Condition": {
                          "actions": {
                            "Grant_access_to_an_item_or_a_folder": {
                              "runAfter": {},
                              "metadata": {
                                "operationMetadataId": "6faf987e-8b83-48a9-80e3-5401e3141c1b"
                              },
                              "type": "OpenApiConnection",
                              "inputs": {
                                "host": {
                                  "connectionName": "shared_sharepointonline_1",
                                  "operationId": "GrantAccess",
                                  "apiId": "/providers/Microsoft.PowerApps/apis/shared_sharepointonline"
                                },
                                "parameters": {
                                  "dataset": "@parameters('BPM Site (cr93e_BPMSite)')",
                                  "table": "@parameters('BPM Cases (cr93e_BPMCases)')",
                                  "id": "@variables('CaseSystemId')",
                                  "parameter/recipients": "@variables('Step Human Approvers')",
                                  "parameter/roleValue": "role:1073741826"
                                },
                                "authentication": {
                                  "type": "Raw",
                                  "value": "@json(decodeBase64(triggerOutputs().headers['X-MS-APIM-Tokens']))['$ConnectionKey']"
                                }
                              }
                            }
                          },
                          "runAfter": {
                            "Apply_to_each_Case_Lifecycle": [
                              "Succeeded"
                            ]
                          },
                          "expression": {
                            "greater": [
                              "@length(trim(variables('Step Human Approvers')))",
                              0
                            ]
                          },
                          "metadata": {
                            "operationMetadataId": "66e8e645-41c5-4acf-9eab-ed9386affa94"
                          },
                          "type": "If"
                        }
                      },
                      "runAfter": {},
                      "metadata": {
                        "operationMetadataId": "ca990f6c-a50e-4669-9edf-ad5d006e6392"
                      },
                      "type": "Scope"
                    }
                  },
                  "runAfter": {},
                  "expression": {
                    "equals": [
                      "@triggerBody()['boolean']",
                      true
                    ]
                  },
                  "metadata": {
                    "operationMetadataId": "53a92768-1f0e-465a-8095-f3846d37019c"
                  },
                  "type": "If"
                }
              },
              "runAfter": {
                "Get_Case_Main_Security_Group": [
                  "Succeeded"
                ]
              },
              "metadata": {
                "operationMetadataId": "4b4aeef9-6b3f-4012-8b29-b0363d0ead7a"
              },
              "type": "Scope"
            },
            "Secure_Case_Workflow": {
              "actions": {
                "Get_items_-_Case_Workflow": {
                  "runAfter": {},
                  "metadata": {
                    "operationMetadataId": "416cfdc7-0ab3-42d0-af5d-165d860b8826"
                  },
                  "type": "OpenApiConnection",
                  "inputs": {
                    "host": {
                      "connectionName": "shared_sharepointonline_1",
                      "operationId": "GetItems",
                      "apiId": "/providers/Microsoft.PowerApps/apis/shared_sharepointonline"
                    },
                    "parameters": {
                      "dataset": "@parameters('BPM Site (cr93e_BPMSite)')",
                      "table": "@parameters('BPM Case Workflows (cr93e_BPMCaseWorkflows)')",
                      "$filter": "CaseID eq '@{outputs('CaseID')}'"
                    },
                    "authentication": {
                      "type": "Raw",
                      "value": "@json(decodeBase64(triggerOutputs().headers['X-MS-APIM-Tokens']))['$ConnectionKey']"
                    }
                  }
                },
                "Apply_to_each_Case_Workflow": {
                  "foreach": "@outputs('Get_items_-_Case_Workflow')?['body/value']",
                  "actions": {
                    "Send_an_HTTP_request_to_SharePoint_-_Case_Workflow_ResetRoleInheritance__": {
                      "runAfter": {},
                      "metadata": {
                        "operationMetadataId": "0d8c6753-065f-4fbf-91e2-9ad1080f6419"
                      },
                      "type": "OpenApiConnection",
                      "inputs": {
                        "host": {
                          "connectionName": "shared_sharepointonline_1",
                          "operationId": "HttpRequest",
                          "apiId": "/providers/Microsoft.PowerApps/apis/shared_sharepointonline"
                        },
                        "parameters": {
                          "dataset": "@parameters('BPM Site (cr93e_BPMSite)')",
                          "parameters/method": "POST",
                          "parameters/uri": "_api/lists/getById('@{parameters('BPM Case Workflows (cr93e_BPMCaseWorkflows)')}')/items(@{items('Apply_to_each_Case_Workflow')?['ID']})/ResetRoleInheritance()"
                        },
                        "authentication": {
                          "type": "Raw",
                          "value": "@json(decodeBase64(triggerOutputs().headers['X-MS-APIM-Tokens']))['$ConnectionKey']"
                        }
                      }
                    },
                    "Send_an_HTTP_request_to_SharePoint_-_Case_Workflow_Break_Role_Inheritance_": {
                      "runAfter": {
                        "Send_an_HTTP_request_to_SharePoint_-_Case_Workflow_ResetRoleInheritance__": [
                          "Succeeded"
                        ]
                      },
                      "metadata": {
                        "operationMetadataId": "d9c77918-9550-4547-ab12-7d96031b3335"
                      },
                      "type": "OpenApiConnection",
                      "inputs": {
                        "host": {
                          "connectionName": "shared_sharepointonline_1",
                          "operationId": "HttpRequest",
                          "apiId": "/providers/Microsoft.PowerApps/apis/shared_sharepointonline"
                        },
                        "parameters": {
                          "dataset": "@parameters('BPM Site (cr93e_BPMSite)')",
                          "parameters/method": "POST",
                          "parameters/uri": "_api/lists/getById('@{parameters('BPM Case Workflows (cr93e_BPMCaseWorkflows)')}')/items(@{items('Apply_to_each_Case_Workflow')?['ID']})/breakroleinheritance(copyRoleAssignments=false, clearSubscopes=true)"
                        },
                        "authentication": {
                          "type": "Raw",
                          "value": "@json(decodeBase64(triggerOutputs().headers['X-MS-APIM-Tokens']))['$ConnectionKey']"
                        }
                      }
                    },
                    "Grant_access_to_an_item_or_a_folder_-_Case_Workflow_System_account_": {
                      "runAfter": {
                        "Send_an_HTTP_request_to_SharePoint_-_Case_Workflow_Break_Role_Inheritance_": [
                          "Succeeded"
                        ]
                      },
                      "metadata": {
                        "operationMetadataId": "645250b8-5fa5-41a8-8de8-dbd1cc49d28c"
                      },
                      "type": "OpenApiConnection",
                      "inputs": {
                        "host": {
                          "connectionName": "shared_sharepointonline_1",
                          "operationId": "GrantAccess",
                          "apiId": "/providers/Microsoft.PowerApps/apis/shared_sharepointonline"
                        },
                        "parameters": {
                          "dataset": "@parameters('BPM Site (cr93e_BPMSite)')",
                          "table": "@parameters('BPM Case Workflows (cr93e_BPMCaseWorkflows)')",
                          "id": "@items('Apply_to_each_Case_Workflow')?['ID']",
                          "parameter/recipients": "@outputs('ServiceAccount')",
                          "parameter/roleValue": "role:1073741827"
                        },
                        "authentication": {
                          "type": "Raw",
                          "value": "@json(decodeBase64(triggerOutputs().headers['X-MS-APIM-Tokens']))['$ConnectionKey']"
                        }
                      }
                    },
                    "Grant_access_to_an_item_or_a_folder_-_Case_Workflow_Submitter_and_On_Behalf_of__": {
                      "runAfter": {
                        "Grant_access_to_an_item_or_a_folder_-_Case_Workflow_System_account_": [
                          "Succeeded"
                        ]
                      },
                      "metadata": {
                        "operationMetadataId": "fae9efbb-6d80-48db-96c1-5c1d628cbf6d"
                      },
                      "type": "OpenApiConnection",
                      "inputs": {
                        "host": {
                          "connectionName": "shared_sharepointonline_1",
                          "operationId": "GrantAccess",
                          "apiId": "/providers/Microsoft.PowerApps/apis/shared_sharepointonline"
                        },
                        "parameters": {
                          "dataset": "@parameters('BPM Site (cr93e_BPMSite)')",
                          "table": "@parameters('BPM Case Workflows (cr93e_BPMCaseWorkflows)')",
                          "id": "@items('Apply_to_each_Case_Workflow')?['ID']",
                          "parameter/recipients": "@{items('Apply_to_each_Case_Workflow')?['OnBehalfOf']};@{items('Apply_to_each_Case_Workflow')?['Submitter']}",
                          "parameter/roleValue": "role:1073741826"
                        },
                        "authentication": {
                          "type": "Raw",
                          "value": "@json(decodeBase64(triggerOutputs().headers['X-MS-APIM-Tokens']))['$ConnectionKey']"
                        }
                      }
                    },
                    "Send_an_HTTP_request_to_SharePoint_-_Case_Workflow_To_HR_Group__": {
                      "runAfter": {
                        "Grant_access_to_an_item_or_a_folder_-_Case_Workflow_Submitter_and_On_Behalf_of__": [
                          "Succeeded"
                        ]
                      },
                      "metadata": {
                        "operationMetadataId": "f7cd7cac-f0c7-4c46-b89b-08b144f11171"
                      },
                      "type": "OpenApiConnection",
                      "inputs": {
                        "host": {
                          "connectionName": "shared_sharepointonline_1",
                          "operationId": "HttpRequest",
                          "apiId": "/providers/Microsoft.PowerApps/apis/shared_sharepointonline"
                        },
                        "parameters": {
                          "dataset": "@parameters('BPM Site (cr93e_BPMSite)')",
                          "parameters/method": "POST",
                          "parameters/uri": "_api/lists/getById('@{parameters('BPM Case Workflows (cr93e_BPMCaseWorkflows)')}')/items(@{items('Apply_to_each_Case_Workflow')?['ID']})/roleAssignments/addroleassignment(principalId=@{variables(' CaseMainSecurityGroupId')}, roledefId=@{outputs('Read_Roledefid')})"
                        },
                        "authentication": {
                          "type": "Raw",
                          "value": "@json(decodeBase64(triggerOutputs().headers['X-MS-APIM-Tokens']))['$ConnectionKey']"
                        }
                      }
                    }
                  },
                  "runAfter": {
                    "Get_items_-_Case_Workflow": [
                      "Succeeded"
                    ]
                  },
                  "metadata": {
                    "operationMetadataId": "b9747608-ac89-4894-9f0f-a4ac9fa0d15e"
                  },
                  "type": "Foreach"
                }
              },
              "runAfter": {
                "Get_Case_Main_Security_Group": [
                  "Succeeded"
                ]
              },
              "metadata": {
                "operationMetadataId": "ff2c4b20-e354-4b87-9baf-a8c874d1ef4c"
              },
              "type": "Scope"
            },
            "Secure_Case": {
              "actions": {
                "Apply_to_each": {
                  "foreach": "@outputs('Get_items_-_Cases')?['body/value']",
                  "actions": {
                    "Send_an_HTTP_request_to_SharePoint_-_Case_Break_Role_Inheritance": {
                      "runAfter": {
                        "Send_an_HTTP_request_to_SharePoint_-_Case_ResetRoleInheritance": [
                          "Succeeded"
                        ]
                      },
                      "metadata": {
                        "operationMetadataId": "eaf1727b-8a1d-436e-a422-87f03c47ffac"
                      },
                      "type": "OpenApiConnection",
                      "inputs": {
                        "host": {
                          "connectionName": "shared_sharepointonline_1",
                          "operationId": "HttpRequest",
                          "apiId": "/providers/Microsoft.PowerApps/apis/shared_sharepointonline"
                        },
                        "parameters": {
                          "dataset": "@parameters('BPM Site (cr93e_BPMSite)')",
                          "parameters/method": "POST",
                          "parameters/uri": "_api/lists/getById('@{parameters('BPM Cases (cr93e_BPMCases)')}')/items(@{items('Apply_to_each')?['ID']})/breakroleinheritance(copyRoleAssignments=false, clearSubscopes=true)"
                        },
                        "authentication": {
                          "type": "Raw",
                          "value": "@json(decodeBase64(triggerOutputs().headers['X-MS-APIM-Tokens']))['$ConnectionKey']"
                        }
                      }
                    },
                    "Grant_access_to_an_item_or_a_folder_-_Case_System_account": {
                      "runAfter": {
                        "Send_an_HTTP_request_to_SharePoint_-_Case_Break_Role_Inheritance": [
                          "Succeeded"
                        ]
                      },
                      "metadata": {
                        "operationMetadataId": "b03ed286-6c2f-4982-a856-43795ae83115"
                      },
                      "type": "OpenApiConnection",
                      "inputs": {
                        "host": {
                          "connectionName": "shared_sharepointonline_1",
                          "operationId": "GrantAccess",
                          "apiId": "/providers/Microsoft.PowerApps/apis/shared_sharepointonline"
                        },
                        "parameters": {
                          "dataset": "@parameters('BPM Site (cr93e_BPMSite)')",
                          "table": "@parameters('BPM Cases (cr93e_BPMCases)')",
                          "id": "@items('Apply_to_each')?['ID']",
                          "parameter/recipients": "@outputs('ServiceAccount')",
                          "parameter/roleValue": "role:1073741827"
                        },
                        "authentication": {
                          "type": "Raw",
                          "value": "@json(decodeBase64(triggerOutputs().headers['X-MS-APIM-Tokens']))['$ConnectionKey']"
                        }
                      }
                    },
                    "Set_variable_Submitted_By": {
                      "runAfter": {},
                      "metadata": {
                        "operationMetadataId": "73a67a18-d665-4c86-8295-5088bb0e4c25"
                      },
                      "type": "SetVariable",
                      "inputs": {
                        "name": "Submitted By",
                        "value": "@items('Apply_to_each')?['Submitter']"
                      }
                    },
                    "Send_an_HTTP_request_to_SharePoint_-_Case_ResetRoleInheritance": {
                      "runAfter": {
                        "Set_variable_CaseSystemID": [
                          "Succeeded"
                        ]
                      },
                      "metadata": {
                        "operationMetadataId": "d2fa6184-4ea7-456b-ba1a-82e06f92b170"
                      },
                      "type": "OpenApiConnection",
                      "inputs": {
                        "host": {
                          "connectionName": "shared_sharepointonline_1",
                          "operationId": "HttpRequest",
                          "apiId": "/providers/Microsoft.PowerApps/apis/shared_sharepointonline"
                        },
                        "parameters": {
                          "dataset": "@parameters('BPM Site (cr93e_BPMSite)')",
                          "parameters/method": "POST",
                          "parameters/uri": "_api/lists/getById('@{parameters('BPM Cases (cr93e_BPMCases)')}')/items(@{items('Apply_to_each')?['ID']})/ResetRoleInheritance()"
                        },
                        "authentication": {
                          "type": "Raw",
                          "value": "@json(decodeBase64(triggerOutputs().headers['X-MS-APIM-Tokens']))['$ConnectionKey']"
                        }
                      }
                    },
                    "Set_variable_On_Behalf_Of": {
                      "runAfter": {
                        "Set_variable_Submitted_By": [
                          "Succeeded"
                        ]
                      },
                      "metadata": {
                        "operationMetadataId": "d88b2055-1c69-47b6-9f57-edf0354659cb"
                      },
                      "type": "SetVariable",
                      "inputs": {
                        "name": "On Behalf Of",
                        "value": "@items('Apply_to_each')?['OnBehalfOf']"
                      }
                    },
                    "Grant_access_to_an_item_or_a_folder_-_Case_Submitter_and_On_Behalf_of": {
                      "runAfter": {
                        "Send_an_HTTP_request_to_SharePoint_-_Case_Break_Role_Inheritance": [
                          "Succeeded"
                        ]
                      },
                      "metadata": {
                        "operationMetadataId": "58339ff6-dd6b-44cc-809a-e357e32e3bf1"
                      },
                      "type": "OpenApiConnection",
                      "inputs": {
                        "host": {
                          "connectionName": "shared_sharepointonline_1",
                          "operationId": "GrantAccess",
                          "apiId": "/providers/Microsoft.PowerApps/apis/shared_sharepointonline"
                        },
                        "parameters": {
                          "dataset": "@parameters('BPM Site (cr93e_BPMSite)')",
                          "table": "@parameters('BPM Cases (cr93e_BPMCases)')",
                          "id": "@items('Apply_to_each')?['ID']",
                          "parameter/recipients": "@{items('Apply_to_each')?['OnBehalfOf']};@{items('Apply_to_each')?['Submitter']}",
                          "parameter/roleValue": "role:1073741826"
                        },
                        "authentication": {
                          "type": "Raw",
                          "value": "@json(decodeBase64(triggerOutputs().headers['X-MS-APIM-Tokens']))['$ConnectionKey']"
                        }
                      }
                    },
                    "Send_an_HTTP_request_to_SharePoint_-_Case_To_HR_Group": {
                      "runAfter": {
                        "Send_an_HTTP_request_to_SharePoint_-_Case_Break_Role_Inheritance": [
                          "Succeeded"
                        ]
                      },
                      "metadata": {
                        "operationMetadataId": "0e85ef68-7bb5-48f9-9657-a7f2c7e2e3d1"
                      },
                      "type": "OpenApiConnection",
                      "inputs": {
                        "host": {
                          "connectionName": "shared_sharepointonline_1",
                          "operationId": "HttpRequest",
                          "apiId": "/providers/Microsoft.PowerApps/apis/shared_sharepointonline"
                        },
                        "parameters": {
                          "dataset": "@parameters('BPM Site (cr93e_BPMSite)')",
                          "parameters/method": "POST",
                          "parameters/uri": "_api/lists/getById('@{parameters('BPM Cases (cr93e_BPMCases)')}')/items(@{items('Apply_to_each')?['ID']})/roleAssignments/addroleassignment(principalId=@{variables(' CaseMainSecurityGroupId')}, roledefId=@{outputs('Read_Roledefid')})"
                        },
                        "authentication": {
                          "type": "Raw",
                          "value": "@json(decodeBase64(triggerOutputs().headers['X-MS-APIM-Tokens']))['$ConnectionKey']"
                        }
                      }
                    },
                    "Set_variable_CaseSystemID": {
                      "runAfter": {
                        "Set_variable_On_Behalf_Of": [
                          "Succeeded"
                        ]
                      },
                      "metadata": {
                        "operationMetadataId": "e3724fca-229b-4927-8616-491454606d05"
                      },
                      "type": "SetVariable",
                      "inputs": {
                        "name": "CaseSystemId",
                        "value": "@items('Apply_to_each')?['ID']"
                      }
                    }
                  },
                  "runAfter": {
                    "Get_items_-_Cases": [
                      "Succeeded"
                    ]
                  },
                  "metadata": {
                    "operationMetadataId": "52d413aa-eb1d-44e3-b837-277b9f01058c"
                  },
                  "type": "Foreach"
                },
                "Get_items_-_Cases": {
                  "runAfter": {},
                  "metadata": {
                    "operationMetadataId": "770648e8-ece5-4651-9441-7b3c5c2a9f8d"
                  },
                  "type": "OpenApiConnection",
                  "inputs": {
                    "host": {
                      "connectionName": "shared_sharepointonline_1",
                      "operationId": "GetItems",
                      "apiId": "/providers/Microsoft.PowerApps/apis/shared_sharepointonline"
                    },
                    "parameters": {
                      "dataset": "@parameters('BPM Site (cr93e_BPMSite)')",
                      "table": "@parameters('BPM Cases (cr93e_BPMCases)')",
                      "$filter": "CaseID eq '@{outputs('CaseID')}'"
                    },
                    "authentication": {
                      "type": "Raw",
                      "value": "@json(decodeBase64(triggerOutputs().headers['X-MS-APIM-Tokens']))['$ConnectionKey']"
                    }
                  }
                }
              },
              "runAfter": {
                "Get_Case_Main_Security_Group": [
                  "Succeeded"
                ]
              },
              "metadata": {
                "operationMetadataId": "a9d10cb7-ac98-4034-b805-1cf7262813f2"
              },
              "type": "Scope"
            },
            "Secure_Request": {
              "actions": {
                "Run_a_Child_Flow_-_Get_Request_List_Guid_and_Id": {
                  "runAfter": {},
                  "metadata": {
                    "operationMetadataId": "b23970df-5c86-4a8c-8eb0-c13a4c47f221"
                  },
                  "type": "Workflow",
                  "inputs": {
                    "host": {
                      "workflowReferenceName": "7c125f5c-e707-eb11-a813-000d3ab8ff7b"
                    },
                    "body": {
                      "text": "@outputs('CaseID')"
                    }
                  }
                },
                "Send_an_HTTP_request_to_SharePoint_-_Case_To_HR_Group_2": {
                  "runAfter": {
                    "Set_variable_RequestId": [
                      "Succeeded"
                    ]
                  },
                  "metadata": {
                    "operationMetadataId": "fe8bbea4-5ba7-4530-87f9-be49e1eff4a0"
                  },
                  "type": "OpenApiConnection",
                  "inputs": {
                    "host": {
                      "connectionName": "shared_sharepointonline_1",
                      "operationId": "HttpRequest",
                      "apiId": "/providers/Microsoft.PowerApps/apis/shared_sharepointonline"
                    },
                    "parameters": {
                      "dataset": "@parameters('BPM Site (cr93e_BPMSite)')",
                      "parameters/method": "POST",
                      "parameters/uri": "_api/lists/getById('@{variables('RequestListGuid')}')/items(@{variables('RequestId')})/roleAssignments/addroleassignment(principalId=@{variables(' CaseMainSecurityGroupId')}, roledefId=@{outputs('Read_Roledefid')})"
                    },
                    "authentication": {
                      "type": "Raw",
                      "value": "@json(decodeBase64(triggerOutputs().headers['X-MS-APIM-Tokens']))['$ConnectionKey']"
                    }
                  }
                },
                "Set_variable_RequestListGuid": {
                  "runAfter": {
                    "Run_a_Child_Flow_-_Get_Request_List_Guid_and_Id": [
                      "Succeeded"
                    ]
                  },
                  "metadata": {
                    "operationMetadataId": "c4258129-d6fe-4e2b-8730-9f527072c785"
                  },
                  "type": "SetVariable",
                  "inputs": {
                    "name": "RequestListGuid",
                    "value": "@outputs('Run_a_Child_Flow_-_Get_Request_List_Guid_and_Id')?['Body']?['requestlistguid']"
                  }
                },
                "Set_variable_RequestId": {
                  "runAfter": {
                    "Set_variable_RequestListGuid": [
                      "Succeeded"
                    ]
                  },
                  "metadata": {
                    "operationMetadataId": "6165f651-f4b3-4fd7-876b-1130588cf951"
                  },
                  "type": "SetVariable",
                  "inputs": {
                    "name": "RequestId",
                    "value": "@outputs('Run_a_Child_Flow_-_Get_Request_List_Guid_and_Id')?['Body']?['requestid']"
                  }
                }
              },
              "runAfter": {
                "Secure_Case": [
                  "Succeeded"
                ]
              },
              "metadata": {
                "operationMetadataId": "7b061553-cc88-4ee8-b008-d7915693f82d"
              },
              "type": "Scope"
            }
          },
          "runAfter": {
            "Params": [
              "Succeeded"
            ]
          },
          "metadata": {
            "operationMetadataId": "2619c439-e75c-4238-9aad-55e0e983743b"
          },
          "type": "Scope"
        },
        "Catch": {
          "actions": {
            "Run_a_Child_Flow_-_BPM_Toolkit_-_Log_Flow_Error": {
              "runAfter": {},
              "metadata": {
                "operationMetadataId": "71837709-7133-4c58-8ee1-360c4b8f3907"
              },
              "type": "Workflow",
              "inputs": {
                "host": {
                  "workflowReferenceName": "01389840-615e-eb11-a812-0022489c791b"
                },
                "body": {
                  "text": "@string(result('Try'))",
                  "text_1": "@string(workflow())",
                  "text_2": "@outputs('CaseID')"
                }
              }
            }
          },
          "runAfter": {
            "Try": [
              "Failed",
              "Skipped",
              "TimedOut"
            ]
          },
          "metadata": {
            "operationMetadataId": "a8cb9b44-f9b9-497b-b9da-7401ecb18566"
          },
          "type": "Scope"
        },
        "Finally": {
          "actions": {},
          "runAfter": {
            "Catch": [
              "Succeeded",
              "Failed",
              "Skipped",
              "TimedOut"
            ]
          },
          "metadata": {
            "operationMetadataId": "8e3ed918-0dc0-4af7-a1e4-8efc338d4982"
          },
          "type": "Scope"
        }
      },
      "outputs": {}
    }
  },
  "schemaVersion": "1.0.0.0"
}