{
  "properties": {
    "connectionReferences": {
      "shared_sharepointonline": {
        "runtimeSource": "embedded",
        "connection": {
          "connectionReferenceLogicalName": "cr93e_BPMToolkitSPConnectionref"
        },
        "api": {
          "name": "shared_sharepointonline"
        }
      },
      "shared_office365_1": {
        "runtimeSource": "embedded",
        "connection": {
          "connectionReferenceLogicalName": "cr93e_BPMToolkitOutlookConnectionref"
        },
        "api": {
          "name": "shared_office365"
        }
      }
    },
    "definition": {
      "$schema": "https://schema.management.azure.com/providers/Microsoft.Logic/schemas/2016-06-01/workflowdefinition.json#",
      "contentVersion": "1.0.0.0",
      "parameters": {
        "$connections": {
          "defaultValue": {},
          "type": "Object"
        },
        "$authentication": {
          "defaultValue": {},
          "type": "SecureObject"
        },
        "BPM Site (cr93e_BPMSite)": {
          "defaultValue": "https://eurocontrol.sharepoint.com/sites/HRSADEV",
          "type": "String",
          "metadata": {
            "schemaName": "cr93e_BPMSite"
          }
        },
        "BPM Cases (cr93e_BPMCases)": {
          "defaultValue": "28007d72-bc53-410a-b713-409478508462",
          "type": "String",
          "metadata": {
            "schemaName": "cr93e_BPMCases"
          }
        }
      },
      "triggers": {
        "manual": {
          "metadata": {
            "operationMetadataId": "9f8be8dc-d4fb-497d-97f2-f6c424618201"
          },
          "type": "Request",
          "kind": "Button",
          "inputs": {
            "schema": {
              "type": "object",
              "properties": {
                "text": {
                  "title": "CaseID",
                  "type": "string",
                  "x-ms-dynamically-added": true,
                  "description": "Please enter your input",
                  "x-ms-content-hint": "TEXT"
                },
                "text_1": {
                  "title": "Step",
                  "type": "string",
                  "x-ms-dynamically-added": true,
                  "description": "Please enter your input",
                  "x-ms-content-hint": "TEXT"
                },
                "text_2": {
                  "title": "Actor",
                  "type": "string",
                  "x-ms-dynamically-added": true,
                  "description": "Please enter your input",
                  "x-ms-content-hint": "TEXT"
                },
                "text_3": {
                  "title": "Type",
                  "type": "string",
                  "x-ms-dynamically-added": true,
                  "description": "Please enter your input",
                  "x-ms-content-hint": "TEXT"
                },
                "text_4": {
                  "title": "ExtraMessageToUser",
                  "type": "string",
                  "x-ms-dynamically-added": true,
                  "description": "Please enter your input",
                  "x-ms-content-hint": "TEXT"
                }
              },
              "required": [
                "text",
                "text_1",
                "text_2",
                "text_3"
              ]
            },
            "headersSchema": {
              "x-ms-user-email-encoded": {
                "title": "User email",
                "type": "string",
                "format": "byte",
                "x-ms-dynamically-added": false
              }
            }
          }
        }
      },
      "actions": {
        "Respond_to_a_PowerApp_or_flow": {
          "runAfter": {
            "Catch": [
              "Succeeded",
              "Failed",
              "Skipped",
              "TimedOut"
            ]
          },
          "metadata": {
            "operationMetadataId": "4254dc26-7def-4e61-a18b-9821ef2e312a"
          },
          "type": "Response",
          "kind": "PowerApp",
          "inputs": {
            "statusCode": 200,
            "body": {},
            "schema": {
              "type": "object",
              "properties": {}
            }
          }
        },
        "Initialize_variable_Case_Title": {
          "runAfter": {},
          "metadata": {
            "operationMetadataId": "13d61182-2bab-40d4-8012-420ebdefc51c"
          },
          "type": "InitializeVariable",
          "inputs": {
            "variables": [
              {
                "name": "Case Title",
                "type": "string"
              }
            ]
          }
        },
        "Initialize_variable_Case_Author": {
          "runAfter": {
            "Initialize_variable_Case_Title": [
              "Succeeded"
            ]
          },
          "metadata": {
            "operationMetadataId": "9dfce87c-dd24-4891-ae38-8407722a4a4b"
          },
          "type": "InitializeVariable",
          "inputs": {
            "variables": [
              {
                "name": "Case Author",
                "type": "string"
              }
            ]
          }
        },
        "Initialize_variable_EmailTitle": {
          "runAfter": {
            "Initialize_variable_Case_Author": [
              "Succeeded"
            ]
          },
          "metadata": {
            "operationMetadataId": "3b2fa1cf-8096-40b4-98fa-86bca05ccf9d"
          },
          "type": "InitializeVariable",
          "inputs": {
            "variables": [
              {
                "name": "EmailTitle",
                "type": "string"
              }
            ]
          }
        },
        "Initialize_variable_EmailBody": {
          "runAfter": {
            "Initialize_variable_EmailTitle": [
              "Succeeded"
            ]
          },
          "metadata": {
            "operationMetadataId": "2259ef7b-645e-4333-b841-cdfbcf30ff3b"
          },
          "type": "InitializeVariable",
          "inputs": {
            "variables": [
              {
                "name": "EmailBody",
                "type": "string"
              }
            ]
          }
        },
        "TypeOfAction": {
          "runAfter": {
            "Initialize_variable_EmailBody": [
              "Succeeded"
            ]
          },
          "metadata": {
            "operationMetadataId": "af9a37e7-bd66-4eac-8ae2-732c5cd1b750"
          },
          "type": "Compose",
          "inputs": "@triggerBody()['text_3']"
        },
        "Dashboard_app_url": {
          "runAfter": {
            "TypeOfAction": [
              "Succeeded"
            ]
          },
          "metadata": {
            "operationMetadataId": "76d1da67-a398-42af-a9b4-33bbd3bd9b67"
          },
          "type": "Compose",
          "inputs": "https://apps.powerapps.com/play/fafb9a79-aad9-462b-b1a7-bf730df1704d?tenantId=68292071-2b48-425a-b859-92e55e18dd33"
        },
        "Task_link_in_dashboard": {
          "runAfter": {
            "Dashboard_app_url": [
              "Succeeded"
            ]
          },
          "metadata": {
            "operationMetadataId": "aa565de5-12f5-4d9c-9a4a-39bf43e0e221"
          },
          "type": "Compose",
          "inputs": "@{outputs('Dashboard_app_url')}?CaseID=@{triggerBody()['text']}&Step=@{triggerBody()['text_1']}&view=tasks"
        },
        "ExtraMessageToUser": {
          "runAfter": {
            "Task_link_in_dashboard": [
              "Succeeded"
            ]
          },
          "metadata": {
            "operationMetadataId": "fcfb1589-2138-4ea1-9369-3b8cfa354f1b"
          },
          "type": "Compose",
          "inputs": "@triggerBody()?['text_4']"
        },
        "Try": {
          "actions": {
            "Check_if_human_or_group": {
              "actions": {
                "ALM": {
                  "actions": {
                    "Run_a_Child_Flow_-__ALM": {
                      "runAfter": {},
                      "metadata": {
                        "operationMetadataId": "03f06dcf-da0b-4544-91e5-edc9f6163a35"
                      },
                      "type": "Workflow",
                      "inputs": {
                        "host": {
                          "workflowReferenceName": "c5a31aa5-98af-ea11-a812-000d3ab8d5b5"
                        }
                      }
                    }
                  },
                  "runAfter": {},
                  "metadata": {
                    "operationMetadataId": "258c6e3f-8f2a-47bd-8869-96d1231569bb"
                  },
                  "type": "Scope"
                },
                "Apply_to_each": {
                  "foreach": "@outputs('Get_items_-_Cases_-_case_Info')?['body/value']",
                  "actions": {
                    "Set_variable_case_info": {
                      "runAfter": {},
                      "metadata": {
                        "operationMetadataId": "b05df396-3439-43ce-a343-9327962af7f8"
                      },
                      "type": "SetVariable",
                      "inputs": {
                        "name": "Case Title",
                        "value": "@items('Apply_to_each')?['CaseDescr']"
                      }
                    },
                    "Set_variable_case_author": {
                      "runAfter": {
                        "Set_variable_case_info": [
                          "Succeeded"
                        ]
                      },
                      "metadata": {
                        "operationMetadataId": "b29009be-9efa-4505-a1cd-abee0903f3ce"
                      },
                      "type": "SetVariable",
                      "inputs": {
                        "name": "Case Author",
                        "value": "@items('Apply_to_each')?['Author/DisplayName']"
                      }
                    }
                  },
                  "runAfter": {
                    "Get_items_-_Cases_-_case_Info": [
                      "Succeeded"
                    ]
                  },
                  "metadata": {
                    "operationMetadataId": "0e19f287-2027-4a3f-a65b-98ca43741463"
                  },
                  "type": "Foreach"
                },
                "Get_items_-_Cases_-_case_Info": {
                  "runAfter": {
                    "ALM": [
                      "Succeeded"
                    ]
                  },
                  "metadata": {
                    "operationMetadataId": "922681ba-0d79-4e59-a46e-c4afae17541a"
                  },
                  "type": "OpenApiConnection",
                  "inputs": {
                    "host": {
                      "connectionName": "shared_sharepointonline",
                      "operationId": "GetItems",
                      "apiId": "/providers/Microsoft.PowerApps/apis/shared_sharepointonline"
                    },
                    "parameters": {
                      "dataset": "@parameters('BPM Site (cr93e_BPMSite)')",
                      "table": "@parameters('BPM Cases (cr93e_BPMCases)')",
                      "$filter": "CaseID eq '@{triggerBody()['text']}'",
                      "$top": 1
                    },
                    "authentication": {
                      "type": "Raw",
                      "value": "@json(decodeBase64(triggerOutputs().headers['X-MS-APIM-Tokens']))['$ConnectionKey']"
                    }
                  }
                },
                "Scope": {
                  "actions": {
                    "Set_variable_EmailTitle": {
                      "runAfter": {},
                      "metadata": {
                        "operationMetadataId": "dffcf40c-214b-4890-93cc-1f32b318000a"
                      },
                      "type": "SetVariable",
                      "inputs": {
                        "name": "EmailTitle",
                        "value": "Call for Action :  request @{variables('Case Title')} from @{variables('Case Author')}"
                      }
                    },
                    "Set_variable_EmailBody": {
                      "runAfter": {
                        "Set_variable_EmailTitle": [
                          "Succeeded"
                        ]
                      },
                      "metadata": {
                        "operationMetadataId": "beac6eee-92b3-46dd-adc3-06382f60b1ea"
                      },
                      "type": "SetVariable",
                      "inputs": {
                        "name": "EmailBody",
                        "value": "Click ?CaseID&@{triggerBody()['text']}&Step=@{triggerBody()['text_1']}\">here to  approve"
                      }
                    },
                    "Run_a_Child_Flow_-_BPM_Toolkit_-_Delegation_-_GetDelegation_v2": {
                      "runAfter": {
                        "Set_variable_EmailBody": [
                          "Succeeded"
                        ]
                      },
                      "metadata": {
                        "operationMetadataId": "ec93803d-6559-4cc5-ae70-4eef9dae7eb0"
                      },
                      "type": "Workflow",
                      "inputs": {
                        "host": {
                          "workflowReferenceName": "57c9a2f4-b21d-eb11-a813-000d3ab8f989"
                        },
                        "body": {
                          "text": "@triggerBody()['text_2']"
                        }
                      }
                    },
                    "Switch": {
                      "runAfter": {
                        "Run_a_Child_Flow_-_BPM_Toolkit_-_Delegation_-_GetDelegation_v2": [
                          "Succeeded"
                        ]
                      },
                      "cases": {
                        "Case": {
                          "case": "Start",
                          "actions": {
                            "Send_an_email_(V2)": {
                              "runAfter": {},
                              "type": "OpenApiConnection",
                              "inputs": {
                                "host": {
                                  "connectionName": "shared_office365_1",
                                  "operationId": "SendEmailV2",
                                  "apiId": "/providers/Microsoft.PowerApps/apis/shared_office365"
                                },
                                "parameters": {
                                  "emailMessage/To": "@body('Run_a_Child_Flow_-_BPM_Toolkit_-_Delegation_-_GetDelegation_v2')?['touser']",
                                  "emailMessage/Subject": "@{variables('EmailTitle')} (redirected from @{triggerBody()['text_2']})",
                                  "emailMessage/Body": "<p>A new case approval or a review task will be assigned to you. It will show up in your My Dashboard soon.<br>\n<br>\n<br>\n<br>\n@{if (empty(outputs('ExtraMessageToUser')),'','Comment:')}<br>\n<br>\n@{if (empty(outputs('ExtraMessageToUser')),'',outputs('ExtraMessageToUser'))}</p>"
                                },
                                "authentication": {
                                  "type": "Raw",
                                  "value": "@json(decodeBase64(triggerOutputs().headers['X-MS-APIM-Tokens']))['$ConnectionKey']"
                                }
                              }
                            }
                          }
                        }
                      },
                      "default": {
                        "actions": {
                          "Send_an_email_(V2)_2": {
                            "runAfter": {},
                            "metadata": {
                              "operationMetadataId": "b530c9cf-c23c-48ef-b2fb-37af20fecb11"
                            },
                            "type": "OpenApiConnection",
                            "inputs": {
                              "host": {
                                "connectionName": "shared_office365_1",
                                "operationId": "SendEmailV2",
                                "apiId": "/providers/Microsoft.PowerApps/apis/shared_office365"
                              },
                              "parameters": {
                                "emailMessage/To": "@triggerBody()['text_2']",
                                "emailMessage/Subject": "@variables('EmailTitle')",
                                "emailMessage/Body": "<p>A new case approval or a review task has been assigned to you. Go to My Dashboard App.<br>\n<br>\n<br>\n@{if (empty(outputs('ExtraMessageToUser')),'','Comment:')}<br>\n<br>\n@{if (empty(outputs('ExtraMessageToUser')),'',outputs('ExtraMessageToUser'))}</p>"
                              },
                              "authentication": {
                                "type": "Raw",
                                "value": "@json(decodeBase64(triggerOutputs().headers['X-MS-APIM-Tokens']))['$ConnectionKey']"
                              }
                            }
                          }
                        }
                      },
                      "expression": "@body('Run_a_Child_Flow_-_BPM_Toolkit_-_Delegation_-_GetDelegation_v2')?['action']",
                      "metadata": {
                        "operationMetadataId": "efe12666-cab2-4efe-bf81-bcbc18e8a792"
                      },
                      "type": "Switch"
                    }
                  },
                  "runAfter": {
                    "Apply_to_each": [
                      "Succeeded"
                    ]
                  },
                  "metadata": {
                    "operationMetadataId": "bb9a4160-d310-4c1e-ac1e-0fc4f4442a7c"
                  },
                  "type": "Scope"
                }
              },
              "runAfter": {},
              "expression": {
                "equals": [
                  "@if(contains(triggerBody()['text_2'],'@'),true,false)",
                  true
                ]
              },
              "metadata": {
                "operationMetadataId": "ed3188c3-8c22-40e8-b08f-96cf6dc20143"
              },
              "type": "If"
            }
          },
          "runAfter": {
            "ExtraMessageToUser": [
              "Succeeded"
            ]
          },
          "metadata": {
            "operationMetadataId": "c3da4242-4afc-410b-9e85-f65d67064da4"
          },
          "type": "Scope"
        },
        "Catch": {
          "actions": {
            "Run_a_Child_Flow_-_Log_Flow_Error": {
              "runAfter": {},
              "metadata": {
                "operationMetadataId": "b765cc6a-f5ae-468b-afcf-04e23eee1898"
              },
              "type": "Workflow",
              "inputs": {
                "host": {
                  "workflowReferenceName": "01389840-615e-eb11-a812-0022489c791b"
                },
                "body": {
                  "text": "@string(result('Try'))",
                  "text_1": "@string(workflow())",
                  "text_2": "@triggerBody()['text']"
                }
              }
            }
          },
          "runAfter": {
            "Try": [
              "Failed",
              "Skipped",
              "TimedOut"
            ]
          },
          "metadata": {
            "operationMetadataId": "cb5c85d6-a20f-4486-b8e4-1abf93592c6b"
          },
          "type": "Scope"
        }
      },
      "outputs": {}
    }
  },
  "schemaVersion": "1.0.0.0"
}