{
  "properties": {
    "connectionReferences": {
      "shared_sharepointonline_1": {
        "runtimeSource": "embedded",
        "connection": {
          "connectionReferenceLogicalName": "cr93e_BPMToolkitSPConnectionref4"
        },
        "api": {
          "name": "shared_sharepointonline"
        }
      }
    },
    "definition": {
      "$schema": "https://schema.management.azure.com/providers/Microsoft.Logic/schemas/2016-06-01/workflowdefinition.json#",
      "contentVersion": "1.0.0.0",
      "parameters": {
        "$connections": {
          "defaultValue": {},
          "type": "Object"
        },
        "$authentication": {
          "defaultValue": {},
          "type": "SecureObject"
        },
        "BPM Site (cr93e_BPMSite)": {
          "defaultValue": "https://eurocontrol.sharepoint.com/sites/HRSADEV",
          "type": "String",
          "metadata": {
            "schemaName": "cr93e_BPMSite"
          }
        },
        "BPM Case Lifecycle (cr93e_BPMCaseLifecycle)": {
          "defaultValue": "f3de391d-6402-4616-9078-14cf2ca00a7d",
          "type": "String",
          "metadata": {
            "schemaName": "cr93e_BPMCaseLifecycle"
          }
        }
      },
      "triggers": {
        "manual": {
          "metadata": {
            "operationMetadataId": "e5085ab4-726a-4475-b4b8-6b1561a6c0fb"
          },
          "type": "Request",
          "kind": "Button",
          "inputs": {
            "schema": {
              "type": "object",
              "properties": {
                "text": {
                  "title": "CaseID",
                  "type": "string",
                  "x-ms-dynamically-added": true,
                  "description": "Please enter your input",
                  "x-ms-content-hint": "TEXT"
                },
                "text_1": {
                  "title": "CaseType",
                  "type": "string",
                  "x-ms-dynamically-added": true,
                  "description": "Please enter your input",
                  "x-ms-content-hint": "TEXT"
                }
              },
              "required": [
                "text",
                "text_1"
              ]
            }
          }
        }
      },
      "actions": {
        "CaseID": {
          "runAfter": {},
          "metadata": {
            "operationMetadataId": "c10799c7-a005-4d71-b9ac-bbde966a54d3"
          },
          "type": "Compose",
          "inputs": "@triggerBody()['text']"
        },
        "Initialize_variable_WorkflowFinalStatus": {
          "runAfter": {
            "Initialize_variable_CaseType": [
              "Succeeded"
            ]
          },
          "metadata": {
            "operationMetadataId": "f0367771-03ef-44fd-a9c2-ca6784cafba2"
          },
          "type": "InitializeVariable",
          "inputs": {
            "variables": [
              {
                "name": "WorkflowFinalStatus",
                "type": "string"
              }
            ]
          }
        },
        "Respond_to_a_PowerApp_or_flow": {
          "runAfter": {
            "Catch": [
              "Succeeded",
              "Failed",
              "Skipped",
              "TimedOut"
            ]
          },
          "metadata": {
            "operationMetadataId": "71a4cabe-2bb9-415d-b12b-546f97a40df7"
          },
          "type": "Response",
          "kind": "PowerApp",
          "inputs": {
            "statusCode": 200,
            "body": {
              "workflowstatus": "@variables('WorkflowFinalStatus')"
            },
            "schema": {
              "type": "object",
              "properties": {
                "workflowstatus": {
                  "title": "WorkflowStatus",
                  "x-ms-dynamically-added": true,
                  "type": "string"
                }
              }
            }
          }
        },
        "Initialize_variable_CaseType": {
          "runAfter": {
            "CaseType": [
              "Succeeded"
            ]
          },
          "metadata": {
            "operationMetadataId": "6172d72a-e474-4837-97ba-38d4b6e24e2c"
          },
          "type": "InitializeVariable",
          "inputs": {
            "variables": [
              {
                "name": "CaseType",
                "type": "string"
              }
            ]
          }
        },
        "CaseType": {
          "runAfter": {
            "CaseID": [
              "Succeeded"
            ]
          },
          "metadata": {
            "operationMetadataId": "13813d9c-7b20-4413-8940-847ee2de5a8f"
          },
          "type": "Compose",
          "inputs": "@triggerBody()['text_1']"
        },
        "Try": {
          "actions": {
            "nop_": {
              "runAfter": {},
              "metadata": {
                "operationMetadataId": "1aefcd38-02c0-43f4-afca-4e0ad945e8cc"
              },
              "type": "Compose",
              "inputs": "nop"
            },
            "Check_Approved": {
              "actions": {
                "Get_items_-_Case_Lifecycle_-_Approved": {
                  "runAfter": {},
                  "metadata": {
                    "operationMetadataId": "8678173a-bd12-42c1-b272-7e2698c8d890"
                  },
                  "type": "OpenApiConnection",
                  "inputs": {
                    "host": {
                      "connectionName": "shared_sharepointonline_1",
                      "operationId": "GetItems",
                      "apiId": "/providers/Microsoft.PowerApps/apis/shared_sharepointonline"
                    },
                    "parameters": {
                      "dataset": "@parameters('BPM Site (cr93e_BPMSite)')",
                      "table": "@parameters('BPM Case Lifecycle (cr93e_BPMCaseLifecycle)')",
                      "$filter": "(CaseID eq '@{outputs('CaseID')}') and ((Status eq 'Approved') or (Status eq 'ApprovedStop'))",
                      "$top": 1
                    },
                    "authentication": {
                      "type": "Raw",
                      "value": "@json(decodeBase64(triggerOutputs().headers['X-MS-APIM-Tokens']))['$ConnectionKey']"
                    }
                  }
                },
                "Apply_to_each_-_case_Lifecycle_-_Approved": {
                  "foreach": "@outputs('Get_items_-_Case_Lifecycle_-_Approved')?['body/value']",
                  "actions": {
                    "Set_variable_WorkflowFinalStatus_": {
                      "runAfter": {},
                      "metadata": {
                        "operationMetadataId": "8b7225b5-ebc2-4509-997d-97f9d6c61d65"
                      },
                      "type": "SetVariable",
                      "inputs": {
                        "name": "WorkflowFinalStatus",
                        "value": "Approved"
                      }
                    }
                  },
                  "runAfter": {
                    "Get_items_-_Case_Lifecycle_-_Approved": [
                      "Succeeded"
                    ]
                  },
                  "metadata": {
                    "operationMetadataId": "eb06e2dc-ec8d-4eb9-9ee0-220b4b508cff"
                  },
                  "type": "Foreach"
                }
              },
              "runAfter": {
                "nop_": [
                  "Succeeded"
                ]
              },
              "metadata": {
                "operationMetadataId": "b59cc1ba-d8d2-4e9c-b78e-b9a5a7081bdd"
              },
              "type": "Scope"
            },
            "Check_Rejected": {
              "actions": {
                "Get_items_-_Case_Lifecycle_-_Rejected": {
                  "runAfter": {},
                  "metadata": {
                    "operationMetadataId": "0c089a8d-e40f-443f-9cdd-520b40551b34"
                  },
                  "type": "OpenApiConnection",
                  "inputs": {
                    "host": {
                      "connectionName": "shared_sharepointonline_1",
                      "operationId": "GetItems",
                      "apiId": "/providers/Microsoft.PowerApps/apis/shared_sharepointonline"
                    },
                    "parameters": {
                      "dataset": "@parameters('BPM Site (cr93e_BPMSite)')",
                      "table": "@parameters('BPM Case Lifecycle (cr93e_BPMCaseLifecycle)')",
                      "$filter": "(CaseID eq '@{outputs('CaseID')}') and ((Status eq 'Rejected') or (Status eq 'RejectedStop') )",
                      "$top": 1
                    },
                    "authentication": {
                      "type": "Raw",
                      "value": "@json(decodeBase64(triggerOutputs().headers['X-MS-APIM-Tokens']))['$ConnectionKey']"
                    }
                  }
                },
                "Apply_to_each_-_Case_Lifecycle_-_Rejected": {
                  "foreach": "@outputs('Get_items_-_Case_Lifecycle_-_Rejected')?['body/value']",
                  "actions": {
                    "Set_variable_WorkflowFinalStatus": {
                      "runAfter": {},
                      "metadata": {
                        "operationMetadataId": "c488f4ce-5c10-4bb7-b6d4-8b27751ecaaa"
                      },
                      "type": "SetVariable",
                      "inputs": {
                        "name": "WorkflowFinalStatus",
                        "value": "Rejected"
                      }
                    }
                  },
                  "runAfter": {
                    "Get_items_-_Case_Lifecycle_-_Rejected": [
                      "Succeeded"
                    ]
                  },
                  "metadata": {
                    "operationMetadataId": "29e69962-0f43-47da-a283-2c89a6ba7b43"
                  },
                  "type": "Foreach"
                }
              },
              "runAfter": {
                "nop_": [
                  "Succeeded"
                ]
              },
              "metadata": {
                "operationMetadataId": "12704dfa-7fb0-4c02-97ff-c4a98c9b7905"
              },
              "type": "Scope"
            },
            "If_Not_Approved_or_Rejected": {
              "actions": {
                "Run_a_Child_Flow_-_get_Case_Type_Parameters": {
                  "runAfter": {},
                  "metadata": {
                    "operationMetadataId": "5c65f0a8-384e-45b5-b07c-3979f9c65f1a"
                  },
                  "type": "Workflow",
                  "inputs": {
                    "host": {
                      "workflowReferenceName": "cdb0f698-2e4b-eb11-a812-000d3abee2a0"
                    },
                    "body": {
                      "text": "@outputs('CaseType')"
                    }
                  }
                },
                "Approval_Pattern": {
                  "runAfter": {
                    "Run_a_Child_Flow_-_get_Case_Type_Parameters": [
                      "Succeeded"
                    ]
                  },
                  "metadata": {
                    "operationMetadataId": "bd67a481-57de-49d8-91d3-7da8790743cd"
                  },
                  "type": "Compose",
                  "inputs": "@outputs('Run_a_Child_Flow_-_get_Case_Type_Parameters')?['Body']?['approvalpattern']"
                },
                "Switch_Approval_Pattern": {
                  "runAfter": {
                    "Approval_Pattern": [
                      "Succeeded"
                    ]
                  },
                  "cases": {
                    "Majority": {
                      "case": "Majority",
                      "actions": {
                        "nop": {
                          "runAfter": {},
                          "type": "Compose",
                          "inputs": "nop"
                        },
                        "Get_items_-_Case_Lifecycle_-_Negative_": {
                          "runAfter": {
                            "nop": [
                              "Succeeded"
                            ]
                          },
                          "type": "OpenApiConnection",
                          "inputs": {
                            "host": {
                              "connectionName": "shared_sharepointonline_1",
                              "operationId": "GetItems",
                              "apiId": "/providers/Microsoft.PowerApps/apis/shared_sharepointonline"
                            },
                            "parameters": {
                              "dataset": "@parameters('BPM Site (cr93e_BPMSite)')",
                              "table": "@parameters('BPM Case Lifecycle (cr93e_BPMCaseLifecycle)')",
                              "$filter": "(CaseID eq '@{outputs('CaseID')}') and (Status eq 'Negative')"
                            },
                            "authentication": {
                              "type": "Raw",
                              "value": "@json(decodeBase64(triggerOutputs().headers['X-MS-APIM-Tokens']))['$ConnectionKey']"
                            }
                          }
                        },
                        "Get_items_-_Case_Lifecycle_-_Positive": {
                          "runAfter": {
                            "nop": [
                              "Succeeded"
                            ]
                          },
                          "type": "OpenApiConnection",
                          "inputs": {
                            "host": {
                              "connectionName": "shared_sharepointonline_1",
                              "operationId": "GetItems",
                              "apiId": "/providers/Microsoft.PowerApps/apis/shared_sharepointonline"
                            },
                            "parameters": {
                              "dataset": "@parameters('BPM Site (cr93e_BPMSite)')",
                              "table": "@parameters('BPM Case Lifecycle (cr93e_BPMCaseLifecycle)')",
                              "$filter": "(CaseID eq '@{outputs('CaseID')}') and (Status eq 'Positive')"
                            },
                            "authentication": {
                              "type": "Raw",
                              "value": "@json(decodeBase64(triggerOutputs().headers['X-MS-APIM-Tokens']))['$ConnectionKey']"
                            }
                          }
                        },
                        "NumberOfNegative": {
                          "runAfter": {
                            "Get_items_-_Case_Lifecycle_-_Negative_": [
                              "Succeeded"
                            ],
                            "Get_items_-_Case_Lifecycle_-_Positive": [
                              "Succeeded"
                            ]
                          },
                          "type": "Compose",
                          "inputs": "@length(outputs('Get_items_-_Case_Lifecycle_-_Negative_')?['body/value'])"
                        },
                        "NumberofPositive": {
                          "runAfter": {
                            "NumberOfNegative": [
                              "Succeeded"
                            ]
                          },
                          "type": "Compose",
                          "inputs": "@length(outputs('Get_items_-_Case_Lifecycle_-_Positive')?['body/value'])"
                        },
                        "Check_if_more_positive": {
                          "actions": {
                            "Set_variable_WorkflowFinalStatus_to_Approved_": {
                              "runAfter": {},
                              "type": "SetVariable",
                              "inputs": {
                                "name": "WorkflowFinalStatus",
                                "value": "Approved"
                              }
                            }
                          },
                          "runAfter": {
                            "NumberofPositive": [
                              "Succeeded"
                            ]
                          },
                          "else": {
                            "actions": {
                              "Set_variable_WorkflowFinalStatus_to_Rejected____": {
                                "runAfter": {},
                                "type": "SetVariable",
                                "inputs": {
                                  "name": "WorkflowFinalStatus",
                                  "value": "Rejected"
                                }
                              }
                            }
                          },
                          "expression": {
                            "greaterOrEquals": [
                              "@int(outputs('NumberofPositive'))",
                              "@int(outputs('NumberOfNegative'))"
                            ]
                          },
                          "type": "If"
                        }
                      }
                    },
                    "Single_Negative": {
                      "case": "SingleNegative",
                      "actions": {
                        "Set_variable_WorkflowFinalStatus_to_Approved": {
                          "runAfter": {},
                          "type": "SetVariable",
                          "inputs": {
                            "name": "WorkflowFinalStatus",
                            "value": "Approved"
                          }
                        },
                        "Get_items_-_Case_Lifecycle_-__Negative": {
                          "runAfter": {
                            "Set_variable_WorkflowFinalStatus_to_Approved": [
                              "Succeeded"
                            ]
                          },
                          "type": "OpenApiConnection",
                          "inputs": {
                            "host": {
                              "connectionName": "shared_sharepointonline_1",
                              "operationId": "GetItems",
                              "apiId": "/providers/Microsoft.PowerApps/apis/shared_sharepointonline"
                            },
                            "parameters": {
                              "dataset": "@parameters('BPM Site (cr93e_BPMSite)')",
                              "table": "@parameters('BPM Case Lifecycle (cr93e_BPMCaseLifecycle)')",
                              "$filter": "(CaseID eq '@{outputs('CaseID')}') and (Status eq 'Negative')",
                              "$top": 1
                            },
                            "authentication": {
                              "type": "Raw",
                              "value": "@json(decodeBase64(triggerOutputs().headers['X-MS-APIM-Tokens']))['$ConnectionKey']"
                            }
                          }
                        },
                        "Apply_to_each": {
                          "foreach": "@outputs('Get_items_-_Case_Lifecycle_-__Negative')?['body/value']",
                          "actions": {
                            "Set_variable_WorkflowFinalStatus_to_Rejected": {
                              "runAfter": {},
                              "type": "SetVariable",
                              "inputs": {
                                "name": "WorkflowFinalStatus",
                                "value": "Rejected"
                              }
                            }
                          },
                          "runAfter": {
                            "Get_items_-_Case_Lifecycle_-__Negative": [
                              "Succeeded"
                            ]
                          },
                          "type": "Foreach"
                        }
                      }
                    }
                  },
                  "default": {
                    "actions": {
                      "Set_variable_WorkflowFinalStatus_to_Approved__": {
                        "runAfter": {},
                        "type": "SetVariable",
                        "inputs": {
                          "name": "WorkflowFinalStatus",
                          "value": "Approved"
                        }
                      }
                    }
                  },
                  "expression": "@coalesce(outputs('Approval_Pattern'),'')",
                  "metadata": {
                    "operationMetadataId": "49f5e363-b406-43db-bcaf-e2f9b8df0693"
                  },
                  "type": "Switch"
                }
              },
              "runAfter": {
                "Check_Approved": [
                  "Succeeded"
                ],
                "Check_Rejected": [
                  "Succeeded"
                ]
              },
              "expression": {
                "and": [
                  {
                    "not": {
                      "equals": [
                        "@variables('WorkflowFinalStatus')",
                        "Approved"
                      ]
                    }
                  },
                  {
                    "not": {
                      "equals": [
                        "@variables('WorkflowFinalStatus')",
                        "Rejected"
                      ]
                    }
                  }
                ]
              },
              "metadata": {
                "operationMetadataId": "3f8078f3-8eff-417a-ae8a-64c6a4c703d4"
              },
              "type": "If"
            }
          },
          "runAfter": {
            "Initialize_variable_WorkflowFinalStatus": [
              "Succeeded"
            ]
          },
          "metadata": {
            "operationMetadataId": "acb3a584-b3df-4771-8c55-fbd7cf49da4f"
          },
          "type": "Scope"
        },
        "Catch": {
          "actions": {
            "Run_a_Child_Flow_-_BPM_Toolkit_-_Log_Flow_Error": {
              "runAfter": {},
              "metadata": {
                "operationMetadataId": "3724520a-c1ae-4633-bd29-90bb87a47dfb"
              },
              "type": "Workflow",
              "inputs": {
                "host": {
                  "workflowReferenceName": "01389840-615e-eb11-a812-0022489c791b"
                },
                "body": {
                  "text": "@string(result('Try'))",
                  "text_1": "@string(workflow())",
                  "text_2": "@outputs('CaseID')"
                }
              }
            }
          },
          "runAfter": {
            "Try": [
              "Failed",
              "Skipped",
              "TimedOut"
            ]
          },
          "metadata": {
            "operationMetadataId": "5a87bd1d-df69-41e0-ba15-1afc8953673a"
          },
          "type": "Scope"
        }
      },
      "outputs": {}
    }
  },
  "schemaVersion": "1.0.0.0"
}