{
  "properties": {
    "connectionReferences": {
      "shared_commondataserviceforapps": {
        "runtimeSource": "embedded",
        "connection": {
          "connectionReferenceLogicalName": "new_sharedcommondataserviceforapps_10120"
        },
        "api": {
          "name": "shared_commondataserviceforapps"
        }
      }
    },
    "definition": {
      "$schema": "https://schema.management.azure.com/providers/Microsoft.Logic/schemas/2016-06-01/workflowdefinition.json#",
      "contentVersion": "1.0.0.0",
      "parameters": {
        "$connections": {
          "defaultValue": {},
          "type": "Object"
        },
        "$authentication": {
          "defaultValue": {},
          "type": "SecureObject"
        }
      },
      "triggers": {
        "manual": {
          "metadata": {
            "operationMetadataId": "82954b0a-c063-40a7-afe7-0848fc4c4474"
          },
          "type": "Request",
          "kind": "Button",
          "inputs": {
            "schema": {
              "type": "object",
              "properties": {},
              "required": []
            }
          }
        }
      },
      "actions": {
        "Respond_to_a_PowerApp_or_flow": {
          "runAfter": {
            "Catch": [
              "Succeeded",
              "Failed",
              "Skipped",
              "TimedOut"
            ]
          },
          "metadata": {
            "operationMetadataId": "5521b9bc-afc2-4f79-8366-9a6a32bdeb4d"
          },
          "type": "Response",
          "kind": "PowerApp",
          "inputs": {
            "statusCode": 200,
            "body": {},
            "schema": {
              "type": "object",
              "properties": {}
            }
          }
        },
        "Try": {
          "actions": {
            "List_rows_-_Archive_BPM_Toolkit_Case": {
              "runAfter": {},
              "metadata": {
                "operationMetadataId": "e6866ca6-161b-446e-be85-8712e40ee53c"
              },
              "type": "OpenApiConnection",
              "inputs": {
                "host": {
                  "connectionName": "shared_commondataserviceforapps",
                  "operationId": "ListRecords",
                  "apiId": "/providers/Microsoft.PowerApps/apis/shared_commondataserviceforapps"
                },
                "parameters": {
                  "entityName": "cr93e_archivebpmtoolkitcaseses",
                  "$filter": " crd97_purgedate le '@{utcNow()}'"
                },
                "authentication": "@parameters('$authentication')"
              },
              "runtimeConfiguration": {
                "paginationPolicy": {
                  "minimumItemCount": 100000
                }
              }
            },
            "Apply_to_each_Case": {
              "foreach": "@outputs('List_rows_-_Archive_BPM_Toolkit_Case')?['body/value']",
              "actions": {
                "Run_a_Child_Flow_-_BPM_Toolkit_-_Archiving_-_Purge_a_Case": {
                  "runAfter": {},
                  "metadata": {
                    "operationMetadataId": "5b1f1080-9703-4f86-a123-9494ea2c448f"
                  },
                  "type": "Workflow",
                  "inputs": {
                    "host": {
                      "workflowReferenceName": "f5bd1a1c-a131-ec11-b6e6-000d3ab2f685"
                    },
                    "body": {
                      "text": "@items('Apply_to_each_Case')?['cr93e_caseid']"
                    }
                  }
                }
              },
              "runAfter": {
                "List_rows_-_Archive_BPM_Toolkit_Case": [
                  "Succeeded"
                ]
              },
              "metadata": {
                "operationMetadataId": "50c266f2-f365-43f0-9ef8-4f23c62ed130"
              },
              "type": "Foreach"
            }
          },
          "runAfter": {},
          "metadata": {
            "operationMetadataId": "a5e51aaf-b8ed-4bc8-966c-7e26ff0bc340"
          },
          "type": "Scope"
        },
        "Catch": {
          "actions": {
            "Run_a_Child_Flow_-_BPM_Toolkit_-_Log_Flow_Error": {
              "runAfter": {},
              "metadata": {
                "operationMetadataId": "37d3e556-a858-4221-badb-c3b70b208f89"
              },
              "type": "Workflow",
              "inputs": {
                "host": {
                  "workflowReferenceName": "01389840-615e-eb11-a812-0022489c791b"
                },
                "body": {
                  "text": "@string(result('Try'))",
                  "text_1": "@string(workflow())",
                  "text_2": "Archiving/Purge system"
                }
              }
            }
          },
          "runAfter": {
            "Try": [
              "Failed",
              "Skipped",
              "TimedOut"
            ]
          },
          "metadata": {
            "operationMetadataId": "6d734214-487e-498e-a23a-dd108b4c162f"
          },
          "type": "Scope"
        }
      },
      "outputs": {}
    }
  },
  "schemaVersion": "1.0.0.0"
}