{
  "properties": {
    "connectionReferences": {
      "shared_sharepointonline_1": {
        "runtimeSource": "embedded",
        "connection": {
          "connectionReferenceLogicalName": "cr93e_BPMToolkitSPConnectionref4"
        },
        "api": {
          "name": "shared_sharepointonline"
        }
      }
    },
    "definition": {
      "$schema": "https://schema.management.azure.com/providers/Microsoft.Logic/schemas/2016-06-01/workflowdefinition.json#",
      "contentVersion": "1.0.0.0",
      "parameters": {
        "$connections": {
          "defaultValue": {},
          "type": "Object"
        },
        "$authentication": {
          "defaultValue": {},
          "type": "SecureObject"
        },
        "BPM Site (cr93e_BPMSite)": {
          "defaultValue": "https://eurocontrol.sharepoint.com/sites/HRSADEV",
          "type": "String",
          "metadata": {
            "schemaName": "cr93e_BPMSite"
          }
        },
        "BPM Case Workflows (cr93e_BPMCaseWorkflows)": {
          "defaultValue": "2571f93f-d1d5-4c2f-9fea-6739d8cedebc",
          "type": "String",
          "metadata": {
            "schemaName": "cr93e_BPMCaseWorkflows"
          }
        }
      },
      "triggers": {
        "manual": {
          "metadata": {
            "operationMetadataId": "74e3d4c4-2847-411a-a14a-73c5d79675bd"
          },
          "type": "Request",
          "kind": "Button",
          "inputs": {
            "schema": {
              "type": "object",
              "properties": {},
              "required": []
            }
          }
        }
      },
      "actions": {
        "Try": {
          "actions": {
            "Get_items_-_Case_Workflows_-_Non_Running": {
              "runAfter": {},
              "metadata": {
                "operationMetadataId": "758db5da-95cb-47ff-a41d-3fd41343a0a7"
              },
              "type": "OpenApiConnection",
              "inputs": {
                "host": {
                  "connectionName": "shared_sharepointonline_1",
                  "operationId": "GetItems",
                  "apiId": "/providers/Microsoft.PowerApps/apis/shared_sharepointonline"
                },
                "parameters": {
                  "dataset": "@parameters('BPM Site (cr93e_BPMSite)')",
                  "table": "@parameters('BPM Case Workflows (cr93e_BPMCaseWorkflows)')",
                  "$filter": "(CaseStatus ne 'Running') and (ArchiveAfterDays gt '0')"
                },
                "authentication": {
                  "type": "Raw",
                  "value": "@json(decodeBase64(triggerOutputs().headers['X-MS-APIM-Tokens']))['$ConnectionKey']"
                }
              }
            },
            "TicksInaDay": {
              "runAfter": {
                "Get_items_-_Case_Workflows_-_Non_Running": [
                  "Succeeded"
                ]
              },
              "metadata": {
                "operationMetadataId": "e228c285-f4ab-4cd1-b5e0-9514634cb72b"
              },
              "type": "Compose",
              "inputs": "@sub(ticks(addDays(utcNow(), 1)), ticks(utcNow()))"
            },
            "Apply_to_each_-_Case_Workflows_-_Non_Running": {
              "foreach": "@outputs('Get_items_-_Case_Workflows_-_Non_Running')?['body/value']",
              "actions": {
                "Ticksrequest": {
                  "runAfter": {},
                  "metadata": {
                    "operationMetadataId": "9ea7f39d-8a64-46d0-8186-e28592de595a"
                  },
                  "type": "Compose",
                  "inputs": "@sub(ticks(utcNow()),ticks(item()?['CaseEnded']))"
                },
                "NbreOfDays": {
                  "runAfter": {
                    "Ticksrequest": [
                      "Succeeded"
                    ]
                  },
                  "metadata": {
                    "operationMetadataId": "b8e2f861-e884-4845-b538-b9685048ed36"
                  },
                  "type": "Compose",
                  "inputs": "@div(int(outputs('Ticksrequest')), int(outputs('TicksInaDay')))"
                },
                "CaseID": {
                  "runAfter": {
                    "NbreOfDays": [
                      "Succeeded"
                    ]
                  },
                  "metadata": {
                    "operationMetadataId": "d39318cc-130a-4b7e-a5c9-c27c6f52edb6"
                  },
                  "type": "Compose",
                  "inputs": "@items('Apply_to_each_-_Case_Workflows_-_Non_Running')?['CaseID']"
                },
                "If_Waiting_Too_log": {
                  "actions": {
                    "Run_a_Child_Flow_-_BPM_Toolkit_-_Archive_a_Case": {
                      "runAfter": {},
                      "metadata": {
                        "operationMetadataId": "0779a537-a3ae-40f8-94fd-7294e0dce3a5"
                      },
                      "type": "Workflow",
                      "inputs": {
                        "host": {
                          "workflowReferenceName": "25fd657a-e92f-ec11-b6e6-000d3ab2f685"
                        },
                        "body": {
                          "text": "@outputs('CaseID')"
                        }
                      }
                    }
                  },
                  "runAfter": {
                    "CaseID": [
                      "Succeeded"
                    ]
                  },
                  "expression": {
                    "greater": [
                      "@outputs('NbreOfDays')",
                      "@items('Apply_to_each_-_Case_Workflows_-_Non_Running')?['ArchiveAfterDays']"
                    ]
                  },
                  "metadata": {
                    "operationMetadataId": "ba6540eb-e2a3-4dc6-9efe-e4713500d914"
                  },
                  "type": "If"
                }
              },
              "runAfter": {
                "TicksInaDay": [
                  "Succeeded"
                ]
              },
              "metadata": {
                "operationMetadataId": "7fde1c5d-c84b-4051-91a5-7c41f462e6fa"
              },
              "type": "Foreach"
            }
          },
          "runAfter": {},
          "metadata": {
            "operationMetadataId": "662627f4-ae7d-4d30-9499-9f951aab7c9c"
          },
          "type": "Scope"
        },
        "Catch": {
          "actions": {
            "Run_a_Child_Flow_-_BPM_Toolkit_-_Log_Flow_error": {
              "runAfter": {},
              "metadata": {
                "operationMetadataId": "177011b4-839c-46d0-835d-d21cbad050b9"
              },
              "type": "Workflow",
              "inputs": {
                "host": {
                  "workflowReferenceName": "01389840-615e-eb11-a812-0022489c791b"
                },
                "body": {
                  "text": "@string(result('Try'))",
                  "text_1": "@string(workflow())",
                  "text_2": "NA"
                }
              }
            }
          },
          "runAfter": {
            "Try": [
              "Failed",
              "Skipped",
              "TimedOut"
            ]
          },
          "metadata": {
            "operationMetadataId": "caaa7916-504c-48f9-8391-57375e74c193"
          },
          "type": "Scope"
        },
        "Respond_to_a_PowerApp_or_flow": {
          "runAfter": {
            "Catch": [
              "Succeeded",
              "Failed",
              "Skipped",
              "TimedOut"
            ]
          },
          "metadata": {
            "operationMetadataId": "2760686c-fd1f-4fcb-9193-13f0b8fb2359"
          },
          "type": "Response",
          "kind": "PowerApp",
          "inputs": {
            "statusCode": 200,
            "body": {},
            "schema": {
              "type": "object",
              "properties": {}
            }
          }
        }
      },
      "outputs": {}
    }
  },
  "schemaVersion": "1.0.0.0"
}