{
  "properties": {
    "connectionReferences": {
      "shared_sharepointonline": {
        "runtimeSource": "embedded",
        "connection": {
          "connectionReferenceLogicalName": "cr93e_BPMToolkitSPConnectionref"
        },
        "api": {
          "name": "shared_sharepointonline"
        }
      },
      "shared_office365": {
        "runtimeSource": "embedded",
        "connection": {
          "connectionReferenceLogicalName": "cr93e_BPMToolkitOutlookConnectionref"
        },
        "api": {
          "name": "shared_office365"
        }
      }
    },
    "definition": {
      "$schema": "https://schema.management.azure.com/providers/Microsoft.Logic/schemas/2016-06-01/workflowdefinition.json#",
      "contentVersion": "1.0.0.0",
      "parameters": {
        "$connections": {
          "defaultValue": {},
          "type": "Object"
        },
        "$authentication": {
          "defaultValue": {},
          "type": "SecureObject"
        },
        "BPM Site (cr93e_BPMSite)": {
          "defaultValue": "https://eurocontrol.sharepoint.com/sites/HRSADEV",
          "type": "String",
          "metadata": {
            "schemaName": "cr93e_BPMSite"
          }
        },
        "BPM Case Lifecycle (cr93e_BPMCaseLifecycle)": {
          "defaultValue": "f3de391d-6402-4616-9078-14cf2ca00a7d",
          "type": "String",
          "metadata": {
            "schemaName": "cr93e_BPMCaseLifecycle"
          }
        }
      },
      "staticResults": {
        "Send_an_email_(V2)_-_Send_Message_to_new_future_Approver0": {
          "status": "Succeeded",
          "outputs": {
            "statusCode": "OK",
            "headers": {}
          }
        }
      },
      "triggers": {
        "manual": {
          "metadata": {
            "operationMetadataId": "f7c10fab-8b8c-4d39-a2ca-168d3ff8a6b8"
          },
          "type": "Request",
          "kind": "Button",
          "inputs": {
            "schema": {
              "type": "object",
              "properties": {
                "text": {
                  "title": "CaseID",
                  "type": "string",
                  "x-ms-dynamically-added": true,
                  "description": "Please enter your input",
                  "x-ms-content-hint": "TEXT"
                },
                "text_1": {
                  "title": "Current Step",
                  "type": "string",
                  "x-ms-dynamically-added": true,
                  "description": "Please enter your input",
                  "x-ms-content-hint": "TEXT"
                },
                "text_2": {
                  "title": "New Actor",
                  "type": "string",
                  "x-ms-dynamically-added": true,
                  "description": "Please enter your input",
                  "x-ms-content-hint": "TEXT"
                },
                "text_3": {
                  "title": "MessageToUser",
                  "type": "string",
                  "x-ms-dynamically-added": true,
                  "description": "Please enter your input",
                  "x-ms-content-hint": "TEXT"
                },
                "text_4": {
                  "title": "Action",
                  "type": "string",
                  "x-ms-dynamically-added": true,
                  "description": "Please enter your input",
                  "x-ms-content-hint": "TEXT"
                }
              },
              "required": [
                "text",
                "text_1",
                "text_2",
                "text_3"
              ]
            }
          }
        }
      },
      "actions": {
        "CaseID": {
          "runAfter": {},
          "metadata": {
            "operationMetadataId": "8bb0560a-3d5f-42e7-9c8a-2aa4af23a650"
          },
          "type": "Compose",
          "inputs": "@triggerBody()['text']"
        },
        "Current_Step": {
          "runAfter": {
            "CaseID": [
              "Succeeded"
            ]
          },
          "metadata": {
            "operationMetadataId": "be0b6ed1-3422-4047-b89f-7fc782629bb2"
          },
          "type": "Compose",
          "inputs": "@triggerBody()['text_1']"
        },
        "Approver": {
          "runAfter": {
            "Initialize_variable_NextStepNumber": [
              "Succeeded"
            ]
          },
          "metadata": {
            "operationMetadataId": "4b535863-a7b0-4609-986a-ad2bef7e835e"
          },
          "type": "Compose",
          "inputs": "@triggerBody()['text_2']"
        },
        "NewStepNumber": {
          "runAfter": {
            "Current_Step": [
              "Succeeded"
            ]
          },
          "metadata": {
            "operationMetadataId": "fa0d2d76-6903-47b0-a1a9-b95ff8a8ea38"
          },
          "type": "Compose",
          "inputs": "@add(int(outputs('Current_Step')),1)"
        },
        "Respond_to_a_PowerApp_or_flow": {
          "runAfter": {
            "Catch": [
              "Succeeded",
              "Failed",
              "Skipped",
              "TimedOut"
            ]
          },
          "metadata": {
            "operationMetadataId": "b281b5af-6d3c-44b3-b767-44dc8fb5046f"
          },
          "type": "Response",
          "kind": "PowerApp",
          "inputs": {
            "statusCode": 200,
            "body": {
              "returncode": "200",
              "returnmessage": " "
            },
            "schema": {
              "type": "object",
              "properties": {
                "returncode": {
                  "title": "ReturnCode",
                  "x-ms-dynamically-added": true,
                  "type": "string"
                },
                "returnmessage": {
                  "title": "ReturnMessage",
                  "x-ms-dynamically-added": true,
                  "type": "string"
                }
              }
            }
          }
        },
        "Initialize_variable_NextStepNumber": {
          "runAfter": {
            "NewStepNumber": [
              "Succeeded"
            ]
          },
          "metadata": {
            "operationMetadataId": "bca7d048-3821-4265-abe5-5d1e6a373d4b"
          },
          "type": "InitializeVariable",
          "inputs": {
            "variables": [
              {
                "name": "NextStepNumber",
                "type": "integer"
              }
            ]
          }
        },
        "Initialize_variable_On_Behalf_of": {
          "runAfter": {
            "MessagetoUser": [
              "Succeeded"
            ]
          },
          "metadata": {
            "operationMetadataId": "e51b1ca9-7003-4ac0-9a50-2ed32e19a49f"
          },
          "type": "InitializeVariable",
          "inputs": {
            "variables": [
              {
                "name": "On Behalf Of",
                "type": "string"
              }
            ]
          }
        },
        "Initialize_variable_Submitted_by": {
          "runAfter": {
            "Initialize_variable_On_Behalf_of": [
              "Succeeded"
            ]
          },
          "metadata": {
            "operationMetadataId": "59d5982a-02bb-49b2-befb-2e7a44b232e8"
          },
          "type": "InitializeVariable",
          "inputs": {
            "variables": [
              {
                "name": "Submitted by",
                "type": "string"
              }
            ]
          }
        },
        "Initialize_variable__CaseType": {
          "runAfter": {
            "Initialize_variable_Submitted_by": [
              "Succeeded"
            ]
          },
          "metadata": {
            "operationMetadataId": "9ac7100e-4c3c-4a09-b3f9-3fb779d034b6"
          },
          "type": "InitializeVariable",
          "inputs": {
            "variables": [
              {
                "name": "CaseType",
                "type": "string"
              }
            ]
          }
        },
        "Try": {
          "actions": {
            "Get_items_-_Case_Lifecycle_-_Find_waiting_step": {
              "runAfter": {},
              "metadata": {
                "operationMetadataId": "0f9bdee0-20c2-45fe-ab9c-f161cf266486"
              },
              "type": "OpenApiConnection",
              "inputs": {
                "host": {
                  "connectionName": "shared_sharepointonline",
                  "operationId": "GetItems",
                  "apiId": "/providers/Microsoft.PowerApps/apis/shared_sharepointonline"
                },
                "parameters": {
                  "dataset": "@parameters('BPM Site (cr93e_BPMSite)')",
                  "table": "@parameters('BPM Case Lifecycle (cr93e_BPMCaseLifecycle)')",
                  "$filter": "CaseID eq '@{outputs('CaseID')}' and Status eq 'Waiting'",
                  "$top": 1
                },
                "authentication": {
                  "type": "Raw",
                  "value": "@json(decodeBase64(triggerOutputs().headers['X-MS-APIM-Tokens']))['$ConnectionKey']"
                }
              }
            },
            "Apply_to_each_Lifecycle": {
              "foreach": "@outputs('Get_items_-_Case_Lifecycle_-_Find_waiting_step')?['body/value']",
              "actions": {
                "Set_variable_CaseType": {
                  "runAfter": {},
                  "metadata": {
                    "operationMetadataId": "7139dcc8-9bfc-4282-b37d-0d1903d13897"
                  },
                  "type": "SetVariable",
                  "inputs": {
                    "name": "CaseType",
                    "value": "@items('Apply_to_each_Lifecycle')?['CaseType']"
                  }
                },
                "Set_variable_Submitted_By": {
                  "runAfter": {
                    "Set_variable_CaseType": [
                      "Succeeded"
                    ]
                  },
                  "metadata": {
                    "operationMetadataId": "27acb1a3-8931-4076-a093-367eeeccd609"
                  },
                  "type": "SetVariable",
                  "inputs": {
                    "name": "Submitted by",
                    "value": "@items('Apply_to_each_Lifecycle')?['SubmittedBy']"
                  }
                },
                "Set_variable_On_Behalf_of": {
                  "runAfter": {
                    "Set_variable_Submitted_By": [
                      "Succeeded"
                    ]
                  },
                  "metadata": {
                    "operationMetadataId": "89c64ca4-9c56-45f6-9d4c-3ca782d3f80d"
                  },
                  "type": "SetVariable",
                  "inputs": {
                    "name": "On Behalf Of",
                    "value": "@items('Apply_to_each_Lifecycle')?['OnBehalfOf']"
                  }
                },
                "Set_variable_CaseTypeFriendlyName": {
                  "runAfter": {
                    "Set_variable_On_Behalf_of": [
                      "Succeeded"
                    ]
                  },
                  "metadata": {
                    "operationMetadataId": "3d76db46-033b-469c-8b55-79e33e6f4aac"
                  },
                  "type": "SetVariable",
                  "inputs": {
                    "name": "CaseTypeFriendlyName",
                    "value": "@items('Apply_to_each_Lifecycle')?['CaseTypeFriendlyName']"
                  }
                }
              },
              "runAfter": {
                "Get_items_-_Case_Lifecycle_-_Find_waiting_step": [
                  "Succeeded"
                ]
              },
              "metadata": {
                "operationMetadataId": "03a9f067-5b8e-4a91-a271-236e3b6b45c8"
              },
              "type": "Foreach"
            },
            "Check_is_the_flow_is_waiting": {
              "actions": {
                "Create_item_-_Case_Lifecycle_-_Add_new_Step": {
                  "runAfter": {},
                  "metadata": {
                    "operationMetadataId": "2469c7f2-9fd9-4238-9aac-06bc34d5a691"
                  },
                  "type": "OpenApiConnection",
                  "inputs": {
                    "host": {
                      "connectionName": "shared_sharepointonline",
                      "operationId": "PostItem",
                      "apiId": "/providers/Microsoft.PowerApps/apis/shared_sharepointonline"
                    },
                    "parameters": {
                      "dataset": "@parameters('BPM Site (cr93e_BPMSite)')",
                      "table": "@parameters('BPM Case Lifecycle (cr93e_BPMCaseLifecycle)')",
                      "item/CaseID": "@outputs('CaseID')",
                      "item/Step": "@outputs('NewStepNumber')",
                      "item/Actor": "@outputs('Approver')",
                      "item/Status": "ToBeExecuted",
                      "item/TypeofactionExpected": "@outputs('Action')",
                      "item/CaseType": "@variables('CaseType')",
                      "item/SubmittedBy": "@variables('Submitted by')",
                      "item/OnBehalfOf": "@variables('On Behalf Of')",
                      "item/StepVisibleByEndUser": "NO",
                      "item/MessageToApprover": "@outputs('MessagetoUser')",
                      "item/CaseTypeFriendlyName": "@variables('CaseTypeFriendlyName')"
                    },
                    "authentication": {
                      "type": "Raw",
                      "value": "@json(decodeBase64(triggerOutputs().headers['X-MS-APIM-Tokens']))['$ConnectionKey']"
                    }
                  }
                },
                "Get_items_-_Approval_Trace_-_Move_steps_numbers": {
                  "runAfter": {
                    "Run_a_Child_Flow_-_Secure_Case_Step": [
                      "Succeeded"
                    ]
                  },
                  "metadata": {
                    "operationMetadataId": "b2b1629a-1f5d-46db-af1e-0b1d4ad88bb4"
                  },
                  "type": "OpenApiConnection",
                  "inputs": {
                    "host": {
                      "connectionName": "shared_sharepointonline",
                      "operationId": "GetItems",
                      "apiId": "/providers/Microsoft.PowerApps/apis/shared_sharepointonline"
                    },
                    "parameters": {
                      "dataset": "@parameters('BPM Site (cr93e_BPMSite)')",
                      "table": "@parameters('BPM Case Lifecycle (cr93e_BPMCaseLifecycle)')",
                      "$filter": "CaseID eq '@{outputs('CaseID')}' and Step ge '@{outputs('NewStepNumber')}'"
                    },
                    "authentication": {
                      "type": "Raw",
                      "value": "@json(decodeBase64(triggerOutputs().headers['X-MS-APIM-Tokens']))['$ConnectionKey']"
                    }
                  }
                },
                "Apply_to_each": {
                  "foreach": "@outputs('Get_items_-_Approval_Trace_-_Move_steps_numbers')?['body/value']",
                  "actions": {
                    "Condition": {
                      "actions": {
                        "Update_item_-_Approval_Trace_-_Incr_Step": {
                          "runAfter": {
                            "Set_variable_NextStepNumber": [
                              "Succeeded"
                            ]
                          },
                          "metadata": {
                            "operationMetadataId": "4c1e5d8f-3ba6-4770-9834-38bf33d3610f"
                          },
                          "type": "OpenApiConnection",
                          "inputs": {
                            "host": {
                              "connectionName": "shared_sharepointonline",
                              "operationId": "PatchItem",
                              "apiId": "/providers/Microsoft.PowerApps/apis/shared_sharepointonline"
                            },
                            "parameters": {
                              "dataset": "@parameters('BPM Site (cr93e_BPMSite)')",
                              "table": "@parameters('BPM Case Lifecycle (cr93e_BPMCaseLifecycle)')",
                              "id": "@items('Apply_to_each')?['Id']",
                              "item/CaseID": "@outputs('CaseID')",
                              "item/Step": "@variables('NextStepNumber')"
                            },
                            "authentication": {
                              "type": "Raw",
                              "value": "@json(decodeBase64(triggerOutputs().headers['X-MS-APIM-Tokens']))['$ConnectionKey']"
                            }
                          }
                        },
                        "Set_variable_NextStepNumber": {
                          "runAfter": {},
                          "metadata": {
                            "operationMetadataId": "69e17b63-315b-4601-b5db-89989400d1b8"
                          },
                          "type": "SetVariable",
                          "inputs": {
                            "name": "NextStepNumber",
                            "value": "@add(int(items('Apply_to_each')?['Step']),1)"
                          }
                        }
                      },
                      "runAfter": {},
                      "expression": {
                        "not": {
                          "equals": [
                            "@items('Apply_to_each')?['ID']",
                            "@outputs('Create_item_-_Case_Lifecycle_-_Add_new_Step')?['body/ID']"
                          ]
                        }
                      },
                      "metadata": {
                        "operationMetadataId": "85637266-a2b2-4cca-b8ec-1fd7ad76b0cc"
                      },
                      "type": "If"
                    }
                  },
                  "runAfter": {
                    "Get_items_-_Approval_Trace_-_Move_steps_numbers": [
                      "Succeeded"
                    ]
                  },
                  "metadata": {
                    "operationMetadataId": "b4c9a6b3-23f3-4025-b9fe-bf671605bbcf"
                  },
                  "type": "Foreach"
                },
                "Run_a_Child_Flow_-_Secure_Case_Step": {
                  "runAfter": {
                    "If_there_is_a_message_for_the_new_approver": [
                      "Succeeded"
                    ]
                  },
                  "metadata": {
                    "operationMetadataId": "b77a2ab4-029b-47a8-8be7-6ffc9236fd50"
                  },
                  "type": "Workflow",
                  "inputs": {
                    "host": {
                      "workflowReferenceName": "1062f234-10b6-ea11-a812-000d3a45b556"
                    },
                    "body": {
                      "text": "@outputs('CaseID')",
                      "text_1": "@string(outputs('NewStepNumber'))",
                      "text_2": "@variables('Submitted by')",
                      "text_3": "@variables('On Behalf Of')"
                    }
                  }
                },
                "If_there_is_a_message_for_the_new_approver": {
                  "actions": {
                    "Send_an_email_(V2)_-_Send_Message_to_new_future_Approver": {
                      "runAfter": {},
                      "metadata": {
                        "operationMetadataId": "7527b6a2-afc1-42b6-a2fb-1dd6300e2fa9"
                      },
                      "type": "OpenApiConnection",
                      "inputs": {
                        "host": {
                          "connectionName": "shared_office365",
                          "operationId": "SendEmailV2",
                          "apiId": "/providers/Microsoft.PowerApps/apis/shared_office365"
                        },
                        "parameters": {
                          "emailMessage/To": "@outputs('Approver')",
                          "emailMessage/Subject": "You have been added in an approval pipeline for request @{outputs('CaseID')}",
                          "emailMessage/Body": "<p>Comment:<br>\n<br>\n@{outputs('MessagetoUser')}</p>"
                        },
                        "authentication": {
                          "type": "Raw",
                          "value": "@json(decodeBase64(triggerOutputs().headers['X-MS-APIM-Tokens']))['$ConnectionKey']"
                        }
                      },
                      "runtimeConfiguration": {
                        "staticResult": {
                          "staticResultOptions": "Enabled",
                          "name": "Send_an_email_(V2)_-_Send_Message_to_new_future_Approver0"
                        }
                      }
                    }
                  },
                  "runAfter": {
                    "Create_item_-_Case_Lifecycle_-_Add_new_Step": [
                      "Succeeded"
                    ]
                  },
                  "expression": {
                    "greater": [
                      "@length(trim(outputs('MessagetoUser')))",
                      0
                    ]
                  },
                  "metadata": {
                    "operationMetadataId": "47acffb4-1333-4933-9414-792232d24e7c"
                  },
                  "type": "If"
                }
              },
              "runAfter": {
                "Apply_to_each_Lifecycle": [
                  "Succeeded"
                ]
              },
              "expression": {
                "and": [
                  {
                    "greater": [
                      "@length(outputs('Get_items_-_Case_Lifecycle_-_Find_waiting_step')?['body']?['Value'])",
                      0
                    ]
                  },
                  {
                    "lessOrEquals": [
                      "@outputs('Get_items_-_Case_Lifecycle_-_Find_waiting_step')?['body']?['Value']?[0]?['Step']",
                      "@int(outputs('Current_Step'))"
                    ]
                  }
                ]
              },
              "metadata": {
                "operationMetadataId": "8d36203b-2a92-42e6-91c2-a313836c3607"
              },
              "type": "If",
              "description": "if flow is waiting and if current waiting step is before the step we want to add"
            }
          },
          "runAfter": {
            "Action": [
              "Succeeded"
            ]
          },
          "metadata": {
            "operationMetadataId": "41476428-6ed0-4db6-a6d6-bb57533171a1"
          },
          "type": "Scope"
        },
        "Catch": {
          "actions": {
            "Run_a_Child_Flow_-_BPM_Toolkit_-_Log_Flow_Error": {
              "runAfter": {},
              "metadata": {
                "operationMetadataId": "7f50af15-8bc6-4ec9-828a-e4ad2a6e091a"
              },
              "type": "Workflow",
              "inputs": {
                "host": {
                  "workflowReferenceName": "01389840-615e-eb11-a812-0022489c791b"
                },
                "body": {
                  "text": "@string(result('Try'))",
                  "text_1": "@string(workflow())",
                  "text_2": "@outputs('CaseID')"
                }
              }
            }
          },
          "runAfter": {
            "Try": [
              "Failed",
              "Skipped",
              "TimedOut"
            ]
          },
          "metadata": {
            "operationMetadataId": "21cae3dc-3b8c-4bf2-8856-d0531addf8c2"
          },
          "type": "Scope"
        },
        "MessagetoUser": {
          "runAfter": {
            "Approver": [
              "Succeeded"
            ]
          },
          "metadata": {
            "operationMetadataId": "161c748a-e266-4c6f-ba39-f8a85832014f"
          },
          "type": "Compose",
          "inputs": "@triggerBody()?['text_3']"
        },
        "Action": {
          "runAfter": {
            "Initialize_variable_CaseTypeFriendlyName": [
              "Succeeded"
            ]
          },
          "metadata": {
            "operationMetadataId": "d375cf30-cd1e-4734-b43a-2810b58a21cf"
          },
          "type": "Compose",
          "inputs": "@coalesce(triggerBody()?['text_4'],'Feedback')"
        },
        "Initialize_variable_CaseTypeFriendlyName": {
          "runAfter": {
            "Initialize_variable__CaseType": [
              "Succeeded"
            ]
          },
          "metadata": {
            "operationMetadataId": "6cef2556-1b73-4c78-8eeb-ac60f746e040"
          },
          "type": "InitializeVariable",
          "inputs": {
            "variables": [
              {
                "name": "CaseTypeFriendlyName",
                "type": "string"
              }
            ]
          }
        }
      },
      "outputs": {}
    }
  },
  "schemaVersion": "1.0.0.0"
}