{
  "properties": {
    "connectionReferences": {},
    "definition": {
      "$schema": "https://schema.management.azure.com/providers/Microsoft.Logic/schemas/2016-06-01/workflowdefinition.json#",
      "contentVersion": "1.0.0.0",
      "parameters": {
        "$authentication": {
          "defaultValue": {},
          "type": "SecureObject"
        }
      },
      "triggers": {
        "manual": {
          "metadata": {
            "operationMetadataId": "853097b4-53e2-4d8c-a4fe-12ae9f6806f0"
          },
          "type": "Request",
          "kind": "Button",
          "inputs": {
            "schema": {
              "type": "object",
              "properties": {},
              "required": []
            }
          }
        }
      },
      "actions": {
        "ALM_Info": {
          "runAfter": {},
          "metadata": {
            "operationMetadataId": "4cb720fa-ac4f-49ed-a550-a06c1923ea27"
          },
          "type": "Compose",
          "inputs": {
            "Site": "https://shareql.sharepoint.com/sites/BPMToolkit",
            "Cases": "1ac96a7e-5ebc-4b36-bdba-a5b9cf40a8d9",
            "Case Lifecycle": "d19c2e70-cea9-443c-8026-de4eb2c35cc4",
            "Case Workflows": "7df746d7-67e9-4e51-9e23-17235581a672",
            "Case Delegations": "642139a7-ac48-4a94-83ed-e7cbae0dd668",
            "Task Form": "https://apps.powerapps.com/play/aceaef86-b32b-4b2d-b47a-1db3905c5719?tenantId=23b22734-77e9-47f5-8750-3286c7901a25",
            "Alm Test": "c4856b05-e04a-4c62-b986-a9fb0d6eae29"
          }
        },
        "Respond_to_a_PowerApp_or_flow": {
          "runAfter": {
            "Parse_JSON": [
              "Succeeded"
            ]
          },
          "metadata": {
            "operationMetadataId": "49bdd70c-42e4-4a01-8a03-0f7c49ab8d08"
          },
          "type": "Response",
          "kind": "PowerApp",
          "inputs": {
            "statusCode": 200,
            "body": {
              "site": "@body('Parse_JSON')?['Site']",
              "cases": "@body('Parse_JSON')?['Cases']",
              "case_lifecycle": "@body('Parse_JSON')?['Case Lifecycle']",
              "case_workflows": "@body('Parse_JSON')?['Case Workflows']",
              "case_delegations": "@body('Parse_JSON')?['Case Delegations']",
              "task_form": "@body('Parse_JSON')?['Task Form']",
              "alm_test": "@body('Parse_JSON')?['Alm Test']"
            },
            "schema": {
              "type": "object",
              "properties": {
                "site": {
                  "title": "site",
                  "x-ms-dynamically-added": true,
                  "type": "string"
                },
                "cases": {
                  "title": "Cases",
                  "x-ms-dynamically-added": true,
                  "type": "string"
                },
                "case_lifecycle": {
                  "title": "Case Lifecycle",
                  "x-ms-dynamically-added": true,
                  "type": "string"
                },
                "case_workflows": {
                  "title": "Case Workflows",
                  "x-ms-dynamically-added": true,
                  "type": "string"
                },
                "case_delegations": {
                  "title": "Case Delegations",
                  "x-ms-dynamically-added": true,
                  "type": "string"
                },
                "task_form": {
                  "title": "Task Form",
                  "x-ms-dynamically-added": true,
                  "type": "string"
                },
                "alm_test": {
                  "title": "Alm Test",
                  "x-ms-dynamically-added": true,
                  "type": "string"
                }
              }
            }
          }
        },
        "Parse_JSON": {
          "runAfter": {
            "ALM_Info": [
              "Succeeded"
            ]
          },
          "metadata": {
            "operationMetadataId": "05f76211-bad8-4422-9f7b-c7b98aedbebe"
          },
          "type": "ParseJson",
          "inputs": {
            "content": "@outputs('ALM_Info')",
            "schema": {
              "type": "object",
              "properties": {
                "Site": {
                  "type": "string"
                },
                "Cases": {
                  "type": "string"
                },
                "Case Lifecycle": {
                  "type": "string"
                },
                "Case Workflows": {
                  "type": "string"
                },
                "Case Delegations": {
                  "type": "string"
                },
                "Task Form": {
                  "type": "string"
                },
                "Alm Test": {
                  "type": "string"
                }
              }
            }
          }
        }
      },
      "outputs": {}
    }
  },
  "schemaVersion": "1.0.0.0"
}