{
  "properties": {
    "connectionReferences": {
      "shared_sharepointonline_1": {
        "runtimeSource": "embedded",
        "connection": {
          "connectionReferenceLogicalName": "cr93e_BPMToolkitSPConnectionref4"
        },
        "api": {
          "name": "shared_sharepointonline"
        }
      }
    },
    "definition": {
      "$schema": "https://schema.management.azure.com/providers/Microsoft.Logic/schemas/2016-06-01/workflowdefinition.json#",
      "contentVersion": "1.0.0.0",
      "parameters": {
        "$connections": {
          "defaultValue": {},
          "type": "Object"
        },
        "$authentication": {
          "defaultValue": {},
          "type": "SecureObject"
        },
        "BPM Site (cr93e_BPMSite)": {
          "defaultValue": "https://eurocontrol.sharepoint.com/sites/HRSADEV",
          "type": "String",
          "metadata": {
            "schemaName": "cr93e_BPMSite"
          }
        },
        "BPM Cases (cr93e_BPMCases)": {
          "defaultValue": "28007d72-bc53-410a-b713-409478508462",
          "type": "String",
          "metadata": {
            "schemaName": "cr93e_BPMCases"
          }
        }
      },
      "triggers": {
        "manual": {
          "metadata": {
            "operationMetadataId": "f863f571-5af0-49ad-8c5b-46fc6cf1198b"
          },
          "type": "Request",
          "kind": "Button",
          "inputs": {
            "schema": {
              "type": "object",
              "properties": {
                "text": {
                  "title": "Status",
                  "type": "string",
                  "x-ms-dynamically-added": true,
                  "description": "Please enter your input",
                  "x-ms-content-hint": "TEXT"
                },
                "text_1": {
                  "title": "CaseID",
                  "type": "string",
                  "x-ms-dynamically-added": true,
                  "description": "Please enter your input",
                  "x-ms-content-hint": "TEXT"
                }
              },
              "required": [
                "text",
                "text_1"
              ]
            }
          },
          "description": "Status must be edit or readonly"
        }
      },
      "actions": {
        "CaseID": {
          "runAfter": {},
          "metadata": {
            "operationMetadataId": "64d09365-dc32-460f-8a7b-37e306d63c7e"
          },
          "type": "Compose",
          "inputs": "@triggerBody()['text_1']"
        },
        "Respond_to_a_PowerApp_or_flow": {
          "runAfter": {
            "Apply_to_each": [
              "Succeeded"
            ]
          },
          "metadata": {
            "operationMetadataId": "b348b173-077b-4f7b-90c2-debe5729e243"
          },
          "type": "Response",
          "kind": "PowerApp",
          "inputs": {
            "statusCode": 200,
            "body": {},
            "schema": {
              "type": "object",
              "properties": {}
            }
          }
        },
        "NewStatus": {
          "runAfter": {
            "CaseID": [
              "Succeeded"
            ]
          },
          "metadata": {
            "operationMetadataId": "b50769c6-623a-48f4-aaf5-e8fea5f94516"
          },
          "type": "Compose",
          "inputs": "@toUpper(triggerBody()?['text'])"
        },
        "Get_items_-_Cases": {
          "runAfter": {
            "Initialize_variable_canEditFlag": [
              "Succeeded"
            ]
          },
          "metadata": {
            "operationMetadataId": "3cac8def-abb9-4ca8-9708-d8831d0d71c9"
          },
          "type": "OpenApiConnection",
          "inputs": {
            "host": {
              "connectionName": "shared_sharepointonline_1",
              "operationId": "GetItems",
              "apiId": "/providers/Microsoft.PowerApps/apis/shared_sharepointonline"
            },
            "parameters": {
              "dataset": "@parameters('BPM Site (cr93e_BPMSite)')",
              "table": "@parameters('BPM Cases (cr93e_BPMCases)')",
              "$filter": "CaseID eq '@{outputs('CaseID')}'"
            },
            "authentication": {
              "type": "Raw",
              "value": "@json(decodeBase64(triggerOutputs().headers['X-MS-APIM-Tokens']))['$ConnectionKey']"
            }
          }
        },
        "Apply_to_each": {
          "foreach": "@outputs('Get_items_-_Cases')?['body/value']",
          "actions": {
            "Update_item_-_Cases_-_Set_CanBeEdited": {
              "runAfter": {},
              "metadata": {
                "operationMetadataId": "8b9747a5-21ec-4bf8-b585-a9f126f7363b"
              },
              "type": "OpenApiConnection",
              "inputs": {
                "host": {
                  "connectionName": "shared_sharepointonline_1",
                  "operationId": "PatchItem",
                  "apiId": "/providers/Microsoft.PowerApps/apis/shared_sharepointonline"
                },
                "parameters": {
                  "dataset": "@parameters('BPM Site (cr93e_BPMSite)')",
                  "table": "@parameters('BPM Cases (cr93e_BPMCases)')",
                  "id": "@items('Apply_to_each')?['ID']",
                  "item/CanBeEdited": "@if(equals(toUpper(outputs('NewStatus')),'READ'),0,1)"
                },
                "authentication": {
                  "type": "Raw",
                  "value": "@json(decodeBase64(triggerOutputs().headers['X-MS-APIM-Tokens']))['$ConnectionKey']"
                }
              }
            }
          },
          "runAfter": {
            "Get_items_-_Cases": [
              "Succeeded"
            ]
          },
          "metadata": {
            "operationMetadataId": "ba0c6502-607b-4722-a79e-450f44f50494"
          },
          "type": "Foreach"
        },
        "Initialize_variable_canEditFlag": {
          "runAfter": {
            "NewStatus": [
              "Succeeded"
            ]
          },
          "metadata": {
            "operationMetadataId": "a5c52c16-11cd-481c-8efd-b3fa76f276c1"
          },
          "type": "InitializeVariable",
          "inputs": {
            "variables": [
              {
                "name": "canEditFlag",
                "type": "integer",
                "value": 0
              }
            ]
          }
        }
      },
      "outputs": {}
    }
  },
  "schemaVersion": "1.0.0.0"
}