{
  "properties": {
    "connectionReferences": {
      "shared_sharepointonline": {
        "runtimeSource": "embedded",
        "connection": {
          "connectionReferenceLogicalName": "cr93e_sharedsharepointonline_2738c"
        },
        "api": {
          "name": "shared_sharepointonline"
        }
      }
    },
    "definition": {
      "$schema": "https://schema.management.azure.com/providers/Microsoft.Logic/schemas/2016-06-01/workflowdefinition.json#",
      "contentVersion": "1.0.0.0",
      "parameters": {
        "$connections": {
          "defaultValue": {},
          "type": "Object"
        },
        "$authentication": {
          "defaultValue": {},
          "type": "SecureObject"
        },
        "BPM Site (cr93e_BPMSite)": {
          "defaultValue": "https://eurocontrol.sharepoint.com/sites/HRSADEV",
          "type": "String",
          "metadata": {
            "schemaName": "cr93e_BPMSite"
          }
        },
        "BPM Case Lifecycle (cr93e_BPMCaseLifecycle)": {
          "defaultValue": "f3de391d-6402-4616-9078-14cf2ca00a7d",
          "type": "String",
          "metadata": {
            "schemaName": "cr93e_BPMCaseLifecycle"
          }
        },
        "BPM Cases (cr93e_BPMCases)": {
          "defaultValue": "28007d72-bc53-410a-b713-409478508462",
          "type": "String",
          "metadata": {
            "schemaName": "cr93e_BPMCases"
          }
        }
      },
      "triggers": {
        "Recurrence": {
          "recurrence": {
            "frequency": "Day",
            "interval": 1,
            "timeZone": "Romance Standard Time",
            "schedule": {
              "hours": [
                "3"
              ]
            }
          },
          "metadata": {
            "operationMetadataId": "248a0cce-1504-480b-8bcc-e4a7fce8bb69"
          },
          "type": "Recurrence",
          "conditions": []
        }
      },
      "actions": {
        "Get_items_-_Cases": {
          "runAfter": {},
          "metadata": {
            "operationMetadataId": "cad46642-3bbe-46a3-96bd-b178486248f1"
          },
          "type": "OpenApiConnection",
          "inputs": {
            "host": {
              "connectionName": "shared_sharepointonline",
              "operationId": "GetItems",
              "apiId": "/providers/Microsoft.PowerApps/apis/shared_sharepointonline"
            },
            "parameters": {
              "dataset": "@parameters('BPM Site (cr93e_BPMSite)')",
              "table": "@parameters('BPM Cases (cr93e_BPMCases)')",
              "$filter": "CaseStatus eq 'Running'"
            },
            "authentication": "@parameters('$authentication')"
          },
          "runtimeConfiguration": {
            "paginationPolicy": {
              "minimumItemCount": 1000
            }
          }
        },
        "Apply_to_each_-_Case": {
          "foreach": "@outputs('Get_items_-_Cases')?['body/value']",
          "actions": {
            "Get_items_-_Case_Lifecycle": {
              "runAfter": {},
              "metadata": {
                "operationMetadataId": "693b661a-be3f-4b2f-83d8-7495b95b654e"
              },
              "type": "OpenApiConnection",
              "inputs": {
                "host": {
                  "connectionName": "shared_sharepointonline",
                  "operationId": "GetItems",
                  "apiId": "/providers/Microsoft.PowerApps/apis/shared_sharepointonline"
                },
                "parameters": {
                  "dataset": "@parameters('BPM Site (cr93e_BPMSite)')",
                  "table": "@parameters('BPM Case Lifecycle (cr93e_BPMCaseLifecycle)')",
                  "$filter": "(CaseID eq '@{items('Apply_to_each_-_Case')?['CaseID']}') and (Status eq 'Waiting')"
                },
                "authentication": "@parameters('$authentication')"
              }
            },
            "NumberOfWaitingStepsInTheFlow": {
              "runAfter": {
                "Get_items_-_Case_Lifecycle": [
                  "Succeeded"
                ]
              },
              "metadata": {
                "operationMetadataId": "7e34ddb0-a8a7-4939-8685-bae877997bef"
              },
              "type": "Compose",
              "inputs": "@length(outputs('Get_items_-_Case_Lifecycle')?['body/value'])"
            },
            "If_the_number_of_Waiting_steps_in_this_case_is_not_1": {
              "actions": {
                "Run_a_Child_Flow_-_BPM_Toolkit_Log_Flow_Message": {
                  "runAfter": {},
                  "metadata": {
                    "operationMetadataId": "85f3189b-abf6-418d-90bb-cbbb79b43750"
                  },
                  "type": "Workflow",
                  "inputs": {
                    "host": {
                      "workflowReferenceName": "00b1e63b-059c-eb11-b1ac-000d3adb2e7a"
                    },
                    "body": {
                      "text": "@items('Apply_to_each_-_Case')?['CaseID']",
                      "text_1": "Error",
                      "text_2": "There are @{outputs('NumberOfWaitingStepsInTheFlow')} waiting steps  in this running process",
                      "text_3": "NA"
                    }
                  }
                }
              },
              "runAfter": {
                "NumberOfWaitingStepsInTheFlow": [
                  "Succeeded"
                ]
              },
              "expression": {
                "not": {
                  "equals": [
                    "@outputs('NumberOfWaitingStepsInTheFlow')",
                    1
                  ]
                }
              },
              "metadata": {
                "operationMetadataId": "9ff3233b-01e4-4413-8c59-b4a5f3f248a7"
              },
              "type": "If"
            }
          },
          "runAfter": {
            "Get_items_-_Cases": [
              "Succeeded"
            ]
          },
          "metadata": {
            "operationMetadataId": "795beae6-a93b-4064-9f16-760031d3c746"
          },
          "type": "Foreach"
        }
      },
      "outputs": {}
    }
  },
  "schemaVersion": "1.0.0.0"
}