{
  "properties": {
    "connectionReferences": {
      "shared_sharepointonline_2": {
        "runtimeSource": "embedded",
        "connection": {
          "connectionReferenceLogicalName": "cr93e_BPMToolkitSPConnectionref4"
        },
        "api": {
          "name": "shared_sharepointonline"
        }
      }
    },
    "definition": {
      "$schema": "https://schema.management.azure.com/providers/Microsoft.Logic/schemas/2016-06-01/workflowdefinition.json#",
      "contentVersion": "1.0.0.0",
      "parameters": {
        "$connections": {
          "defaultValue": {},
          "type": "Object"
        },
        "$authentication": {
          "defaultValue": {},
          "type": "SecureObject"
        },
        "BPM Site (cr93e_BPMSite)": {
          "defaultValue": "https://eurocontrol.sharepoint.com/sites/HRSADEV",
          "type": "String",
          "metadata": {
            "schemaName": "cr93e_BPMSite"
          }
        },
        "BPM Late Cases (cr93e_BPMLateCases)": {
          "defaultValue": "2565505b-eb9f-41b5-b2ca-f54ea4f0aecb",
          "type": "String",
          "metadata": {
            "schemaName": "cr93e_BPMLateCases"
          }
        },
        "BPM Case Lifecycle (cr93e_BPMCaseLifecycle)": {
          "defaultValue": "f3de391d-6402-4616-9078-14cf2ca00a7d",
          "type": "String",
          "metadata": {
            "schemaName": "cr93e_BPMCaseLifecycle"
          }
        }
      },
      "triggers": {
        "Recurrence": {
          "recurrence": {
            "frequency": "Day",
            "interval": 1,
            "timeZone": "Romance Standard Time",
            "schedule": {
              "hours": [
                "3"
              ]
            }
          },
          "metadata": {
            "operationMetadataId": "2e09a8f4-528e-4080-8094-49b01b87f430"
          },
          "type": "Recurrence"
        }
      },
      "actions": {
        "TicksNow": {
          "runAfter": {
            "Initialize_variable_Reminder": [
              "Succeeded"
            ]
          },
          "metadata": {
            "operationMetadataId": "62dd66df-5404-4fdc-acaf-2e749658021d"
          },
          "type": "Compose",
          "inputs": "@ticks(utcNow())"
        },
        "TicksIn4Days": {
          "runAfter": {
            "TicksNow": [
              "Succeeded"
            ]
          },
          "metadata": {
            "operationMetadataId": "94660e67-71c6-4c72-8777-4f14fa2474bb"
          },
          "type": "Compose",
          "inputs": "@ticks(addDays(utcNow(),4))"
        },
        "4Days": {
          "runAfter": {
            "TicksIn4Days": [
              "Succeeded"
            ]
          },
          "metadata": {
            "operationMetadataId": "0043fb32-8ecd-411a-ae32-71200ccb150f"
          },
          "type": "Compose",
          "inputs": "@sub(outputs('TicksIn4Days'),outputs('TicksNow'))"
        },
        "Initialize_variable_Reminder": {
          "runAfter": {},
          "metadata": {
            "operationMetadataId": "3981426f-eabd-4711-9da9-d209c1ee5224"
          },
          "type": "InitializeVariable",
          "inputs": {
            "variables": [
              {
                "name": "Reminder",
                "type": "array",
                "value": []
              }
            ]
          }
        },
        "Try": {
          "actions": {
            "Remove_existing_late_Cases": {
              "actions": {
                "Get_items_-_Late_cases": {
                  "runAfter": {},
                  "metadata": {
                    "operationMetadataId": "ab5edda3-2473-4f03-b97e-f25b98b0c3b3"
                  },
                  "type": "OpenApiConnection",
                  "inputs": {
                    "host": {
                      "connectionName": "shared_sharepointonline_2",
                      "operationId": "GetItems",
                      "apiId": "/providers/Microsoft.PowerApps/apis/shared_sharepointonline"
                    },
                    "parameters": {
                      "dataset": "@parameters('BPM Site (cr93e_BPMSite)')",
                      "table": "@parameters('BPM Late Cases (cr93e_BPMLateCases)')",
                      "$top": 1000
                    },
                    "authentication": "@parameters('$authentication')"
                  }
                },
                "Apply_to_each_-_delete_Late_Cases": {
                  "foreach": "@outputs('Get_items_-_Late_cases')?['body/value']",
                  "actions": {
                    "Delete_item": {
                      "runAfter": {},
                      "metadata": {
                        "operationMetadataId": "cb5f291b-d566-49ef-9c56-a21310a2e3cb"
                      },
                      "type": "OpenApiConnection",
                      "inputs": {
                        "host": {
                          "connectionName": "shared_sharepointonline_2",
                          "operationId": "DeleteItem",
                          "apiId": "/providers/Microsoft.PowerApps/apis/shared_sharepointonline"
                        },
                        "parameters": {
                          "dataset": "@parameters('BPM Site (cr93e_BPMSite)')",
                          "table": "@parameters('BPM Late Cases (cr93e_BPMLateCases)')",
                          "id": "@items('Apply_to_each_-_delete_Late_Cases')?['ID']"
                        },
                        "authentication": "@parameters('$authentication')"
                      }
                    }
                  },
                  "runAfter": {
                    "Get_items_-_Late_cases": [
                      "Succeeded"
                    ]
                  },
                  "metadata": {
                    "operationMetadataId": "5dede5b4-e2a5-4204-b161-8f19bac84ed6"
                  },
                  "type": "Foreach"
                }
              },
              "runAfter": {},
              "metadata": {
                "operationMetadataId": "e23cad56-8269-4955-9fb4-102e9dbd6fd1"
              },
              "type": "Scope"
            },
            "Get_items_-_Case_Lifecycle_-_Waiting_tasks": {
              "runAfter": {
                "Remove_existing_late_Cases": [
                  "Succeeded"
                ]
              },
              "metadata": {
                "operationMetadataId": "fcece62c-5307-4460-8334-f8a74f7573b6"
              },
              "type": "OpenApiConnection",
              "inputs": {
                "host": {
                  "connectionName": "shared_sharepointonline_2",
                  "operationId": "GetItems",
                  "apiId": "/providers/Microsoft.PowerApps/apis/shared_sharepointonline"
                },
                "parameters": {
                  "dataset": "@parameters('BPM Site (cr93e_BPMSite)')",
                  "table": "@parameters('BPM Case Lifecycle (cr93e_BPMCaseLifecycle)')",
                  "$filter": "Status eq 'Waiting' ",
                  "$top": 1000
                },
                "authentication": "@parameters('$authentication')"
              },
              "runtimeConfiguration": {
                "paginationPolicy": {
                  "minimumItemCount": 500
                }
              }
            },
            "Apply_to_each": {
              "foreach": "@outputs('Get_items_-_Case_Lifecycle_-_Waiting_tasks')?['body/value']",
              "actions": {
                "Condition": {
                  "actions": {
                    "Compose_2": {
                      "runAfter": {},
                      "metadata": {
                        "operationMetadataId": "f8543673-d87c-4b04-a2b9-9c7931e91115"
                      },
                      "type": "Compose",
                      "inputs": "@ticks(items('Apply_to_each')?['Started'])"
                    },
                    "Append_to_array_variable": {
                      "runAfter": {
                        "Compose_2": [
                          "Succeeded"
                        ]
                      },
                      "metadata": {
                        "operationMetadataId": "6e0fd960-4b5d-4b63-af61-06f3ae4d209c"
                      },
                      "type": "AppendToArrayVariable",
                      "inputs": {
                        "name": "Reminder",
                        "value": {
                          "CaseID": "@{items('Apply_to_each')?['CaseID']}",
                          "Actor": "@items('Apply_to_each')?['Actor']"
                        }
                      }
                    },
                    "Create_item_-_Late_cases": {
                      "runAfter": {
                        "Append_to_array_variable": [
                          "Succeeded"
                        ]
                      },
                      "metadata": {
                        "operationMetadataId": "29509eba-be60-4edc-886e-298de501761e"
                      },
                      "type": "OpenApiConnection",
                      "inputs": {
                        "host": {
                          "connectionName": "shared_sharepointonline_2",
                          "operationId": "PostItem",
                          "apiId": "/providers/Microsoft.PowerApps/apis/shared_sharepointonline"
                        },
                        "parameters": {
                          "dataset": "@parameters('BPM Site (cr93e_BPMSite)')",
                          "table": "@parameters('BPM Late Cases (cr93e_BPMLateCases)')",
                          "item/CaseID": "@items('Apply_to_each')?['CaseID']",
                          "item/CaseType": "@items('Apply_to_each')?['CaseType']",
                          "item/WaitingFor": "@items('Apply_to_each')?['Actor']",
                          "item/WaitingSince": "@items('Apply_to_each')?['Started']"
                        },
                        "authentication": "@parameters('$authentication')"
                      }
                    }
                  },
                  "runAfter": {},
                  "expression": {
                    "and": [
                      {
                        "not": {
                          "equals": [
                            "@items('Apply_to_each')?['Started']",
                            "@null"
                          ]
                        }
                      },
                      {
                        "greater": [
                          "@sub(ticks(utcNow()),ticks(item()?['Started']))",
                          "@int(outputs('4Days'))"
                        ]
                      }
                    ]
                  },
                  "metadata": {
                    "operationMetadataId": "aee80e0c-5d11-4a31-9afe-5fed2b826ec6"
                  },
                  "type": "If"
                }
              },
              "runAfter": {
                "Get_items_-_Case_Lifecycle_-_Waiting_tasks": [
                  "Succeeded"
                ]
              },
              "metadata": {
                "operationMetadataId": "292d3435-0894-449d-beeb-5132d49532d9"
              },
              "type": "Foreach"
            }
          },
          "runAfter": {
            "4Days": [
              "Succeeded"
            ]
          },
          "metadata": {
            "operationMetadataId": "71258aad-8619-4811-8c8c-a0d728fad10a"
          },
          "type": "Scope"
        },
        "Catch_": {
          "actions": {
            "Run_a_Child_Flow_-_BPM_Toolkit_-_Log_Flow_Error": {
              "runAfter": {},
              "metadata": {
                "operationMetadataId": "ac59e5b0-fd89-4e0f-9c4d-0d9bef3a67a8"
              },
              "type": "Workflow",
              "inputs": {
                "host": {
                  "workflowReferenceName": "01389840-615e-eb11-a812-0022489c791b"
                },
                "body": {
                  "text": "@string(result('Try'))",
                  "text_1": "@string(workflow())",
                  "text_2": "na"
                }
              }
            },
            "Terminate": {
              "runAfter": {
                "Run_a_Child_Flow_-_BPM_Toolkit_-_Log_Flow_Error": [
                  "Succeeded"
                ]
              },
              "metadata": {
                "operationMetadataId": "4963a201-0c91-4d47-ba28-9a2d483c5d5c"
              },
              "type": "Terminate",
              "inputs": {
                "runStatus": "Failed",
                "runError": {
                  "code": "503"
                }
              }
            }
          },
          "runAfter": {
            "Try": [
              "Failed",
              "Skipped",
              "TimedOut"
            ]
          },
          "metadata": {
            "operationMetadataId": "22e09419-cc99-4bdd-b58c-a547de41b39c"
          },
          "type": "Scope"
        }
      },
      "outputs": {}
    }
  },
  "schemaVersion": "1.0.0.0"
}