{
  "properties": {
    "connectionReferences": {
      "shared_sharepointonline_1": {
        "runtimeSource": "embedded",
        "connection": {
          "connectionReferenceLogicalName": "cr93e_BPMToolkitSPConnectionref2"
        },
        "api": {
          "name": "shared_sharepointonline"
        }
      }
    },
    "definition": {
      "$schema": "https://schema.management.azure.com/providers/Microsoft.Logic/schemas/2016-06-01/workflowdefinition.json#",
      "contentVersion": "1.0.0.0",
      "parameters": {
        "$connections": {
          "defaultValue": {},
          "type": "Object"
        },
        "$authentication": {
          "defaultValue": {},
          "type": "SecureObject"
        },
        "BPM Site (cr93e_BPMSite)": {
          "defaultValue": "https://eurocontrol.sharepoint.com/sites/HRSADEV",
          "type": "String",
          "metadata": {
            "schemaName": "cr93e_BPMSite"
          }
        },
        "BPM Case Lifecycle (cr93e_BPMCaseLifecycle)": {
          "defaultValue": "f3de391d-6402-4616-9078-14cf2ca00a7d",
          "type": "String",
          "metadata": {
            "schemaName": "cr93e_BPMCaseLifecycle"
          }
        },
        "BPM Case Workflows (cr93e_BPMCaseWorkflows)": {
          "defaultValue": "2571f93f-d1d5-4c2f-9fea-6739d8cedebc",
          "type": "String",
          "metadata": {
            "schemaName": "cr93e_BPMCaseWorkflows"
          }
        }
      },
      "triggers": {
        "manual": {
          "metadata": {
            "operationMetadataId": "57d5ab2e-81f3-4aa1-b770-6eee2a43013d"
          },
          "type": "Request",
          "kind": "Button",
          "inputs": {
            "schema": {
              "type": "object",
              "properties": {
                "text": {
                  "title": "CaseID",
                  "type": "string",
                  "x-ms-dynamically-added": true,
                  "description": "Please enter your input",
                  "x-ms-content-hint": "TEXT"
                },
                "text_1": {
                  "title": "newOwner",
                  "type": "string",
                  "x-ms-dynamically-added": true,
                  "description": "Please enter your input",
                  "x-ms-content-hint": "TEXT"
                }
              },
              "required": [
                "text",
                "text_1"
              ]
            }
          }
        }
      },
      "actions": {
        "CaseID": {
          "runAfter": {},
          "metadata": {
            "operationMetadataId": "8ed98b72-67ea-4680-9a25-ec8cec26b86d"
          },
          "type": "Compose",
          "inputs": "@triggerBody()['text']"
        },
        "Respond_to_a_PowerApp_or_flow": {
          "runAfter": {
            "Catch": [
              "Succeeded",
              "Failed",
              "Skipped",
              "TimedOut"
            ]
          },
          "metadata": {
            "operationMetadataId": "fbe85512-d019-4714-8520-a019f2cc8b16"
          },
          "type": "Response",
          "kind": "PowerApp",
          "inputs": {
            "statusCode": 200,
            "body": {},
            "schema": {
              "type": "object",
              "properties": {}
            }
          }
        },
        "Try": {
          "actions": {
            "NewOwner": {
              "runAfter": {},
              "metadata": {
                "operationMetadataId": "f1a82b29-3ac3-4628-9556-1651852a00b6"
              },
              "type": "Compose",
              "inputs": "@triggerBody()['text_1']"
            },
            "Lock_task": {
              "actions": {
                "Get_items_-_Case_Lifecycle_-_Find_Waiting_Step": {
                  "runAfter": {},
                  "metadata": {
                    "operationMetadataId": "ff050dae-cc9d-454c-8d23-236c8b773468"
                  },
                  "type": "OpenApiConnection",
                  "inputs": {
                    "host": {
                      "connectionName": "shared_sharepointonline_1",
                      "operationId": "GetItems",
                      "apiId": "/providers/Microsoft.PowerApps/apis/shared_sharepointonline"
                    },
                    "parameters": {
                      "dataset": "@parameters('BPM Site (cr93e_BPMSite)')",
                      "table": "@parameters('BPM Case Lifecycle (cr93e_BPMCaseLifecycle)')",
                      "$filter": "CaseID eq '@{outputs('CaseID')}' and Status eq 'Waiting'",
                      "$top": 1
                    },
                    "authentication": {
                      "type": "Raw",
                      "value": "@json(decodeBase64(triggerOutputs().headers['X-MS-APIM-Tokens']))['$ConnectionKey']"
                    }
                  }
                },
                "Apply_to_each": {
                  "foreach": "@outputs('Get_items_-_Case_Lifecycle_-_Find_Waiting_Step')?['body/value']",
                  "actions": {
                    "Update_item_-_Lifecycle_-_New_Step_Owner": {
                      "runAfter": {},
                      "metadata": {
                        "operationMetadataId": "0d7986a8-79bc-4c31-9466-40fdc84a1265"
                      },
                      "type": "OpenApiConnection",
                      "inputs": {
                        "host": {
                          "connectionName": "shared_sharepointonline_1",
                          "operationId": "PatchItem",
                          "apiId": "/providers/Microsoft.PowerApps/apis/shared_sharepointonline"
                        },
                        "parameters": {
                          "dataset": "@parameters('BPM Site (cr93e_BPMSite)')",
                          "table": "@parameters('BPM Case Lifecycle (cr93e_BPMCaseLifecycle)')",
                          "id": "@items('Apply_to_each')?['ID']",
                          "item/WorkingOnIt": "@outputs('NewOwner')"
                        },
                        "authentication": {
                          "type": "Raw",
                          "value": "@json(decodeBase64(triggerOutputs().headers['X-MS-APIM-Tokens']))['$ConnectionKey']"
                        }
                      }
                    }
                  },
                  "runAfter": {
                    "Get_items_-_Case_Lifecycle_-_Find_Waiting_Step": [
                      "Succeeded"
                    ]
                  },
                  "metadata": {
                    "operationMetadataId": "8c24ab72-1f5c-4c02-8a53-f9a9a77494bd"
                  },
                  "type": "Foreach"
                }
              },
              "runAfter": {
                "NewOwner": [
                  "Succeeded"
                ]
              },
              "metadata": {
                "operationMetadataId": "edf4a042-63ae-4022-a3f0-4cde9a53a1ca"
              },
              "type": "Scope"
            },
            "Lock_Workflow": {
              "actions": {
                "Get_items_-_Case_Workflows": {
                  "runAfter": {},
                  "metadata": {
                    "operationMetadataId": "216341ea-65bb-4359-bee5-6ce02b6f6e72"
                  },
                  "type": "OpenApiConnection",
                  "inputs": {
                    "host": {
                      "connectionName": "shared_sharepointonline_1",
                      "operationId": "GetItems",
                      "apiId": "/providers/Microsoft.PowerApps/apis/shared_sharepointonline"
                    },
                    "parameters": {
                      "dataset": "@parameters('BPM Site (cr93e_BPMSite)')",
                      "table": "@parameters('BPM Case Workflows (cr93e_BPMCaseWorkflows)')",
                      "$filter": "CaseID eq '@{outputs('CaseID')}'",
                      "$top": 1
                    },
                    "authentication": {
                      "type": "Raw",
                      "value": "@json(decodeBase64(triggerOutputs().headers['X-MS-APIM-Tokens']))['$ConnectionKey']"
                    }
                  }
                },
                "Apply_to_each__case_Workflow": {
                  "foreach": "@outputs('Get_items_-_Case_Workflows')?['body/value']",
                  "actions": {
                    "Update_item_-_Case_Workflows_-_Update_NewOwner": {
                      "runAfter": {},
                      "metadata": {
                        "operationMetadataId": "201589a6-258a-4274-98b2-60e23ca1f8dc"
                      },
                      "type": "OpenApiConnection",
                      "inputs": {
                        "host": {
                          "connectionName": "shared_sharepointonline_1",
                          "operationId": "PatchItem",
                          "apiId": "/providers/Microsoft.PowerApps/apis/shared_sharepointonline"
                        },
                        "parameters": {
                          "dataset": "@parameters('BPM Site (cr93e_BPMSite)')",
                          "table": "@parameters('BPM Case Workflows (cr93e_BPMCaseWorkflows)')",
                          "id": "@items('Apply_to_each__case_Workflow')?['ID']",
                          "item/WorkingOnIt": "@outputs('NewOwner')"
                        },
                        "authentication": {
                          "type": "Raw",
                          "value": "@json(decodeBase64(triggerOutputs().headers['X-MS-APIM-Tokens']))['$ConnectionKey']"
                        }
                      }
                    }
                  },
                  "runAfter": {
                    "Get_items_-_Case_Workflows": [
                      "Succeeded"
                    ]
                  },
                  "metadata": {
                    "operationMetadataId": "5ba5b8ab-300d-4a32-ad02-8b5ad43048ad"
                  },
                  "type": "Foreach"
                }
              },
              "runAfter": {
                "NewOwner": [
                  "Succeeded"
                ]
              },
              "metadata": {
                "operationMetadataId": "999f9505-5b07-472c-aa5b-a3b442155833"
              },
              "type": "Scope"
            }
          },
          "runAfter": {
            "CaseID": [
              "Succeeded"
            ]
          },
          "metadata": {
            "operationMetadataId": "93e0b781-c841-4cfa-bf54-3d01b002aea3"
          },
          "type": "Scope"
        },
        "Catch": {
          "actions": {
            "Run_a_Child_Flow_-_BPM_Toolkit_-_Log_Flow_Error": {
              "runAfter": {},
              "metadata": {
                "operationMetadataId": "8afa925d-ba73-4e50-a9a6-4fc76ac7aba2"
              },
              "type": "Workflow",
              "inputs": {
                "host": {
                  "workflowReferenceName": "01389840-615e-eb11-a812-0022489c791b"
                },
                "body": {
                  "text": "@string(result('Try'))",
                  "text_1": "@string(workflow())",
                  "text_2": "@outputs('CaseID')"
                }
              }
            }
          },
          "runAfter": {
            "Try": [
              "Failed",
              "Skipped",
              "TimedOut"
            ]
          },
          "metadata": {
            "operationMetadataId": "29088dd7-4a42-4657-83d5-4255888d2558"
          },
          "type": "Scope"
        }
      },
      "outputs": {}
    }
  },
  "schemaVersion": "1.0.0.0"
}