{
  "properties": {
    "connectionReferences": {
      "shared_sharepointonline_1": {
        "runtimeSource": "embedded",
        "connection": {
          "connectionReferenceLogicalName": "cr93e_BPMToolkitSPConnectionref3"
        },
        "api": {
          "name": "shared_sharepointonline"
        }
      }
    },
    "definition": {
      "$schema": "https://schema.management.azure.com/providers/Microsoft.Logic/schemas/2016-06-01/workflowdefinition.json#",
      "contentVersion": "1.0.0.0",
      "parameters": {
        "$connections": {
          "defaultValue": {},
          "type": "Object"
        },
        "$authentication": {
          "defaultValue": {},
          "type": "SecureObject"
        },
        "BPM Site (cr93e_BPMSite)": {
          "defaultValue": "https://eurocontrol.sharepoint.com/sites/HRSADEV",
          "type": "String",
          "metadata": {
            "schemaName": "cr93e_BPMSite"
          }
        },
        "BPM Case Delegations (cr93e_BPMCaseDelegations)": {
          "defaultValue": "0d52508b-39a3-4582-9582-d721047820c8",
          "type": "String",
          "metadata": {
            "schemaName": "cr93e_BPMCaseDelegations"
          }
        }
      },
      "triggers": {
        "manual": {
          "metadata": {
            "operationMetadataId": "91f4ac44-b123-4f6c-bb15-189ead32d4d5"
          },
          "type": "Request",
          "kind": "Button",
          "inputs": {
            "schema": {
              "type": "object",
              "properties": {
                "text": {
                  "title": "FromUser",
                  "type": "string",
                  "x-ms-dynamically-added": true,
                  "description": "Please enter your input",
                  "x-ms-content-hint": "TEXT"
                }
              },
              "required": [
                "text"
              ]
            }
          }
        }
      },
      "actions": {
        "Respond_to_a_PowerApp_or_flow": {
          "runAfter": {
            "Apply_to_each_-_Case_Delegation": [
              "Succeeded"
            ]
          },
          "metadata": {
            "operationMetadataId": "855075e1-4a0c-45d2-8aca-8116c7f4e6dd"
          },
          "type": "Response",
          "kind": "PowerApp",
          "inputs": {
            "statusCode": 200,
            "body": {
              "action": "@variables('Action')",
              "touser": "@variables('ToUser')"
            },
            "schema": {
              "type": "object",
              "properties": {
                "action": {
                  "title": "Action",
                  "x-ms-dynamically-added": true,
                  "type": "string"
                },
                "touser": {
                  "title": "ToUser",
                  "x-ms-dynamically-added": true,
                  "type": "string"
                }
              }
            }
          }
        },
        "User": {
          "runAfter": {},
          "metadata": {
            "operationMetadataId": "0b54d73d-61ae-4b5f-8bce-2877519fd922"
          },
          "type": "Compose",
          "inputs": "@triggerBody()['text']"
        },
        "Initialize_variable_Action": {
          "runAfter": {
            "User": [
              "Succeeded"
            ]
          },
          "metadata": {
            "operationMetadataId": "7c0a8563-7c92-4ac2-99e1-0ca1c154d5e6"
          },
          "type": "InitializeVariable",
          "inputs": {
            "variables": [
              {
                "name": "Action",
                "type": "string",
                "value": "NoDelegation"
              }
            ]
          }
        },
        "Initialize_variable_ToUser": {
          "runAfter": {
            "Initialize_variable_Action": [
              "Succeeded"
            ]
          },
          "metadata": {
            "operationMetadataId": "90e762fe-0ffa-43f9-8929-f90c64995b9c"
          },
          "type": "InitializeVariable",
          "inputs": {
            "variables": [
              {
                "name": "ToUser",
                "type": "string"
              }
            ]
          }
        },
        "Get_items_-_Case_Delegation": {
          "runAfter": {
            "Initialize_variable_ToUser": [
              "Succeeded"
            ]
          },
          "metadata": {
            "operationMetadataId": "045e0248-a00f-4da6-b058-ef11e20485f5"
          },
          "type": "OpenApiConnection",
          "inputs": {
            "host": {
              "connectionName": "shared_sharepointonline_1",
              "operationId": "GetItems",
              "apiId": "/providers/Microsoft.PowerApps/apis/shared_sharepointonline"
            },
            "parameters": {
              "dataset": "@parameters('BPM Site (cr93e_BPMSite)')",
              "table": "@parameters('BPM Case Delegations (cr93e_BPMCaseDelegations)')",
              "$filter": "User_From eq '@{outputs('User')}'"
            },
            "authentication": {
              "type": "Raw",
              "value": "@json(decodeBase64(triggerOutputs().headers['X-MS-APIM-Tokens']))['$ConnectionKey']"
            }
          }
        },
        "Apply_to_each_-_Case_Delegation": {
          "foreach": "@body('Select_-_Case_Delegation')",
          "actions": {
            "Check_If_a_new_Delegation_should_start": {
              "actions": {
                "Set_variable_Action": {
                  "runAfter": {},
                  "metadata": {
                    "operationMetadataId": "57b44d79-05f4-4c3b-8f4c-3e6ffb5913a0"
                  },
                  "type": "SetVariable",
                  "inputs": {
                    "name": "Action",
                    "value": "Start"
                  }
                },
                "Set_variable_ToUser": {
                  "runAfter": {
                    "Set_variable_Action": [
                      "Succeeded"
                    ]
                  },
                  "metadata": {
                    "operationMetadataId": "92b90bdd-f835-4c0b-96ac-db947c4f0d3e"
                  },
                  "type": "SetVariable",
                  "inputs": {
                    "name": "ToUser",
                    "value": "@items('Apply_to_each_-_Case_Delegation')?['User_To']"
                  }
                }
              },
              "runAfter": {},
              "else": {
                "actions": {
                  "Check_if_an_existing_delegation_stops": {
                    "actions": {
                      "Set_variable_ToUser_": {
                        "runAfter": {},
                        "metadata": {
                          "operationMetadataId": "3694fe13-f4b8-49a4-a584-651e29f7120b"
                        },
                        "type": "SetVariable",
                        "inputs": {
                          "name": "ToUser",
                          "value": "@items('Apply_to_each_-_Case_Delegation')?['User_To']"
                        }
                      },
                      "Set_variable_Action_": {
                        "runAfter": {
                          "Set_variable_ToUser_": [
                            "Succeeded"
                          ]
                        },
                        "metadata": {
                          "operationMetadataId": "45b8f389-406b-490d-b07b-6f29f78d552a"
                        },
                        "type": "SetVariable",
                        "inputs": {
                          "name": "Action",
                          "value": "Stop"
                        }
                      }
                    },
                    "runAfter": {},
                    "else": {
                      "actions": {
                        "Set_variable_Action__": {
                          "runAfter": {},
                          "metadata": {
                            "operationMetadataId": "047e7d9c-adfe-487e-8862-b39d39161c95"
                          },
                          "type": "SetVariable",
                          "inputs": {
                            "name": "Action",
                            "value": "DoNothing"
                          }
                        }
                      }
                    },
                    "expression": {
                      "less": [
                        "@ticks(formatDateTime(item()?['To_Date']))",
                        "@ticks(utcNow())"
                      ]
                    },
                    "metadata": {
                      "operationMetadataId": "b85dcf26-a392-41db-ac85-cacadd8f56d1"
                    },
                    "type": "If"
                  }
                }
              },
              "expression": {
                "and": [
                  {
                    "lessOrEquals": [
                      "@ticks(formatDateTime(item()?['From_Date']))",
                      "@ticks(utcnow())"
                    ]
                  },
                  {
                    "greater": [
                      "@ticks(formatDateTime(item()?['To_Date']))",
                      "@ticks(utcNow())"
                    ]
                  }
                ]
              },
              "metadata": {
                "operationMetadataId": "006991af-5fb3-44f6-80a1-7aca3845b0ba"
              },
              "type": "If"
            }
          },
          "runAfter": {
            "Select_-_Case_Delegation": [
              "Succeeded"
            ]
          },
          "metadata": {
            "operationMetadataId": "fc13cd62-ad81-4576-ada1-28dcd21fd2e6"
          },
          "type": "Foreach"
        },
        "Select_-_Case_Delegation": {
          "runAfter": {
            "Get_items_-_Case_Delegation": [
              "Succeeded"
            ]
          },
          "metadata": {
            "operationMetadataId": "e4497eaa-f19f-428b-8a33-7802f60e5424"
          },
          "type": "Select",
          "inputs": {
            "from": "@outputs('Get_items_-_Case_Delegation')?['body/value']",
            "select": {
              "From_Date": "@item()?['From_Date']",
              "To_Date": "@item()?['To_Date']",
              "User_To": "@item()?['User_To']"
            }
          }
        }
      },
      "outputs": {}
    }
  },
  "schemaVersion": "1.0.0.0"
}