{
  "properties": {
    "connectionReferences": {
      "shared_sharepointonline_1": {
        "runtimeSource": "embedded",
        "connection": {
          "connectionReferenceLogicalName": "cr93e_BPMToolkitSPConnectionref"
        },
        "api": {
          "name": "shared_sharepointonline"
        }
      }
    },
    "definition": {
      "$schema": "https://schema.management.azure.com/providers/Microsoft.Logic/schemas/2016-06-01/workflowdefinition.json#",
      "contentVersion": "1.0.0.0",
      "parameters": {
        "$connections": {
          "defaultValue": {},
          "type": "Object"
        },
        "$authentication": {
          "defaultValue": {},
          "type": "SecureObject"
        },
        "BPM Site (cr93e_BPMSite)": {
          "defaultValue": "https://eurocontrol.sharepoint.com/sites/HRSADEV",
          "type": "String",
          "metadata": {
            "schemaName": "cr93e_BPMSite"
          }
        },
        "BPM Metaworkflows (cr93e_BPMMetaworkflows)": {
          "defaultValue": "e8b36ad4-2052-4be7-8e06-7c6520ef2a36",
          "type": "String",
          "metadata": {
            "schemaName": "cr93e_BPMMetaworkflows"
          }
        },
        "BPM Case Lifecycle (cr93e_BPMCaseLifecycle)": {
          "defaultValue": "f3de391d-6402-4616-9078-14cf2ca00a7d",
          "type": "String",
          "metadata": {
            "schemaName": "cr93e_BPMCaseLifecycle"
          }
        },
        "BPM Cases (cr93e_BPMCases)": {
          "defaultValue": "28007d72-bc53-410a-b713-409478508462",
          "type": "String",
          "metadata": {
            "schemaName": "cr93e_BPMCases"
          }
        }
      },
      "staticResults": {
        "Create_item_-_Case_Lifecycle_20": {
          "status": "Succeeded",
          "outputs": {
            "statusCode": "OK",
            "headers": {}
          }
        }
      },
      "triggers": {
        "manual": {
          "metadata": {
            "operationMetadataId": "52e5d187-7911-4357-977f-8bfc7b8470e8"
          },
          "type": "Request",
          "kind": "Button",
          "inputs": {
            "schema": {
              "type": "object",
              "properties": {
                "text": {
                  "title": "CaseID",
                  "type": "string",
                  "x-ms-dynamically-added": true,
                  "description": "Please enter your input",
                  "x-ms-content-hint": "TEXT"
                }
              },
              "required": [
                "text"
              ]
            }
          }
        }
      },
      "actions": {
        "Initialize_variable_StepNumber": {
          "runAfter": {},
          "metadata": {
            "operationMetadataId": "4bf9f8a0-d4f8-415f-9dbf-b1c43021c437"
          },
          "type": "InitializeVariable",
          "inputs": {
            "variables": [
              {
                "name": "StepNumber",
                "type": "integer",
                "value": 0
              }
            ]
          }
        },
        "Try": {
          "actions": {
            "CaseID": {
              "runAfter": {},
              "metadata": {
                "operationMetadataId": "826c847b-b87a-4d4e-9540-a6c299b23395"
              },
              "type": "Compose",
              "inputs": "@triggerBody()['text']"
            },
            "Get_items_-_Case_-_Get_Case": {
              "runAfter": {
                "CaseID": [
                  "Succeeded"
                ]
              },
              "metadata": {
                "operationMetadataId": "8d0dfffd-70f6-466e-a84f-45ce41018c83"
              },
              "type": "OpenApiConnection",
              "inputs": {
                "host": {
                  "connectionName": "shared_sharepointonline_1",
                  "operationId": "GetItems",
                  "apiId": "/providers/Microsoft.PowerApps/apis/shared_sharepointonline"
                },
                "parameters": {
                  "dataset": "@parameters('BPM Site (cr93e_BPMSite)')",
                  "table": "@parameters('BPM Cases (cr93e_BPMCases)')",
                  "$filter": "CaseID eq '@{outputs('CaseID')}'",
                  "$top": 1
                },
                "authentication": {
                  "type": "Raw",
                  "value": "@json(decodeBase64(triggerOutputs().headers['X-MS-APIM-Tokens']))['$ConnectionKey']"
                }
              }
            },
            "Run_a_Child_Flow_-_Secure_Case": {
              "runAfter": {
                "Get_items_-_Case_-_Get_Case": [
                  "Succeeded"
                ]
              },
              "metadata": {
                "operationMetadataId": "4190a814-fe72-485f-9870-cdefa47d06ca"
              },
              "type": "Workflow",
              "inputs": {
                "host": {
                  "workflowReferenceName": "ac7c448e-5eb2-ea11-a812-000d3abbae2c"
                },
                "body": {
                  "text": "@outputs('CaseID')",
                  "boolean": false
                }
              }
            },
            "Apply_to_each_Case": {
              "foreach": "@outputs('Get_items_-_Case_-_Get_Case')?['body/value']",
              "actions": {
                "Apply_to_each_Actor": {
                  "foreach": "@outputs('Get_items_-_Meta_Workflows')?['body/value']",
                  "actions": {
                    "Check_if_we__have__humans": {
                      "actions": {
                        "Apply_to_each": {
                          "foreach": "@items('Apply_to_each_Case')?['CaseActors']",
                          "actions": {
                            "Create_item_-_Case_Lifecycle___": {
                              "runAfter": {},
                              "metadata": {
                                "operationMetadataId": "ff68b1ff-b6a7-4f4b-8be8-b1e9d0bf1b23"
                              },
                              "type": "OpenApiConnection",
                              "inputs": {
                                "host": {
                                  "connectionName": "shared_sharepointonline_1",
                                  "operationId": "PostItem",
                                  "apiId": "/providers/Microsoft.PowerApps/apis/shared_sharepointonline"
                                },
                                "parameters": {
                                  "dataset": "@parameters('BPM Site (cr93e_BPMSite)')",
                                  "table": "@parameters('BPM Case Lifecycle (cr93e_BPMCaseLifecycle)')",
                                  "item/CaseID": "@outputs('CaseID')",
                                  "item/Step": "@variables('StepNumber')",
                                  "item/Actor": "@item()?['Email']",
                                  "item/Status": "ToBeExecuted",
                                  "item/TypeofactionExpected": "@items('Apply_to_each_Actor')?['ActionExpected']",
                                  "item/if_x0020_property": "@items('Apply_to_each_Actor')?['Ifproperty']",
                                  "item/if_x0020_value": "@items('Apply_to_each_Actor')?['ifvalue']",
                                  "item/if_x0020_operation": "@items('Apply_to_each_Actor')?['ifoperation']",
                                  "item/if_x0020_Goto": "@items('Apply_to_each_Actor')?['ifGoto']",
                                  "item/CaseType": "@items('Apply_to_each_Case')?['TypeOfrequest']",
                                  "item/CaseDescr": "@items('Apply_to_each_Case')?['CaseDescr']",
                                  "item/SubmittedBy": "@items('Apply_to_each_Case')?['Submitter']",
                                  "item/OnBehalfOf": "@items('Apply_to_each_Case')?['OnBehalfOf']",
                                  "item/OriginalStep": "@variables('StepNumber')",
                                  "item/CaseTypeFriendlyName": "@items('Apply_to_each_Case')?['CaseTypeFriendlyName']"
                                },
                                "authentication": {
                                  "type": "Raw",
                                  "value": "@json(decodeBase64(triggerOutputs().headers['X-MS-APIM-Tokens']))['$ConnectionKey']"
                                }
                              },
                              "runtimeConfiguration": {
                                "staticResult": {
                                  "staticResultOptions": "Disabled",
                                  "name": "Create_item_-_Case_Lifecycle_20"
                                }
                              }
                            },
                            "Increment_variable_StepNumber___": {
                              "runAfter": {
                                "Run_a_Child_Flow_-__Secure_Case_Lifecycle_Step": [
                                  "Succeeded"
                                ]
                              },
                              "metadata": {
                                "operationMetadataId": "0f1c0b46-3397-4e14-9625-ad8ca83f779c"
                              },
                              "type": "IncrementVariable",
                              "inputs": {
                                "name": "StepNumber",
                                "value": 1
                              }
                            },
                            "Run_a_Child_Flow_-__Secure_Case_Lifecycle_Step": {
                              "runAfter": {
                                "Create_item_-_Case_Lifecycle___": [
                                  "Succeeded"
                                ]
                              },
                              "metadata": {
                                "operationMetadataId": "5b29bde5-11b6-4635-8f30-e877d6a58f88"
                              },
                              "type": "Workflow",
                              "inputs": {
                                "host": {
                                  "workflowReferenceName": "1062f234-10b6-ea11-a812-000d3a45b556"
                                },
                                "body": {
                                  "text": "@outputs('CaseID')",
                                  "text_1": "@string(variables('StepNumber'))",
                                  "text_2": "@outputs('Submitter')",
                                  "text_3": "@outputs('One_Behalf_Of')"
                                }
                              }
                            }
                          },
                          "runAfter": {},
                          "metadata": {
                            "operationMetadataId": "3c4bec7c-827a-47e6-b461-4a16e0eb9e90"
                          },
                          "type": "Foreach",
                          "description": "we need to create 1 step for each human actor and add their e-mail address in each step"
                        }
                      },
                      "runAfter": {},
                      "else": {
                        "actions": {
                          "Create_item_-_Case_Lifecycle": {
                            "runAfter": {},
                            "metadata": {
                              "operationMetadataId": "1f6e35bf-651f-4d4a-956f-fb2c68ba349f"
                            },
                            "type": "OpenApiConnection",
                            "inputs": {
                              "host": {
                                "connectionName": "shared_sharepointonline_1",
                                "operationId": "PostItem",
                                "apiId": "/providers/Microsoft.PowerApps/apis/shared_sharepointonline"
                              },
                              "parameters": {
                                "dataset": "@parameters('BPM Site (cr93e_BPMSite)')",
                                "table": "@parameters('BPM Case Lifecycle (cr93e_BPMCaseLifecycle)')",
                                "item/CaseID": "@outputs('CaseID')",
                                "item/Step": "@variables('StepNumber')",
                                "item/Actor": "@items('Apply_to_each_Actor')?['Actor']",
                                "item/Status": "ToBeExecuted",
                                "item/TypeofactionExpected": "@items('Apply_to_each_Actor')?['ActionExpected']",
                                "item/if_x0020_property": "@items('Apply_to_each_Actor')?['Ifproperty']",
                                "item/if_x0020_value": "@items('Apply_to_each_Actor')?['ifvalue']",
                                "item/if_x0020_operation": "@items('Apply_to_each_Actor')?['ifoperation']",
                                "item/if_x0020_Goto": "@items('Apply_to_each_Actor')?['ifGoto']",
                                "item/WorkflowIDToRun": "@items('Apply_to_each_Actor')?['WorkflowIDToRun']",
                                "item/LabelWorkflow": "@items('Apply_to_each_Actor')?['LabelWorkflow']",
                                "item/CaseType": "@items('Apply_to_each_Case')?['TypeOfrequest']",
                                "item/CaseDescr": "@items('Apply_to_each_Case')?['CaseDescr']",
                                "item/SubmittedBy": "@items('Apply_to_each_Case')?['Submitter']",
                                "item/OnBehalfOf": "@items('Apply_to_each_Case')?['OnBehalfOf']",
                                "item/OriginalStep": "@variables('StepNumber')",
                                "item/CaseTypeFriendlyName": "@items('Apply_to_each_Case')?['CaseTypeFriendlyName']"
                              },
                              "authentication": {
                                "type": "Raw",
                                "value": "@json(decodeBase64(triggerOutputs().headers['X-MS-APIM-Tokens']))['$ConnectionKey']"
                              }
                            }
                          },
                          "Increment_variable_StepNumber": {
                            "runAfter": {
                              "Run_a_Child_Flow_-__Secure_Case_Lifecycle_Step____": [
                                "Succeeded"
                              ]
                            },
                            "metadata": {
                              "operationMetadataId": "4301fb75-9db2-4eeb-824d-4faa737e2ccd"
                            },
                            "type": "IncrementVariable",
                            "inputs": {
                              "name": "StepNumber",
                              "value": 1
                            }
                          },
                          "Run_a_Child_Flow_-__Secure_Case_Lifecycle_Step____": {
                            "runAfter": {
                              "Create_item_-_Case_Lifecycle": [
                                "Succeeded"
                              ]
                            },
                            "metadata": {
                              "operationMetadataId": "cce68130-5d4b-46b5-b5c3-4da2b07b1c3a"
                            },
                            "type": "Workflow",
                            "inputs": {
                              "host": {
                                "workflowReferenceName": "1062f234-10b6-ea11-a812-000d3a45b556"
                              },
                              "body": {
                                "text": "@outputs('CaseID')",
                                "text_1": "@string(variables('StepNumber'))",
                                "text_2": "@outputs('Submitter')",
                                "text_3": "@outputs('One_Behalf_Of')"
                              }
                            }
                          }
                        }
                      },
                      "expression": {
                        "equals": [
                          "@items('Apply_to_each_Actor')?['Actor']",
                          "Actors"
                        ]
                      },
                      "metadata": {
                        "operationMetadataId": "6c172816-ddf1-4b98-9199-fd74eae42d67"
                      },
                      "type": "If"
                    }
                  },
                  "runAfter": {
                    "One_Behalf_Of": [
                      "Succeeded"
                    ]
                  },
                  "metadata": {
                    "operationMetadataId": "5677774a-3243-45f1-afeb-7b5f28d67d23"
                  },
                  "type": "Foreach"
                },
                "Submitter": {
                  "runAfter": {
                    "Get_items_-_Meta_Workflows": [
                      "Succeeded"
                    ]
                  },
                  "metadata": {
                    "operationMetadataId": "67e078ec-e828-4728-a824-064a8dffe991"
                  },
                  "type": "Compose",
                  "inputs": "@items('Apply_to_each_Case')?['Submitter']"
                },
                "One_Behalf_Of": {
                  "runAfter": {
                    "Submitter": [
                      "Succeeded"
                    ]
                  },
                  "metadata": {
                    "operationMetadataId": "81fef5f9-2f5b-4fe6-b4e3-870a207956fd"
                  },
                  "type": "Compose",
                  "inputs": "@items('Apply_to_each_Case')?['OnBehalfOf']"
                },
                "Run_a_Child_Flow_-_Get_Case_Type_Parameters": {
                  "runAfter": {},
                  "metadata": {
                    "operationMetadataId": "f94346a3-2a81-4b5a-aed0-4d0fbb3cc8b5"
                  },
                  "type": "Workflow",
                  "inputs": {
                    "host": {
                      "workflowReferenceName": "cdb0f698-2e4b-eb11-a812-000d3abee2a0"
                    },
                    "body": {
                      "text": "@items('Apply_to_each_Case')?['TypeOfrequest']"
                    }
                  }
                },
                "Get_items_-_Meta_Workflows": {
                  "runAfter": {
                    "Run_a_Child_Flow_-_Get_Case_Type_Parameters": [
                      "Succeeded"
                    ]
                  },
                  "metadata": {
                    "operationMetadataId": "3e8a0240-5f05-448c-8ad8-65131e1de9a8"
                  },
                  "type": "OpenApiConnection",
                  "inputs": {
                    "host": {
                      "connectionName": "shared_sharepointonline_1",
                      "operationId": "GetItems",
                      "apiId": "/providers/Microsoft.PowerApps/apis/shared_sharepointonline"
                    },
                    "parameters": {
                      "dataset": "@parameters('BPM Site (cr93e_BPMSite)')",
                      "table": "@parameters('BPM Metaworkflows (cr93e_BPMMetaworkflows)')",
                      "$filter": "CaseType eq '@{outputs('Run_a_Child_Flow_-_Get_Case_Type_Parameters')?['Body']?['metaworkflow']}'",
                      "$orderby": "Step"
                    },
                    "authentication": {
                      "type": "Raw",
                      "value": "@json(decodeBase64(triggerOutputs().headers['X-MS-APIM-Tokens']))['$ConnectionKey']"
                    }
                  }
                }
              },
              "runAfter": {
                "Get_items_-_Case_-_Get_Case": [
                  "Succeeded"
                ]
              },
              "metadata": {
                "operationMetadataId": "1d0396db-48d0-4b41-a51b-f07012408bd6"
              },
              "type": "Foreach"
            }
          },
          "runAfter": {
            "Initialize_variable_errorCode": [
              "Succeeded"
            ]
          },
          "metadata": {
            "operationMetadataId": "f9582150-b500-407d-a8a6-8b1e9f90e1b0"
          },
          "type": "Scope"
        },
        "Respond_to_a_PowerApp_or_flow": {
          "runAfter": {
            "Catch": [
              "Succeeded",
              "Failed",
              "Skipped",
              "TimedOut"
            ]
          },
          "metadata": {
            "operationMetadataId": "ee211ee3-8a22-49f7-a59b-6565d529df87"
          },
          "type": "Response",
          "kind": "PowerApp",
          "inputs": {
            "statusCode": 200,
            "body": {
              "responsecode": "@{variables('errorCode')}"
            },
            "schema": {
              "type": "object",
              "properties": {
                "responsecode": {
                  "title": "ResponseCode",
                  "x-ms-dynamically-added": true,
                  "type": "string"
                },
                "responsemessage": {
                  "title": "ResponseMessage",
                  "x-ms-dynamically-added": true,
                  "type": "string"
                }
              }
            }
          }
        },
        "Catch": {
          "actions": {
            "Run_a_Child_Flow_-_BPM_Toolkit_-_Log_Flow_error": {
              "runAfter": {},
              "metadata": {
                "operationMetadataId": "a285bcc5-1617-44f7-b58e-cfc04ed64652"
              },
              "type": "Workflow",
              "inputs": {
                "host": {
                  "workflowReferenceName": "01389840-615e-eb11-a812-0022489c791b"
                },
                "body": {
                  "text": "@string(result('Try'))",
                  "text_1": "@string(workflow())",
                  "text_2": "@triggerBody()['text']"
                }
              }
            },
            "Set_variable_errorCode": {
              "runAfter": {
                "Run_a_Child_Flow_-_BPM_Toolkit_-_Log_Flow_error": [
                  "Succeeded"
                ]
              },
              "metadata": {
                "operationMetadataId": "e5a9c756-859b-45a9-b3df-bd5e964a981a"
              },
              "type": "SetVariable",
              "inputs": {
                "name": "errorCode",
                "value": 500
              }
            }
          },
          "runAfter": {
            "Try": [
              "Failed",
              "Skipped",
              "TimedOut"
            ]
          },
          "metadata": {
            "operationMetadataId": "034afe52-ba71-4d6b-91bf-b9523992baae"
          },
          "type": "Scope"
        },
        "Initialize_variable_errorCode": {
          "runAfter": {
            "Initialize_variable_StepNumber": [
              "Succeeded"
            ]
          },
          "metadata": {
            "operationMetadataId": "f53ae076-9b80-463e-a58d-a768300f9fb6"
          },
          "type": "InitializeVariable",
          "inputs": {
            "variables": [
              {
                "name": "errorCode",
                "type": "integer",
                "value": 200
              }
            ]
          }
        }
      },
      "outputs": {}
    }
  },
  "schemaVersion": "1.0.0.0"
}