{
  "properties": {
    "connectionReferences": {
      "shared_sharepointonline_1": {
        "runtimeSource": "embedded",
        "connection": {
          "connectionReferenceLogicalName": "cr93e_BPMToolkitSPConnectionref4"
        },
        "api": {
          "name": "shared_sharepointonline"
        }
      }
    },
    "definition": {
      "$schema": "https://schema.management.azure.com/providers/Microsoft.Logic/schemas/2016-06-01/workflowdefinition.json#",
      "contentVersion": "1.0.0.0",
      "parameters": {
        "$connections": {
          "defaultValue": {},
          "type": "Object"
        },
        "$authentication": {
          "defaultValue": {},
          "type": "SecureObject"
        },
        "BPM Site (cr93e_BPMSite)": {
          "defaultValue": "https://eurocontrol.sharepoint.com/sites/HRSADEV",
          "type": "String",
          "metadata": {
            "schemaName": "cr93e_BPMSite"
          }
        },
        "BPM Error Log (cr93e_BPMErrorLog)": {
          "defaultValue": "53450724-4e3c-4876-abb4-67cfe0ec060f",
          "type": "String",
          "metadata": {
            "schemaName": "cr93e_BPMErrorLog"
          }
        }
      },
      "triggers": {
        "manual": {
          "metadata": {
            "operationMetadataId": "da657134-8f68-497f-8aae-bb9a0a86481e"
          },
          "type": "Request",
          "kind": "Button",
          "inputs": {
            "schema": {
              "type": "object",
              "properties": {
                "text": {
                  "title": "FlowErrorData",
                  "type": "string",
                  "x-ms-dynamically-added": true,
                  "description": "Please enter your input",
                  "x-ms-content-hint": "TEXT"
                },
                "text_1": {
                  "title": "Workflow",
                  "type": "string",
                  "x-ms-dynamically-added": true,
                  "description": "Please enter your input",
                  "x-ms-content-hint": "TEXT"
                },
                "text_2": {
                  "title": "CaseID",
                  "type": "string",
                  "x-ms-dynamically-added": true,
                  "description": "Please enter your input",
                  "x-ms-content-hint": "TEXT"
                }
              },
              "required": [
                "text",
                "text_1",
                "text_2"
              ]
            }
          }
        }
      },
      "actions": {
        "Respond_to_a_PowerApp_or_flow": {
          "runAfter": {
            "Apply_to_each": [
              "Succeeded"
            ]
          },
          "metadata": {
            "operationMetadataId": "ba98d2ae-c392-4fd5-ac5c-bb4832477de3"
          },
          "type": "Response",
          "kind": "PowerApp",
          "inputs": {
            "statusCode": 200,
            "body": {},
            "schema": {
              "type": "object",
              "properties": {}
            }
          }
        },
        "FlowErrorData": {
          "runAfter": {},
          "metadata": {
            "operationMetadataId": "aec77bee-116e-4774-bfe2-3590640bdd80"
          },
          "type": "Compose",
          "inputs": "@json(triggerBody()['text'])"
        },
        "Filter_array_-_Failed_actions": {
          "runAfter": {
            "Workflow": [
              "Succeeded"
            ]
          },
          "metadata": {
            "operationMetadataId": "6b6692d8-b4b0-46c6-9cd4-1b0886fd1d53"
          },
          "type": "Query",
          "inputs": {
            "from": "@outputs('FlowErrorData')",
            "where": "@equals(toUpper(item()?['status']), 'FAILED')"
          }
        },
        "Apply_to_each": {
          "foreach": "@body('Filter_array_-_Failed_actions')",
          "actions": {
            "ErrorDetail": {
              "runAfter": {},
              "metadata": {
                "operationMetadataId": "aee79655-6c83-4874-b859-9440802b236f"
              },
              "type": "Compose",
              "inputs": {
                "FlowRunUrl": "https://emea.flow.microsoft.com/manage/environments/@{outputs('Workflow')?['tags']?['environmentname']}/flows/@{outputs('Workflow')?['name']}/runs/@{outputs('Workflow')?['run']?['name']}",
                "ActionName": "",
                "ErrorStatus": "",
                "ErrorCode": "",
                "ErrorDescription": "",
                "TrackingId": "@{item()?['trackingId']}",
                "FlowName": "@{outputs('Workflow')?['tags']['flowDisplayName']}",
                "Severity": 4
              }
            },
            "Create_item_-_BPM_Toolkit_Error_Log": {
              "runAfter": {
                "ErrorDetail": [
                  "Succeeded"
                ]
              },
              "metadata": {
                "operationMetadataId": "995e9d76-35c4-4b0d-bda4-b55a6b2311d2"
              },
              "type": "OpenApiConnection",
              "inputs": {
                "host": {
                  "connectionName": "shared_sharepointonline_1",
                  "operationId": "PostItem",
                  "apiId": "/providers/Microsoft.PowerApps/apis/shared_sharepointonline"
                },
                "parameters": {
                  "dataset": "@parameters('BPM Site (cr93e_BPMSite)')",
                  "table": "@parameters('BPM Error Log (cr93e_BPMErrorLog)')",
                  "item/Title": "@outputs('Workflow')?['tags']['flowDisplayName']",
                  "item/Severity": "Error",
                  "item/FlowRun": "\"https://emea.flow.microsoft.com/manage/environments/@{outputs('Workflow')?['tags']?['environmentname']}/flows/@{outputs('Workflow')?['name']}/runs/@{outputs('Workflow')?['run']?['name']}\"",
                  "item/Details": "Action Name: @{item()?['name']} Error status: @{item()?['status']} Error description: @{item()?['error']?['Message']}",
                  "item/CaseID": "@triggerBody()['text_2']"
                },
                "authentication": {
                  "type": "Raw",
                  "value": "@json(decodeBase64(triggerOutputs().headers['X-MS-APIM-Tokens']))['$ConnectionKey']"
                }
              }
            }
          },
          "runAfter": {
            "Filter_array_-_Failed_actions": [
              "Succeeded"
            ]
          },
          "metadata": {
            "operationMetadataId": "e495778a-a020-4f28-9ba4-d996cb29f409"
          },
          "type": "Foreach"
        },
        "Workflow": {
          "runAfter": {
            "FlowErrorData": [
              "Succeeded"
            ]
          },
          "metadata": {
            "operationMetadataId": "15d697b9-6b87-4d37-9f24-ad3d7254c185"
          },
          "type": "Compose",
          "inputs": "@json(triggerBody()['text_1'])"
        }
      },
      "outputs": {}
    }
  },
  "schemaVersion": "1.0.0.0"
}