{
  "properties": {
    "connectionReferences": {
      "shared_sharepointonline_1": {
        "runtimeSource": "embedded",
        "connection": {
          "connectionReferenceLogicalName": "cr93e_BPMToolkitSPConnectionref3"
        },
        "api": {
          "name": "shared_sharepointonline"
        }
      }
    },
    "definition": {
      "$schema": "https://schema.management.azure.com/providers/Microsoft.Logic/schemas/2016-06-01/workflowdefinition.json#",
      "contentVersion": "1.0.0.0",
      "parameters": {
        "$connections": {
          "defaultValue": {},
          "type": "Object"
        },
        "$authentication": {
          "defaultValue": {},
          "type": "SecureObject"
        },
        "BPM Site (cr93e_BPMSite)": {
          "defaultValue": "https://eurocontrol.sharepoint.com/sites/HRSADEV",
          "type": "String",
          "metadata": {
            "schemaName": "cr93e_BPMSite"
          }
        },
        "BPM Case Lifecycle (cr93e_BPMCaseLifecycle)": {
          "defaultValue": "f3de391d-6402-4616-9078-14cf2ca00a7d",
          "type": "String",
          "metadata": {
            "schemaName": "cr93e_BPMCaseLifecycle"
          }
        }
      },
      "staticResults": {
        "Update_item_-_Case_Lifecycle_-_New_delegation0": {
          "status": "Succeeded",
          "outputs": {
            "statusCode": "OK",
            "headers": {}
          }
        }
      },
      "triggers": {
        "Recurrence": {
          "recurrence": {
            "frequency": "Hour",
            "interval": 1
          },
          "metadata": {
            "operationMetadataId": "6c90e0b3-5d34-4429-881f-1d8eeaedcba3"
          },
          "type": "Recurrence",
          "conditions": []
        }
      },
      "actions": {
        "Apply_to_each": {
          "foreach": "@outputs('Get_items_-_Lifecyle_-_Waiting_step_')?['body/value']",
          "actions": {
            "CaseLifecycleId": {
              "runAfter": {},
              "metadata": {
                "operationMetadataId": "202b3af1-c835-4960-a3e4-fdf5ea04f661"
              },
              "type": "Compose",
              "inputs": "@items('Apply_to_each')?['ID']"
            },
            "Check_if_the_task_is_already_delegated": {
              "actions": {
                "Run_a_Child_Flow_-_GetDelegation_v2_-_Of_Original_Actor": {
                  "runAfter": {},
                  "metadata": {
                    "operationMetadataId": "07a0e694-9684-4cd2-acfb-1695ac6e42f3"
                  },
                  "type": "Workflow",
                  "inputs": {
                    "host": {
                      "workflowReferenceName": "57c9a2f4-b21d-eb11-a813-000d3ab8f989"
                    },
                    "body": {
                      "text": "@items('Apply_to_each')?['DelegatedFrom']"
                    }
                  }
                },
                "Switch_Action": {
                  "runAfter": {
                    "Run_a_Child_Flow_-_GetDelegation_v2_-_Of_Original_Actor": [
                      "Succeeded"
                    ]
                  },
                  "cases": {
                    "Delegate_the_Task": {
                      "case": "Start",
                      "actions": {
                        "Update_item_-_Case_Lifecycle_-_New_delegation": {
                          "runAfter": {},
                          "type": "OpenApiConnection",
                          "inputs": {
                            "host": {
                              "connectionName": "shared_sharepointonline_1",
                              "operationId": "PatchItem",
                              "apiId": "/providers/Microsoft.PowerApps/apis/shared_sharepointonline"
                            },
                            "parameters": {
                              "dataset": "@parameters('BPM Site (cr93e_BPMSite)')",
                              "table": "@parameters('BPM Case Lifecycle (cr93e_BPMCaseLifecycle)')",
                              "id": "@items('Apply_to_each')?['ID']",
                              "item/Actor": "@outputs('Run_a_Child_Flow_-_GetDelegation_v2_-_Of_Original_Actor')?['Body']?['touser']",
                              "item/DelegatedFrom": "@items('Apply_to_each')?['Actor']",
                              "item/StepVisibleByEndUser": "YES"
                            },
                            "authentication": "@parameters('$authentication')"
                          },
                          "runtimeConfiguration": {
                            "staticResult": {
                              "staticResultOptions": "Enabled",
                              "name": "Update_item_-_Case_Lifecycle_-_New_delegation0"
                            }
                          }
                        }
                      }
                    },
                    "Do_Nothing": {
                      "case": "DoNothing",
                      "actions": {}
                    },
                    "Stop_the_current_delegation": {
                      "case": "Stop",
                      "actions": {
                        "Update_item_-_Case_Lifecycle_-_Stop_delegation_delegation_": {
                          "runAfter": {},
                          "type": "OpenApiConnection",
                          "inputs": {
                            "host": {
                              "connectionName": "shared_sharepointonline_1",
                              "operationId": "PatchItem",
                              "apiId": "/providers/Microsoft.PowerApps/apis/shared_sharepointonline"
                            },
                            "parameters": {
                              "dataset": "@parameters('BPM Site (cr93e_BPMSite)')",
                              "table": "@parameters('BPM Case Lifecycle (cr93e_BPMCaseLifecycle)')",
                              "id": "@items('Apply_to_each')?['ID']",
                              "item/Actor": "@outputs('OriginalActor')",
                              "item/DelegatedFrom": "@string('')",
                              "item/StepVisibleByEndUser": "YES"
                            },
                            "authentication": "@parameters('$authentication')"
                          }
                        }
                      }
                    },
                    "Stop_the_current_delegation_": {
                      "case": "NoDelegation",
                      "actions": {
                        "Update_item_-_Case_Lifecycle_-_Stop_delegation_delegation__": {
                          "runAfter": {},
                          "type": "OpenApiConnection",
                          "inputs": {
                            "host": {
                              "connectionName": "shared_sharepointonline_1",
                              "operationId": "PatchItem",
                              "apiId": "/providers/Microsoft.PowerApps/apis/shared_sharepointonline"
                            },
                            "parameters": {
                              "dataset": "@parameters('BPM Site (cr93e_BPMSite)')",
                              "table": "@parameters('BPM Case Lifecycle (cr93e_BPMCaseLifecycle)')",
                              "id": "@items('Apply_to_each')?['ID']",
                              "item/Actor": "@outputs('OriginalActor')",
                              "item/DelegatedFrom": "@string('')",
                              "item/StepVisibleByEndUser": "YES"
                            },
                            "authentication": "@parameters('$authentication')"
                          },
                          "description": "We don't find the delegation anymore, it has been removed, so we must removed it from the tasks"
                        }
                      }
                    }
                  },
                  "default": {
                    "actions": {}
                  },
                  "expression": "@outputs('Run_a_Child_Flow_-_GetDelegation_v2_-_Of_Original_Actor')?['Body']?['action']",
                  "metadata": {
                    "operationMetadataId": "c804e5c8-4238-4122-ba65-c42df3d2cf62"
                  },
                  "type": "Switch"
                }
              },
              "runAfter": {
                "OriginalActor": [
                  "Succeeded"
                ]
              },
              "else": {
                "actions": {
                  "Run_a_Child_Flow_-_GetDelegation_v2_Of_Actor": {
                    "runAfter": {},
                    "metadata": {
                      "operationMetadataId": "a3abaa9e-e605-4611-8894-e5da45ee0f32"
                    },
                    "type": "Workflow",
                    "inputs": {
                      "host": {
                        "workflowReferenceName": "57c9a2f4-b21d-eb11-a813-000d3ab8f989"
                      },
                      "body": {
                        "text": "@items('Apply_to_each')?['Actor']"
                      }
                    }
                  },
                  "Switch_Action__": {
                    "runAfter": {
                      "Run_a_Child_Flow_-_GetDelegation_v2_Of_Actor": [
                        "Succeeded"
                      ]
                    },
                    "cases": {
                      "Stop": {
                        "case": "Stop",
                        "actions": {}
                      },
                      "DoNothing": {
                        "case": "DoNothing",
                        "actions": {}
                      },
                      "NoDelegation": {
                        "case": "NoDelegation",
                        "actions": {}
                      },
                      "Delegate_the_Task": {
                        "case": "Start",
                        "actions": {
                          "Update_item_-_Delegate_to_New_Actor___": {
                            "runAfter": {},
                            "type": "OpenApiConnection",
                            "inputs": {
                              "host": {
                                "connectionName": "shared_sharepointonline_1",
                                "operationId": "PatchItem",
                                "apiId": "/providers/Microsoft.PowerApps/apis/shared_sharepointonline"
                              },
                              "parameters": {
                                "dataset": "@parameters('BPM Site (cr93e_BPMSite)')",
                                "table": "@parameters('BPM Case Lifecycle (cr93e_BPMCaseLifecycle)')",
                                "id": "@items('Apply_to_each')?['ID']",
                                "item/Actor": "@outputs('Run_a_Child_Flow_-_GetDelegation_v2_Of_Actor')?['Body']?['touser']",
                                "item/DelegatedFrom": "@outputs('Actor')",
                                "item/StepVisibleByEndUser": "YES"
                              },
                              "authentication": "@parameters('$authentication')"
                            }
                          },
                          "Run_a_Child_Flow_-_Secure_the_Step_for_the_new_Actor": {
                            "runAfter": {
                              "Update_item_-_Delegate_to_New_Actor___": [
                                "Succeeded"
                              ]
                            },
                            "type": "Workflow",
                            "inputs": {
                              "host": {
                                "workflowReferenceName": "1062f234-10b6-ea11-a812-000d3a45b556"
                              },
                              "body": {
                                "text": "@items('Apply_to_each')?['CaseID']",
                                "text_1": "@string(item()?['Step'])",
                                "text_2": "@items('Apply_to_each')?['SubmittedBy']",
                                "text_3": "@outputs('Run_a_Child_Flow_-_GetDelegation_v2_Of_Actor')?['Body']?['touser']"
                              }
                            }
                          }
                        }
                      }
                    },
                    "default": {
                      "actions": {}
                    },
                    "expression": "@outputs('Run_a_Child_Flow_-_GetDelegation_v2_Of_Actor')?['Body']?['action']",
                    "metadata": {
                      "operationMetadataId": "8488a05e-b2aa-49ae-93f2-61a31b24812b"
                    },
                    "type": "Switch"
                  }
                }
              },
              "expression": {
                "greater": [
                  "@length(coalesce(item()?['DelegatedFrom'],''))",
                  0
                ]
              },
              "metadata": {
                "operationMetadataId": "d68388ff-abec-403f-a68d-f6f42d973fde"
              },
              "type": "If"
            },
            "Actor": {
              "runAfter": {
                "CaseLifecycleId": [
                  "Succeeded"
                ]
              },
              "metadata": {
                "operationMetadataId": "2d6c442d-5bec-4b88-9e6c-e48fb1b8293d"
              },
              "type": "Compose",
              "inputs": "@items('Apply_to_each')?['Actor']"
            },
            "OriginalActor": {
              "runAfter": {
                "Actor": [
                  "Succeeded"
                ]
              },
              "metadata": {
                "operationMetadataId": "c5a9ec43-b408-493b-bfcf-e766ffed80af"
              },
              "type": "Compose",
              "inputs": "@items('Apply_to_each')?['DelegatedFrom']"
            }
          },
          "runAfter": {
            "Get_items_-_Lifecyle_-_Waiting_step_": [
              "Succeeded"
            ]
          },
          "metadata": {
            "operationMetadataId": "c40a05d9-3ecc-4117-9ff8-87b859c1d023"
          },
          "type": "Foreach"
        },
        "Get_items_-_Lifecyle_-_Waiting_step_": {
          "runAfter": {},
          "metadata": {
            "operationMetadataId": "5b1cdf48-b25a-4101-89f6-f5e0aa446302"
          },
          "type": "OpenApiConnection",
          "inputs": {
            "host": {
              "connectionName": "shared_sharepointonline_1",
              "operationId": "GetItems",
              "apiId": "/providers/Microsoft.PowerApps/apis/shared_sharepointonline"
            },
            "parameters": {
              "dataset": "@parameters('BPM Site (cr93e_BPMSite)')",
              "table": "@parameters('BPM Case Lifecycle (cr93e_BPMCaseLifecycle)')",
              "$filter": "Status eq 'Waiting' and substringof('@', Actor) "
            },
            "authentication": "@parameters('$authentication')"
          },
          "runtimeConfiguration": {
            "paginationPolicy": {
              "minimumItemCount": 2000
            }
          }
        }
      },
      "outputs": {}
    }
  },
  "schemaVersion": "1.0.0.0"
}