{
  "properties": {
    "connectionReferences": {
      "shared_commondataserviceforapps": {
        "runtimeSource": "embedded",
        "connection": {
          "connectionReferenceLogicalName": "new_sharedcommondataserviceforapps_10120"
        },
        "api": {
          "name": "shared_commondataserviceforapps"
        }
      }
    },
    "definition": {
      "$schema": "https://schema.management.azure.com/providers/Microsoft.Logic/schemas/2016-06-01/workflowdefinition.json#",
      "contentVersion": "1.0.0.0",
      "parameters": {
        "$connections": {
          "defaultValue": {},
          "type": "Object"
        },
        "$authentication": {
          "defaultValue": {},
          "type": "SecureObject"
        }
      },
      "triggers": {
        "manual": {
          "metadata": {
            "operationMetadataId": "ae41ec22-9e01-4acb-8d8f-37bb14871cc9"
          },
          "type": "Request",
          "kind": "Button",
          "inputs": {
            "schema": {
              "type": "object",
              "properties": {
                "text": {
                  "title": "CaseID",
                  "type": "string",
                  "x-ms-dynamically-added": true,
                  "description": "Please enter your input",
                  "x-ms-content-hint": "TEXT"
                }
              },
              "required": [
                "text"
              ]
            }
          }
        }
      },
      "actions": {
        "Respond_to_a_PowerApp_or_flow": {
          "runAfter": {
            "Catch": [
              "Succeeded",
              "Failed",
              "Skipped",
              "TimedOut"
            ]
          },
          "metadata": {
            "operationMetadataId": "7190737e-da2b-4054-9591-f2c8398cab8c"
          },
          "type": "Response",
          "kind": "PowerApp",
          "inputs": {
            "statusCode": 200,
            "body": {},
            "schema": {
              "type": "object",
              "properties": {}
            }
          }
        },
        "Try": {
          "actions": {
            "List_rows_-_Archive_BPM_Toolkit_Case": {
              "runAfter": {},
              "metadata": {
                "operationMetadataId": "47bbbb88-b961-46ab-939c-9a65cab4dbce"
              },
              "type": "OpenApiConnection",
              "inputs": {
                "host": {
                  "connectionName": "shared_commondataserviceforapps",
                  "operationId": "ListRecords",
                  "apiId": "/providers/Microsoft.PowerApps/apis/shared_commondataserviceforapps"
                },
                "parameters": {
                  "entityName": "cr93e_archivebpmtoolkitcaseses",
                  "$filter": "cr93e_caseid eq '@{outputs('CaseID')}'"
                },
                "authentication": "@parameters('$authentication')"
              }
            },
            "Apply_to_each": {
              "foreach": "@outputs('List_rows_-_Archive_BPM_Toolkit_Case')?['body/value']",
              "actions": {
                "Add_a_new_row_-_Archived_BPM_Toolkit_purgeds": {
                  "runAfter": {},
                  "metadata": {
                    "operationMetadataId": "94bcabc3-8f06-4b7d-90c5-0b26077f01f0"
                  },
                  "type": "OpenApiConnection",
                  "inputs": {
                    "host": {
                      "connectionName": "shared_commondataserviceforapps",
                      "operationId": "CreateRecord",
                      "apiId": "/providers/Microsoft.PowerApps/apis/shared_commondataserviceforapps"
                    },
                    "parameters": {
                      "entityName": "crd97_archivebpmtoolkitcasespurgeds",
                      "item/crd97_caseid": "@outputs('CaseID')"
                    },
                    "authentication": "@parameters('$authentication')"
                  }
                },
                "List_rows_-_Archived_BPM_Toolkit_Case_Lifecycle": {
                  "runAfter": {
                    "Add_a_new_row_-_Archived_BPM_Toolkit_purgeds": [
                      "Succeeded"
                    ]
                  },
                  "metadata": {
                    "operationMetadataId": "bb91ff34-8ee7-4f0f-9aea-6ab23b9b2162"
                  },
                  "type": "OpenApiConnection",
                  "inputs": {
                    "host": {
                      "connectionName": "shared_commondataserviceforapps",
                      "operationId": "ListRecords",
                      "apiId": "/providers/Microsoft.PowerApps/apis/shared_commondataserviceforapps"
                    },
                    "parameters": {
                      "entityName": "cr93e_archivebpmtoolkitcaselifecycles",
                      "$filter": "cr93e_name eq '@{outputs('CaseID')}'"
                    },
                    "authentication": "@parameters('$authentication')"
                  }
                },
                "Apply_to_each_Archived_BPM_Toolkit_Case_Lifecycle": {
                  "foreach": "@outputs('List_rows_-_Archived_BPM_Toolkit_Case_Lifecycle')?['body/value']",
                  "actions": {
                    "Delete_a_row__-_Archived_BPM_Toolkit_Case_Lifecycle": {
                      "runAfter": {},
                      "metadata": {
                        "operationMetadataId": "7264d0e9-cd0d-4cdb-80f6-17b5b32986d8"
                      },
                      "type": "OpenApiConnection",
                      "inputs": {
                        "host": {
                          "connectionName": "shared_commondataserviceforapps",
                          "operationId": "DeleteRecord",
                          "apiId": "/providers/Microsoft.PowerApps/apis/shared_commondataserviceforapps"
                        },
                        "parameters": {
                          "entityName": "cr93e_archivebpmtoolkitcaselifecycles",
                          "recordId": "@items('Apply_to_each_Archived_BPM_Toolkit_Case_Lifecycle')?['cr93e_archivebpmtoolkitcaselifecycleid']"
                        },
                        "authentication": "@parameters('$authentication')"
                      }
                    }
                  },
                  "runAfter": {
                    "List_rows_-_Archived_BPM_Toolkit_Case_Lifecycle": [
                      "Succeeded"
                    ]
                  },
                  "metadata": {
                    "operationMetadataId": "7325e945-d54a-4939-a78c-233d022895db"
                  },
                  "type": "Foreach"
                },
                "Delete_a_row_-_Archive_BPM_Toolkit_Cases": {
                  "runAfter": {
                    "Apply_to_each_Archived_BPM_Toolkit_Case_Lifecycle": [
                      "Succeeded"
                    ]
                  },
                  "metadata": {
                    "operationMetadataId": "b5d3c02e-2bda-4899-a5c0-b7a9e1e0d917"
                  },
                  "type": "OpenApiConnection",
                  "inputs": {
                    "host": {
                      "connectionName": "shared_commondataserviceforapps",
                      "operationId": "DeleteRecord",
                      "apiId": "/providers/Microsoft.PowerApps/apis/shared_commondataserviceforapps"
                    },
                    "parameters": {
                      "entityName": "cr93e_archivebpmtoolkitcaseses",
                      "recordId": "@items('Apply_to_each')?['cr93e_archivebpmtoolkitcasesid']"
                    },
                    "authentication": "@parameters('$authentication')"
                  }
                }
              },
              "runAfter": {
                "List_rows_-_Archive_BPM_Toolkit_Case": [
                  "Succeeded"
                ]
              },
              "metadata": {
                "operationMetadataId": "c02a680b-59f7-4047-8346-70fd65eb307b"
              },
              "type": "Foreach"
            }
          },
          "runAfter": {
            "CaseID": [
              "Succeeded"
            ]
          },
          "metadata": {
            "operationMetadataId": "33dab969-212e-48ec-a6b0-f9e2e0b88d85"
          },
          "type": "Scope"
        },
        "Catch": {
          "actions": {
            "Run_a_Child_Flow_-_BPM_Toolkit_-_Log_Flow_error": {
              "runAfter": {},
              "metadata": {
                "operationMetadataId": "454c0d24-910e-41a0-bcda-c923c1300767"
              },
              "type": "Workflow",
              "inputs": {
                "host": {
                  "workflowReferenceName": "01389840-615e-eb11-a812-0022489c791b"
                },
                "body": {
                  "text": "@string(result('Try'))",
                  "text_1": "@string(workflow())",
                  "text_2": "@triggerBody()['text']"
                }
              }
            }
          },
          "runAfter": {
            "Try": [
              "Failed",
              "Skipped",
              "TimedOut"
            ]
          },
          "metadata": {
            "operationMetadataId": "53f95154-0214-4096-8892-63b527382a98"
          },
          "type": "Scope"
        },
        "CaseID": {
          "runAfter": {},
          "metadata": {
            "operationMetadataId": "3c7ca5c4-6da3-43a9-b062-fbb3321fd7b8"
          },
          "type": "Compose",
          "inputs": "@triggerBody()['text']"
        }
      },
      "outputs": {}
    }
  },
  "schemaVersion": "1.0.0.0"
}