{
  "properties": {
    "connectionReferences": {
      "shared_sharepointonline": {
        "runtimeSource": "embedded",
        "connection": {
          "connectionReferenceLogicalName": "cr93e_BPMToolkitSPConnectionref3"
        },
        "api": {
          "name": "shared_sharepointonline"
        }
      },
      "shared_office365": {
        "runtimeSource": "embedded",
        "connection": {
          "connectionReferenceLogicalName": "cr93e_BPMToolkitOutlookConnectionref"
        },
        "api": {
          "name": "shared_office365"
        }
      }
    },
    "definition": {
      "$schema": "https://schema.management.azure.com/providers/Microsoft.Logic/schemas/2016-06-01/workflowdefinition.json#",
      "contentVersion": "1.0.0.0",
      "parameters": {
        "$connections": {
          "defaultValue": {},
          "type": "Object"
        },
        "$authentication": {
          "defaultValue": {},
          "type": "SecureObject"
        },
        "BPM Site (cr93e_BPMSite)": {
          "defaultValue": "https://eurocontrol.sharepoint.com/sites/HRSADEV",
          "type": "String",
          "metadata": {
            "schemaName": "cr93e_BPMSite"
          }
        }
      },
      "triggers": {
        "manual": {
          "metadata": {
            "operationMetadataId": "6535af13-639d-45cf-9325-f819b6fe2d70"
          },
          "type": "Request",
          "kind": "Button",
          "inputs": {
            "schema": {
              "type": "object",
              "properties": {
                "text": {
                  "title": "FormData",
                  "type": "string",
                  "x-ms-dynamically-added": true,
                  "description": "Please enter your input",
                  "x-ms-content-hint": "TEXT"
                },
                "text_1": {
                  "title": "Attachments",
                  "type": "string",
                  "x-ms-dynamically-added": true,
                  "description": "Please enter your input",
                  "x-ms-content-hint": "TEXT"
                },
                "text_2": {
                  "title": "SendNotificationYesNo",
                  "type": "string",
                  "x-ms-dynamically-added": true,
                  "description": "Please enter your input",
                  "x-ms-content-hint": "TEXT"
                }
              },
              "required": [
                "text",
                "text_2"
              ]
            }
          }
        }
      },
      "actions": {
        "Respond_to_a_PowerApp_or_flow": {
          "runAfter": {
            "Initialize_variable_newCaseID": [
              "Succeeded"
            ]
          },
          "metadata": {
            "operationMetadataId": "0a028ade-fb3b-4338-85ef-2e2473cf4536"
          },
          "type": "Response",
          "kind": "PowerApp",
          "inputs": {
            "statusCode": 200,
            "body": {
              "responsecode": "200",
              "responsemessage": " "
            },
            "schema": {
              "type": "object",
              "properties": {
                "responsecode": {
                  "title": "ResponseCode",
                  "x-ms-dynamically-added": true,
                  "type": "string"
                },
                "responsemessage": {
                  "title": "ResponseMessage",
                  "x-ms-dynamically-added": true,
                  "type": "string"
                }
              }
            }
          }
        },
        "FormData": {
          "runAfter": {},
          "metadata": {
            "operationMetadataId": "294a2b77-8b54-4b5e-b0c9-178f54a1684e"
          },
          "type": "Compose",
          "inputs": "@triggerBody()['text']",
          "description": "Request info coming from the Power Apps form"
        },
        "Parse_JSON_-_Case_Info": {
          "runAfter": {
            "SendNotificationYesNo": [
              "Succeeded"
            ]
          },
          "metadata": {
            "operationMetadataId": "048f0a5d-4359-43e8-bcc7-c756decd32da"
          },
          "type": "ParseJson",
          "inputs": {
            "content": "@outputs('FormData')",
            "schema": {
              "type": "object",
              "properties": {
                "OnBehalfOf": {},
                "RequestType": {},
                "Submitter": {},
                "CaseID": {},
                "CaseSubmissionStatus": {},
                "CaseDescr": {},
                "Actors": {}
              }
            }
          }
        },
        "CleanDataForDB": {
          "runAfter": {
            "Parse_JSON_-_Case_Info": [
              "Succeeded"
            ]
          },
          "metadata": {
            "operationMetadataId": "4a6528ef-b563-4570-bea3-ff05156f8e56"
          },
          "type": "Compose",
          "inputs": "@removeProperty(json(outputs('FormData')), 'CaseDescr')"
        },
        "Initialize_variable_newCaseID": {
          "runAfter": {
            "CleanDataForDB": [
              "Succeeded"
            ]
          },
          "metadata": {
            "operationMetadataId": "83de56b8-a3fe-43a1-80d1-8e7a0b433e88"
          },
          "type": "InitializeVariable",
          "inputs": {
            "variables": [
              {
                "name": "newCaseID",
                "type": "string"
              }
            ]
          }
        },
        "Attachments": {
          "runAfter": {
            "FormData": [
              "Succeeded"
            ]
          },
          "metadata": {
            "operationMetadataId": "8924d35c-b4c6-456c-90e6-e3123e30e221"
          },
          "type": "Compose",
          "inputs": "@triggerBody()?['text_1']"
        },
        "Try": {
          "actions": {
            "Run_a_Child_Flow_-_Get_Case_Type_Parameters": {
              "runAfter": {},
              "metadata": {
                "operationMetadataId": "ceafc8fa-963e-4148-9f72-2cfd145f0c9a"
              },
              "type": "Workflow",
              "inputs": {
                "host": {
                  "workflowReferenceName": "cdb0f698-2e4b-eb11-a812-000d3abee2a0"
                },
                "body": {
                  "text": "@body('Parse_JSON_-_Case_Info')?['RequestType']"
                }
              }
            },
            "If_Case_does_not_exist_": {
              "actions": {
                "Create_item_-_blank_request": {
                  "runAfter": {},
                  "metadata": {
                    "operationMetadataId": "19db6421-81b8-46b1-b8c9-9b2104930a46"
                  },
                  "type": "OpenApiConnection",
                  "inputs": {
                    "host": {
                      "connectionName": "shared_sharepointonline",
                      "operationId": "PostItem",
                      "apiId": "/providers/Microsoft.PowerApps/apis/shared_sharepointonline"
                    },
                    "parameters": {
                      "dataset": "@parameters('BPM Site (cr93e_BPMSite)')",
                      "table": "@outputs('Run_a_Child_Flow_-_Get_Case_Type_Parameters')?['Body']?['requestlistguid']",
                      "item": {
                        "Title": ""
                      }
                    },
                    "authentication": {
                      "type": "Raw",
                      "value": "@json(decodeBase64(triggerOutputs().headers['X-MS-APIM-Tokens']))['$ConnectionKey']"
                    }
                  }
                },
                "Update_item_-_Fill_in_the_blank_request": {
                  "runAfter": {
                    "Run_a_Child_Flow_-_Secure_the_request": [
                      "Succeeded"
                    ]
                  },
                  "metadata": {
                    "operationMetadataId": "ba713a05-48c1-4ec9-99b7-ac5f22ae9bd2"
                  },
                  "type": "OpenApiConnection",
                  "inputs": {
                    "host": {
                      "connectionName": "shared_sharepointonline",
                      "operationId": "PatchItem",
                      "apiId": "/providers/Microsoft.PowerApps/apis/shared_sharepointonline"
                    },
                    "parameters": {
                      "dataset": "@parameters('BPM Site (cr93e_BPMSite)')",
                      "table": "@outputs('Run_a_Child_Flow_-_Get_Case_Type_Parameters')?['Body']?['requestlistguid']",
                      "id": "@string(outputs('Create_item_-_blank_request')?['body/ID'])",
                      "item": "@outputs('CleanDataForDB')"
                    },
                    "authentication": {
                      "type": "Raw",
                      "value": "@json(decodeBase64(triggerOutputs().headers['X-MS-APIM-Tokens']))['$ConnectionKey']"
                    }
                  }
                },
                "Run_a_Child_Flow_-_Secure_the_request": {
                  "runAfter": {
                    "Create_item_-_blank_request": [
                      "Succeeded"
                    ]
                  },
                  "metadata": {
                    "operationMetadataId": "f7e2f290-ea97-4f1f-aade-57e00a3cd1ce"
                  },
                  "type": "Workflow",
                  "inputs": {
                    "host": {
                      "workflowReferenceName": "7100a1db-c151-eb11-a812-000d3a29865f"
                    },
                    "body": {
                      "text": "@body('Parse_JSON_-_Case_Info')?['RequestType']",
                      "text_1": "@string(outputs('Create_item_-_blank_request')?['body/ID'])",
                      "text_2": "@body('Parse_JSON_-_Case_Info')?['OnBehalfOf']",
                      "text_3": "@body('Parse_JSON_-_Case_Info')?['Submitter']"
                    }
                  }
                },
                "Run_a_Child_Flow_-_Create_the_Case": {
                  "runAfter": {
                    "Update_item_-_Fill_in_the_blank_request": [
                      "Succeeded"
                    ]
                  },
                  "metadata": {
                    "operationMetadataId": "90b2e3a0-9a83-4f53-802c-1439fdc07f06"
                  },
                  "type": "Workflow",
                  "inputs": {
                    "host": {
                      "workflowReferenceName": "2bafd465-ddc4-ea11-a813-000d3a4a1f88"
                    },
                    "body": {
                      "text_2": "@body('Parse_JSON_-_Case_Info')?['OnBehalfOf']",
                      "text_3": "@body('Parse_JSON_-_Case_Info')?['Submitter']",
                      "text_4": "@body('Parse_JSON_-_Case_Info')?['CaseDescr']",
                      "text_5": "@body('Parse_JSON_-_Case_Info')?['RequestType']",
                      "text": "@body('Parse_JSON_-_Case_Info')?['CaseSubmissionStatus']",
                      "text_1": "@string(outputs('Create_item_-_blank_request')?['body/ID'])",
                      "text_7": "@if(equals(body('Parse_JSON_-_Case_Info')?['Actors'],null),'',body('Parse_JSON_-_Case_Info')?['Actors'])"
                    }
                  }
                },
                "Set_variable_newCaseID": {
                  "runAfter": {
                    "Run_a_Child_Flow_-_Secure_Case": [
                      "Succeeded"
                    ]
                  },
                  "metadata": {
                    "operationMetadataId": "b4bca6fb-5d0e-4d05-a649-f39efbdc696f"
                  },
                  "type": "SetVariable",
                  "inputs": {
                    "name": "newCaseID",
                    "value": "@outputs('Run_a_Child_Flow_-_Create_the_Case')?['Body']?['newcaseid']"
                  }
                },
                "Run_a_Child_Flow_-_Secure_Case": {
                  "runAfter": {
                    "Run_a_Child_Flow_-_Create_the_Case": [
                      "Succeeded"
                    ]
                  },
                  "metadata": {
                    "operationMetadataId": "7a3b341a-6d99-4724-b342-77069b5ab76f"
                  },
                  "type": "Workflow",
                  "inputs": {
                    "host": {
                      "workflowReferenceName": "ac7c448e-5eb2-ea11-a812-000d3abbae2c"
                    },
                    "body": {
                      "text": "@outputs('Run_a_Child_Flow_-_Create_the_Case')?['Body']?['newcaseid']",
                      "boolean": false
                    }
                  }
                },
                "Check_If_attachments": {
                  "actions": {
                    "Run_a_Child_Flow_-_Submit_Attachments": {
                      "runAfter": {},
                      "metadata": {
                        "operationMetadataId": "d9f32ab3-81ec-4392-9f63-eb6b8ad0cf15"
                      },
                      "type": "Workflow",
                      "inputs": {
                        "host": {
                          "workflowReferenceName": "b55bd7d8-e2c4-ea11-a813-000d3a4a1f88"
                        },
                        "body": {
                          "text": "@outputs('Attachments')",
                          "text_1": "@variables('newCaseID')"
                        }
                      }
                    }
                  },
                  "runAfter": {
                    "Set_variable_newCaseID": [
                      "Succeeded"
                    ]
                  },
                  "expression": {
                    "greater": [
                      "@length(outputs('Attachments'))",
                      2
                    ]
                  },
                  "metadata": {
                    "operationMetadataId": "5fd5375e-5a50-4b4d-9996-02fbc6c66932"
                  },
                  "type": "If"
                }
              },
              "runAfter": {
                "Run_a_Child_Flow_-_Get_Case_Type_Parameters": [
                  "Succeeded"
                ]
              },
              "else": {
                "actions": {
                  "Get_items_-_get_existing_request": {
                    "runAfter": {},
                    "metadata": {
                      "operationMetadataId": "942a76bb-78b7-4135-af9f-388d87b95cb3"
                    },
                    "type": "OpenApiConnection",
                    "inputs": {
                      "host": {
                        "connectionName": "shared_sharepointonline",
                        "operationId": "GetItems",
                        "apiId": "/providers/Microsoft.PowerApps/apis/shared_sharepointonline"
                      },
                      "parameters": {
                        "dataset": "@parameters('BPM Site (cr93e_BPMSite)')",
                        "table": "@outputs('Run_a_Child_Flow_-_Get_Case_Type_Parameters')?['Body']?['requestlistguid']",
                        "$filter": "CaseID eq '@{body('Parse_JSON_-_Case_Info')?['CaseID']}'"
                      },
                      "authentication": {
                        "type": "Raw",
                        "value": "@json(decodeBase64(triggerOutputs().headers['X-MS-APIM-Tokens']))['$ConnectionKey']"
                      }
                    }
                  },
                  "Apply_to_each": {
                    "foreach": "@outputs('Get_items_-_get_existing_request')?['body/value']",
                    "actions": {
                      "Update_item_-_existing_request": {
                        "runAfter": {},
                        "metadata": {
                          "operationMetadataId": "0aee9c84-d302-4a95-b25d-cbf3efa85d64"
                        },
                        "type": "OpenApiConnection",
                        "inputs": {
                          "host": {
                            "connectionName": "shared_sharepointonline",
                            "operationId": "PatchItem",
                            "apiId": "/providers/Microsoft.PowerApps/apis/shared_sharepointonline"
                          },
                          "parameters": {
                            "dataset": "@parameters('BPM Site (cr93e_BPMSite)')",
                            "table": "@outputs('Run_a_Child_Flow_-_Get_Case_Type_Parameters')?['Body']?['requestlistguid']",
                            "id": "@string(item()?['ID'])",
                            "item": "@outputs('CleanDataForDB')"
                          },
                          "authentication": {
                            "type": "Raw",
                            "value": "@json(decodeBase64(triggerOutputs().headers['X-MS-APIM-Tokens']))['$ConnectionKey']"
                          }
                        }
                      }
                    },
                    "runAfter": {
                      "Get_items_-_get_existing_request": [
                        "Succeeded"
                      ]
                    },
                    "metadata": {
                      "operationMetadataId": "752a73ab-90f0-40f3-ad9f-edca600d1946"
                    },
                    "type": "Foreach"
                  },
                  "Run_a_Child_Flow_-_Update_Case_Status_and_Actors_": {
                    "runAfter": {
                      "Apply_to_each": [
                        "Succeeded"
                      ]
                    },
                    "metadata": {
                      "operationMetadataId": "66766e74-b700-4858-8ea9-16c92778674f"
                    },
                    "type": "Workflow",
                    "inputs": {
                      "host": {
                        "workflowReferenceName": "78faa821-b23a-eb11-a813-000d3aba6a10"
                      },
                      "body": {
                        "text": "@body('Parse_JSON_-_Case_Info')?['CaseID']",
                        "text_1": "@body('Parse_JSON_-_Case_Info')?['CaseSubmissionStatus']",
                        "text_2": "@if(equals(body('Parse_JSON_-_Case_Info')?['Actors'],null),'',body('Parse_JSON_-_Case_Info')?['Actors'])"
                      }
                    }
                  },
                  "Check_If_attachments_2": {
                    "actions": {
                      "Run_a_Child_Flow_-_Submit_Attachments_2": {
                        "runAfter": {},
                        "metadata": {
                          "operationMetadataId": "9e1b6ead-4bc6-4786-9e46-2e88d28bcd12"
                        },
                        "type": "Workflow",
                        "inputs": {
                          "host": {
                            "workflowReferenceName": "b55bd7d8-e2c4-ea11-a813-000d3a4a1f88"
                          },
                          "body": {
                            "text": "@outputs('Attachments')",
                            "text_1": "@body('Parse_JSON_-_Case_Info')?['CaseID']"
                          }
                        }
                      }
                    },
                    "runAfter": {
                      "Run_a_Child_Flow_-_Update_Case_Status_and_Actors_": [
                        "Succeeded"
                      ]
                    },
                    "expression": {
                      "greater": [
                        "@length(outputs('Attachments'))",
                        0
                      ]
                    },
                    "metadata": {
                      "operationMetadataId": "f2e54448-9b38-4aec-acad-dbf233171728"
                    },
                    "type": "If"
                  },
                  "Run_a_Child_Flow_-_BPM_Toolkit_-_ake_Request_Edit_or_Read_Only_-_read_here": {
                    "runAfter": {
                      "Check_If_attachments_2": [
                        "Succeeded"
                      ]
                    },
                    "metadata": {
                      "operationMetadataId": "9065bc7e-c905-48a0-8e14-72909dc24c63"
                    },
                    "type": "Workflow",
                    "inputs": {
                      "host": {
                        "workflowReferenceName": "dd226058-753d-ec11-8c63-0022489d0683"
                      },
                      "body": {
                        "text": "read",
                        "text_1": "@body('Parse_JSON_-_Case_Info')?['CaseID']"
                      }
                    }
                  }
                }
              },
              "expression": {
                "equals": [
                  "@empty(body('Parse_JSON_-_Case_Info')?['CaseID'])",
                  true
                ]
              },
              "metadata": {
                "operationMetadataId": "7b38cffc-ab2d-4ca1-9bd1-57c9a379128f"
              },
              "type": "If"
            },
            "Check_if_we_must_send_notification": {
              "actions": {
                "Check_if_request_is_final_or_draft": {
                  "actions": {
                    "Send_an_email_(V2)_-_Send_Final_notification_to_user": {
                      "runAfter": {},
                      "metadata": {
                        "operationMetadataId": "837cd717-3d39-42a8-a28f-4a4362325092"
                      },
                      "type": "OpenApiConnection",
                      "inputs": {
                        "host": {
                          "connectionName": "shared_office365",
                          "operationId": "SendEmailV2",
                          "apiId": "/providers/Microsoft.PowerApps/apis/shared_office365"
                        },
                        "parameters": {
                          "emailMessage/To": "@body('Parse_JSON_-_Case_Info')?['OnBehalfOf']",
                          "emailMessage/Subject": "Your request  @{variables('newCaseID')} has been submitted and will be processed",
                          "emailMessage/Body": "<p>Your request has been successfully submitted! ​<br>\n<br>\nAn email confirmation will follow.​<br>\n<br>\nYou may now close this window/browser.​<br>\n<br>\n<br>\nVotre demande a bien été soumise !​<br>\n<br>\nVous allez reçevoir une confirmation par courriel.​<br>\n<br>\nVous pouvez à present fermer cette fenêtre.</p>"
                        },
                        "authentication": {
                          "type": "Raw",
                          "value": "@json(decodeBase64(triggerOutputs().headers['X-MS-APIM-Tokens']))['$ConnectionKey']"
                        }
                      }
                    }
                  },
                  "runAfter": {},
                  "else": {
                    "actions": {
                      "Send_an_email_(V2)__-_Send_Draft_notification_to_user": {
                        "runAfter": {},
                        "metadata": {
                          "operationMetadataId": "d816f929-216a-4f5e-b32c-f0cb42231051"
                        },
                        "type": "OpenApiConnection",
                        "inputs": {
                          "host": {
                            "connectionName": "shared_office365",
                            "operationId": "SendEmailV2",
                            "apiId": "/providers/Microsoft.PowerApps/apis/shared_office365"
                          },
                          "parameters": {
                            "emailMessage/To": "@body('Parse_JSON_-_Case_Info')?['OnBehalfOf']",
                            "emailMessage/Subject": "You request  @{variables('newCaseID')} has been saved",
                            "emailMessage/Body": "<p>Your request has been successfully saved draft! ​<br>\n<br>\n​An email confirmation will follow explaining how to retrieve your eForm and update/submit it.​<br>\n<br>\n​You may now close this window/browser.<br>\n<br>\n<br>\nLe brouillon de votre demande a bien été enregistré !​<br>\n<br>\n​Vous allez reçevoir par courriel tous les details pour récupérer votre formulaire en vue de le modifier/soumettre.​<br>\n<br>\nVous pouvez à present fermer cette fenêtre.</p>"
                          },
                          "authentication": {
                            "type": "Raw",
                            "value": "@json(decodeBase64(triggerOutputs().headers['X-MS-APIM-Tokens']))['$ConnectionKey']"
                          }
                        }
                      }
                    }
                  },
                  "expression": {
                    "equals": [
                      "@body('Parse_JSON_-_Case_Info')?['CaseSubmissionStatus']",
                      "FINAL"
                    ]
                  },
                  "metadata": {
                    "operationMetadataId": "f8a0b79c-b5b2-4b71-b1db-09d6ab1fe0e7"
                  },
                  "type": "If"
                }
              },
              "runAfter": {
                "If_Case_does_not_exist_": [
                  "Succeeded"
                ]
              },
              "expression": {
                "equals": [
                  "@outputs('SendNotificationYesNo')",
                  "yes"
                ]
              },
              "metadata": {
                "operationMetadataId": "84790c1f-60a8-4c80-941e-2ba808940189"
              },
              "type": "If"
            }
          },
          "runAfter": {
            "Respond_to_a_PowerApp_or_flow": [
              "Succeeded"
            ]
          },
          "metadata": {
            "operationMetadataId": "a3eb7ed7-7bc8-4e8c-8493-0bdb5151e2bf"
          },
          "type": "Scope"
        },
        "Catch": {
          "actions": {
            "Run_a_Child_Flow_-_BPM_Toolkit_Log_Flow_Error": {
              "runAfter": {},
              "metadata": {
                "operationMetadataId": "76bfd0c0-8e7a-4697-b58e-6e1ff8902cc0"
              },
              "type": "Workflow",
              "inputs": {
                "host": {
                  "workflowReferenceName": "01389840-615e-eb11-a812-0022489c791b"
                },
                "body": {
                  "text": "@string(result('Try'))",
                  "text_1": "@string(workflow())",
                  "text_2": "@variables('newCaseID')"
                }
              }
            }
          },
          "runAfter": {
            "Try": [
              "Failed",
              "Skipped",
              "TimedOut"
            ]
          },
          "metadata": {
            "operationMetadataId": "030cf8ff-ae18-47b8-8647-cc9a4df7ec8c"
          },
          "type": "Scope"
        },
        "Compose": {
          "runAfter": {
            "Attachments": [
              "Succeeded"
            ]
          },
          "metadata": {
            "operationMetadataId": "f54eb1b4-bd58-481c-b681-d8cf1f61131b"
          },
          "type": "Compose",
          "inputs": "@length(outputs('Attachments'))"
        },
        "SendNotificationYesNo": {
          "runAfter": {
            "Compose": [
              "Succeeded"
            ]
          },
          "metadata": {
            "operationMetadataId": "f3672b63-9633-4626-9bb6-923edbf95249"
          },
          "type": "Compose",
          "inputs": "@toLower(triggerBody()['text_2'])"
        }
      },
      "outputs": {}
    }
  },
  "schemaVersion": "1.0.0.0"
}