{
  "properties": {
    "connectionReferences": {
      "shared_commondataserviceforapps": {
        "runtimeSource": "embedded",
        "connection": {
          "connectionReferenceLogicalName": "new_sharedcommondataserviceforapps_10120"
        },
        "api": {
          "name": "shared_commondataserviceforapps"
        }
      }
    },
    "definition": {
      "$schema": "https://schema.management.azure.com/providers/Microsoft.Logic/schemas/2016-06-01/workflowdefinition.json#",
      "contentVersion": "1.0.0.0",
      "parameters": {
        "$connections": {
          "defaultValue": {},
          "type": "Object"
        },
        "$authentication": {
          "defaultValue": {},
          "type": "SecureObject"
        }
      },
      "triggers": {
        "manual": {
          "metadata": {
            "operationMetadataId": "8489dd38-9bc4-4c51-97f5-d3fb4e8562fb"
          },
          "type": "Request",
          "kind": "Button",
          "inputs": {
            "schema": {
              "type": "object",
              "properties": {},
              "required": []
            }
          }
        }
      },
      "actions": {
        "List_rows_-_Archive_BPM_Toolkit_Cases": {
          "runAfter": {},
          "metadata": {
            "operationMetadataId": "2ed47de8-8d33-47f2-95ad-f3761bae91a3"
          },
          "type": "OpenApiConnection",
          "inputs": {
            "host": {
              "connectionName": "shared_commondataserviceforapps",
              "operationId": "ListRecords",
              "apiId": "/providers/Microsoft.PowerApps/apis/shared_commondataserviceforapps"
            },
            "parameters": {
              "entityName": "cr93e_archivebpmtoolkitcaseses",
              "$filter": "crd97_purgedate lt @{utcNow()}"
            },
            "authentication": "@parameters('$authentication')"
          }
        },
        "Apply_to_each_-_Archive_BPM_Toolkit_Cases": {
          "foreach": "@outputs('List_rows_-_Archive_BPM_Toolkit_Cases')?['body/value']",
          "actions": {
            "Run_a_Child_Flow_-_BPM_Toolkit_-_Archiving_-_Purge_a_Case": {
              "runAfter": {},
              "metadata": {
                "operationMetadataId": "bf7d7ba3-6d2e-45b7-88f0-cb823dc59f84"
              },
              "type": "Workflow",
              "inputs": {
                "host": {
                  "workflowReferenceName": "f5bd1a1c-a131-ec11-b6e6-000d3ab2f685"
                },
                "body": {
                  "text": "@items('Apply_to_each_-_Archive_BPM_Toolkit_Cases')?['cr93e_caseid']",
                  "text_1": "@items('Apply_to_each_-_Archive_BPM_Toolkit_Cases')?['cr93e_archivebpmtoolkitcasesid']"
                }
              }
            }
          },
          "runAfter": {
            "List_rows_-_Archive_BPM_Toolkit_Cases": [
              "Succeeded"
            ]
          },
          "metadata": {
            "operationMetadataId": "f206a005-cc44-487a-b956-43fbe6b7d862"
          },
          "type": "Foreach"
        }
      },
      "outputs": {}
    }
  },
  "schemaVersion": "1.0.0.0"
}