{
  "properties": {
    "connectionReferences": {
      "shared_sharepointonline_1": {
        "runtimeSource": "embedded",
        "connection": {
          "connectionReferenceLogicalName": "cr93e_BPMToolkitSPConnectionref3"
        },
        "api": {
          "name": "shared_sharepointonline"
        }
      }
    },
    "definition": {
      "$schema": "https://schema.management.azure.com/providers/Microsoft.Logic/schemas/2016-06-01/workflowdefinition.json#",
      "contentVersion": "1.0.0.0",
      "parameters": {
        "$connections": {
          "defaultValue": {},
          "type": "Object"
        },
        "$authentication": {
          "defaultValue": {},
          "type": "SecureObject"
        },
        "BPM Site (cr93e_BPMSite)": {
          "defaultValue": "https://doctorflow03.sharepoint.com/sites/BPMToolkit",
          "type": "String",
          "metadata": {
            "schemaName": "cr93e_BPMSite"
          }
        },
        "BPM Parameters (cr93e_BPMParameters)": {
          "defaultValue": "70fce6b3-4d72-43ca-96cd-86dfb8bf5039",
          "type": "String",
          "metadata": {
            "schemaName": "cr93e_BPMParameters"
          }
        },
        "BPM Roles (cr93e_BPMRoles)": {
          "defaultValue": "867109c9-2bf8-4187-bcdf-d6e58a340ec5",
          "type": "String",
          "metadata": {
            "schemaName": "cr93e_BPMRoles"
          }
        }
      },
      "triggers": {
        "manual": {
          "metadata": {
            "operationMetadataId": "b50d3616-c34b-4ad1-a055-18dab169e05f"
          },
          "type": "Request",
          "kind": "Button",
          "inputs": {
            "schema": {
              "type": "object",
              "properties": {
                "text": {
                  "title": "serviceaccount",
                  "type": "string",
                  "x-ms-dynamically-added": true,
                  "description": "Please enter your input",
                  "x-ms-content-hint": "TEXT"
                },
                "text_1": {
                  "title": "WorkflowControlPanelAppUrl",
                  "type": "string",
                  "x-ms-dynamically-added": true,
                  "description": "Please enter your input",
                  "x-ms-content-hint": "TEXT"
                },
                "text_2": {
                  "title": "MyDashBoardControlPanelAppUrl",
                  "type": "string",
                  "x-ms-dynamically-added": true,
                  "description": "Please enter your input",
                  "x-ms-content-hint": "TEXT"
                },
                "text_3": {
                  "title": "WorkflowControlCenterAppUrl",
                  "type": "string",
                  "x-ms-dynamically-added": true,
                  "description": "Please enter your input",
                  "x-ms-content-hint": "TEXT"
                }
              },
              "required": [
                "text",
                "text_1",
                "text_2",
                "text_3"
              ]
            }
          }
        }
      },
      "actions": {
        "Create_item_-_BPM_Parameters_-_AllowSelfValidation": {
          "runAfter": {},
          "metadata": {
            "operationMetadataId": "09f758ee-1ae7-4866-8cb0-ebd582dd2ca8"
          },
          "type": "OpenApiConnection",
          "inputs": {
            "host": {
              "connectionName": "shared_sharepointonline_1",
              "operationId": "PostItem",
              "apiId": "/providers/Microsoft.PowerApps/apis/shared_sharepointonline"
            },
            "parameters": {
              "dataset": "@parameters('BPM Site (cr93e_BPMSite)')",
              "table": "@parameters('BPM Parameters (cr93e_BPMParameters)')",
              "item/Description": "If \"No\" : users cannot see the workflow approval panel if they want to approve their own request (or a request submitted on their own behalf). No should be the default value in production. \"Yes\" can be used in Test",
              "item/ParamName": "AllowSelfValidation",
              "item/ParamValue": "Yes"
            },
            "authentication": {
              "type": "Raw",
              "value": "@json(decodeBase64(triggerOutputs().headers['X-MS-APIM-Tokens']))['$ConnectionKey']"
            }
          }
        },
        "Create_item_-_BPM_Parameters_-_BPM_Toolkit_AllowsTaskOwnership": {
          "runAfter": {
            "Create_item_-_BPM_Parameters_-_AllowSelfValidation": [
              "Succeeded"
            ]
          },
          "metadata": {
            "operationMetadataId": "94ddb044-5e45-4a0a-a771-0e9feadb2f85"
          },
          "type": "OpenApiConnection",
          "inputs": {
            "host": {
              "connectionName": "shared_sharepointonline_1",
              "operationId": "PostItem",
              "apiId": "/providers/Microsoft.PowerApps/apis/shared_sharepointonline"
            },
            "parameters": {
              "dataset": "@parameters('BPM Site (cr93e_BPMSite)')",
              "table": "@parameters('BPM Parameters (cr93e_BPMParameters)')",
              "item/Description": "If \"No\" : users cannot see the workflow approval panel if they want to approve their own request (or a request submitted on their own behalf). No should be the default value in production. \"Yes\" can be used in Test",
              "item/ParamName": "BPM Toolkit AllowsTaskOwnership",
              "item/ParamValue": "Yes"
            },
            "authentication": {
              "type": "Raw",
              "value": "@json(decodeBase64(triggerOutputs().headers['X-MS-APIM-Tokens']))['$ConnectionKey']"
            }
          }
        },
        "Create_item_-_BPM_Parameters_-_BPM_Toolkit_AllowsTaskReminder": {
          "runAfter": {
            "Create_item_-_BPM_Parameters_-_BPM_Toolkit_AllowsTaskOwnership": [
              "Succeeded"
            ]
          },
          "metadata": {
            "operationMetadataId": "c0c5a508-8991-4431-9265-0c27a701df95"
          },
          "type": "OpenApiConnection",
          "inputs": {
            "host": {
              "connectionName": "shared_sharepointonline_1",
              "operationId": "PostItem",
              "apiId": "/providers/Microsoft.PowerApps/apis/shared_sharepointonline"
            },
            "parameters": {
              "dataset": "@parameters('BPM Site (cr93e_BPMSite)')",
              "table": "@parameters('BPM Parameters (cr93e_BPMParameters)')",
              "item/ParamName": "BPM Toolkit AllowsTaskReminder",
              "item/ParamValue": "Yes"
            },
            "authentication": {
              "type": "Raw",
              "value": "@json(decodeBase64(triggerOutputs().headers['X-MS-APIM-Tokens']))['$ConnectionKey']"
            }
          }
        },
        "Create_item_-_BPM_Parameters_-_BPM_Toolkit_Date_Format": {
          "runAfter": {
            "Create_item_-_BPM_Parameters_-_BPM_Toolkit_AllowsTaskReminder": [
              "Succeeded"
            ]
          },
          "metadata": {
            "operationMetadataId": "32c62a63-1277-4b5a-a861-cf0b20c75cfa"
          },
          "type": "OpenApiConnection",
          "inputs": {
            "host": {
              "connectionName": "shared_sharepointonline_1",
              "operationId": "PostItem",
              "apiId": "/providers/Microsoft.PowerApps/apis/shared_sharepointonline"
            },
            "parameters": {
              "dataset": "@parameters('BPM Site (cr93e_BPMSite)')",
              "table": "@parameters('BPM Parameters (cr93e_BPMParameters)')",
              "item/Description": "EUROPE : means dd/mm/yyyy, US: means mm/dd/yyyy",
              "item/ParamName": "DateFormat",
              "item/ParamValue": "EUROPE"
            },
            "authentication": {
              "type": "Raw",
              "value": "@json(decodeBase64(triggerOutputs().headers['X-MS-APIM-Tokens']))['$ConnectionKey']"
            }
          }
        },
        "Create_item_-_BPM_Roles_-_System_Supervisor": {
          "runAfter": {
            "Create_item_-_BPM_Parameters_-_BPM_Toolkit_Date_Format": [
              "Succeeded"
            ]
          },
          "metadata": {
            "operationMetadataId": "bbd99cca-43e1-4295-b17c-cac1376b79a6"
          },
          "type": "OpenApiConnection",
          "inputs": {
            "host": {
              "connectionName": "shared_sharepointonline_1",
              "operationId": "PostItem",
              "apiId": "/providers/Microsoft.PowerApps/apis/shared_sharepointonline"
            },
            "parameters": {
              "dataset": "@parameters('BPM Site (cr93e_BPMSite)')",
              "table": "@parameters('BPM Roles (cr93e_BPMRoles)')",
              "item/Role": "System Supervisor",
              "item/CanApproveInBatch": "YES"
            },
            "authentication": {
              "type": "Raw",
              "value": "@json(decodeBase64(triggerOutputs().headers['X-MS-APIM-Tokens']))['$ConnectionKey']"
            }
          }
        },
        "Create_item_-_BPM_Parameters_-_WorkflowPanelUrl": {
          "runAfter": {
            "Create_item_-_BPM_Roles_-_System_Supervisor": [
              "Succeeded"
            ]
          },
          "metadata": {
            "operationMetadataId": "c0c5a508-8991-4431-9265-0c27a701df95"
          },
          "type": "OpenApiConnection",
          "inputs": {
            "host": {
              "connectionName": "shared_sharepointonline_1",
              "operationId": "PostItem",
              "apiId": "/providers/Microsoft.PowerApps/apis/shared_sharepointonline"
            },
            "parameters": {
              "dataset": "@parameters('BPM Site (cr93e_BPMSite)')",
              "table": "@parameters('BPM Parameters (cr93e_BPMParameters)')",
              "item/ParamName": "WorkflowPanelUrl",
              "item/ParamValue": "@{triggerBody()['text_1']}&DateFormat=EUROPE&itemid="
            },
            "authentication": {
              "type": "Raw",
              "value": "@json(decodeBase64(triggerOutputs().headers['X-MS-APIM-Tokens']))['$ConnectionKey']"
            }
          }
        },
        "Create_item_-_BPM_Parameters_-_MyDashboardUrl": {
          "runAfter": {
            "Create_item_-_BPM_Parameters_-_WorkflowPanelUrl": [
              "Succeeded"
            ]
          },
          "metadata": {
            "operationMetadataId": "c0c5a508-8991-4431-9265-0c27a701df95"
          },
          "type": "OpenApiConnection",
          "inputs": {
            "host": {
              "connectionName": "shared_sharepointonline_1",
              "operationId": "PostItem",
              "apiId": "/providers/Microsoft.PowerApps/apis/shared_sharepointonline"
            },
            "parameters": {
              "dataset": "@parameters('BPM Site (cr93e_BPMSite)')",
              "table": "@parameters('BPM Parameters (cr93e_BPMParameters)')",
              "item/ParamName": "MyDashboardUrl",
              "item/ParamValue": "@triggerBody()['text_2']"
            },
            "authentication": {
              "type": "Raw",
              "value": "@json(decodeBase64(triggerOutputs().headers['X-MS-APIM-Tokens']))['$ConnectionKey']"
            }
          }
        },
        "Create_item_-_BPM_Parameters_-_WorkflowControlCenterUrl": {
          "runAfter": {
            "Create_item_-_BPM_Parameters_-_MyDashboardUrl": [
              "Succeeded"
            ]
          },
          "metadata": {
            "operationMetadataId": "c0c5a508-8991-4431-9265-0c27a701df95"
          },
          "type": "OpenApiConnection",
          "inputs": {
            "host": {
              "connectionName": "shared_sharepointonline_1",
              "operationId": "PostItem",
              "apiId": "/providers/Microsoft.PowerApps/apis/shared_sharepointonline"
            },
            "parameters": {
              "dataset": "@parameters('BPM Site (cr93e_BPMSite)')",
              "table": "@parameters('BPM Parameters (cr93e_BPMParameters)')",
              "item/ParamName": "WorkflowControlCenterUrl",
              "item/ParamValue": "@triggerBody()['text_3']"
            },
            "authentication": {
              "type": "Raw",
              "value": "@json(decodeBase64(triggerOutputs().headers['X-MS-APIM-Tokens']))['$ConnectionKey']"
            }
          }
        }
      },
      "outputs": {}
    }
  },
  "schemaVersion": "1.0.0.0"
}