{
  "properties": {
    "connectionReferences": {
      "shared_sharepointonline_1": {
        "runtimeSource": "embedded",
        "connection": {
          "connectionReferenceLogicalName": "cr93e_BPMToolkitSPConnectionref3"
        },
        "api": {
          "name": "shared_sharepointonline"
        }
      },
      "shared_teams": {
        "runtimeSource": "embedded",
        "connection": {
          "connectionReferenceLogicalName": "cr93e_sharedteams_feb33"
        },
        "api": {
          "name": "shared_teams"
        }
      }
    },
    "definition": {
      "$schema": "https://schema.management.azure.com/providers/Microsoft.Logic/schemas/2016-06-01/workflowdefinition.json#",
      "contentVersion": "1.0.0.0",
      "parameters": {
        "$connections": {
          "defaultValue": {},
          "type": "Object"
        },
        "$authentication": {
          "defaultValue": {},
          "type": "SecureObject"
        },
        "BPM Site (cr93e_BPMSite)": {
          "defaultValue": "https://eurocontrol.sharepoint.com/sites/HRSADEV",
          "type": "String",
          "metadata": {
            "schemaName": "cr93e_BPMSite"
          }
        },
        "BPM Case Workflows (cr93e_BPMCaseWorkflows)": {
          "defaultValue": "2571f93f-d1d5-4c2f-9fea-6739d8cedebc",
          "type": "String",
          "metadata": {
            "schemaName": "cr93e_BPMCaseWorkflows"
          }
        },
        "BPM Cases (cr93e_BPMCases)": {
          "defaultValue": "28007d72-bc53-410a-b713-409478508462",
          "type": "String",
          "metadata": {
            "schemaName": "cr93e_BPMCases"
          }
        }
      },
      "staticResults": {
        "Post_your_own_adaptive_card_as_the_Flow_bot_to_a_channel0": {
          "status": "Succeeded",
          "outputs": {
            "statusCode": "OK",
            "headers": {}
          }
        },
        "Post_message_in_a_chat_or_channel0": {
          "status": "Succeeded",
          "outputs": {
            "statusCode": "OK",
            "headers": {}
          }
        }
      },
      "triggers": {
        "manual": {
          "metadata": {
            "operationMetadataId": "cdbde321-f9e2-46bb-98db-a3e77df2ccf7"
          },
          "type": "Request",
          "kind": "Button",
          "inputs": {
            "schema": {
              "type": "object",
              "properties": {
                "text": {
                  "title": "CaseID",
                  "type": "string",
                  "x-ms-dynamically-added": true,
                  "description": "Please enter your input",
                  "x-ms-content-hint": "TEXT"
                }
              },
              "required": [
                "text"
              ]
            }
          }
        }
      },
      "actions": {
        "Respond_to_a_PowerApp_or_flow": {
          "runAfter": {
            "Catch": [
              "Succeeded",
              "Failed",
              "Skipped",
              "TimedOut"
            ]
          },
          "metadata": {
            "operationMetadataId": "bd8b8220-42bb-4b68-b7db-2015571b21aa"
          },
          "type": "Response",
          "kind": "PowerApp",
          "inputs": {
            "statusCode": 200,
            "body": {},
            "schema": {
              "type": "object",
              "properties": {}
            }
          }
        },
        "Initialize_variable_AdaptiveCard": {
          "runAfter": {},
          "metadata": {
            "operationMetadataId": "ec87b5e7-8e2f-408d-8f5f-aa2b94e2899b"
          },
          "type": "InitializeVariable",
          "inputs": {
            "variables": [
              {
                "name": "AdaptiveCard",
                "type": "string"
              }
            ]
          }
        },
        "Initialize_variable_CaseType": {
          "runAfter": {
            "Initialize_variable_AdaptiveCard": [
              "Succeeded"
            ]
          },
          "metadata": {
            "operationMetadataId": "bd0f6364-edd9-4fcd-b80b-5c379d8fed85"
          },
          "type": "InitializeVariable",
          "inputs": {
            "variables": [
              {
                "name": "CaseType",
                "type": "string"
              }
            ]
          }
        },
        "Try": {
          "actions": {
            "Get_items_-_Case_Workflows": {
              "runAfter": {},
              "metadata": {
                "operationMetadataId": "fb06bbbf-bf7a-46e1-b559-4342229a321f"
              },
              "type": "OpenApiConnection",
              "inputs": {
                "host": {
                  "connectionName": "shared_sharepointonline_1",
                  "operationId": "GetItems",
                  "apiId": "/providers/Microsoft.PowerApps/apis/shared_sharepointonline"
                },
                "parameters": {
                  "dataset": "@parameters('BPM Site (cr93e_BPMSite)')",
                  "table": "@parameters('BPM Case Workflows (cr93e_BPMCaseWorkflows)')",
                  "$filter": "CaseID eq '@{triggerBody()['text']}'"
                },
                "authentication": {
                  "type": "Raw",
                  "value": "@json(decodeBase64(triggerOutputs().headers['X-MS-APIM-Tokens']))['$ConnectionKey']"
                }
              }
            },
            "Apply_to_each": {
              "foreach": "@outputs('Get_items_-_Case_Workflows')?['body/value']",
              "actions": {
                "Set_variable_AdaptiveCard": {
                  "runAfter": {},
                  "metadata": {
                    "operationMetadataId": "e7c27af5-6838-4a57-8988-1dbcd2f6df83"
                  },
                  "type": "SetVariable",
                  "inputs": {
                    "name": "AdaptiveCard",
                    "value": "{\n    \"type\": \"AdaptiveCard\",\n    \"$schema\": \"http://adaptivecards.io/schemas/adaptive-card.json\",\n    \"version\": \"1.2\",\n    \"body\": [\n\n      {\n            \"type\": \"TextBlock\",\n            \"text\": \"A new request PPA_ORDER has been submitted \",\n            \"wrap\": true,\n            \"separator\": true,\n            \"color\": \"Warning\"\n        },\n        {\n            \"type\": \"Image\",\n            \"url\": \"https://static.wixstatic.com/media/6c4d29_07c1201696934c13bab92f2a408a61f6~mv2.png\",      \"separator\": true,\n            \"height\": \"50px\"\n        },\n\n  \n        {\n            \"type\": \"TextBlock\",\n            \"text\": \"On behalf of @{items('Apply_to_each')?['OnBehalfOf']}\",\n            \"wrap\": true,\n            \"separator\": true,\n            \"weight\": \"Bolder\"\n        },\n        {\n            \"type\": \"TextBlock\",\n            \"text\": \"@{items('Apply_to_each')?['CaseID']}\",\n            \"wrap\": true\n        },\n\n        {\n            \"type\": \"TextBlock\",\n            \"text\": \"@{items('Apply_to_each')?['CaseDescr']}\",\n            \"wrap\": true\n        },\n        {\n            \"type\": \"ActionSet\",\n            \"actions\": [\n                {\n                    \"type\": \"Action.OpenUrl\",\n                    \"title\": \"View request details\",\n                    \"url\": \"@{items('Apply_to_each')?['ViewForm']}\",\n                    \"style\": \"positive\",\"iconUrl\": \"https://static.wixstatic.com/media/6c4d29_d3bbc032e66c44f4a73fd3181924b40c~mv2.jpg\"\n                }\n            ]\n        }\n    ]\n}"
                  }
                },
                "Set_variable_CaseType": {
                  "runAfter": {
                    "Set_variable_AdaptiveCard": [
                      "Succeeded"
                    ]
                  },
                  "metadata": {
                    "operationMetadataId": "c501a454-4a4a-4e0d-9ef8-bac923cad5ee"
                  },
                  "type": "SetVariable",
                  "inputs": {
                    "name": "CaseType",
                    "value": "@items('Apply_to_each')?['TypeOfRequest']"
                  }
                },
                "Run_a_Child_Flow_-_Get_Case_Type_Parameters": {
                  "runAfter": {
                    "Set_variable_CaseType": [
                      "Succeeded"
                    ]
                  },
                  "metadata": {
                    "operationMetadataId": "9fce781a-aa16-41d1-91c1-5d1e3e54562b"
                  },
                  "type": "Workflow",
                  "inputs": {
                    "host": {
                      "workflowReferenceName": "cdb0f698-2e4b-eb11-a812-000d3abee2a0"
                    },
                    "body": {
                      "text": "@variables('CaseType')"
                    }
                  }
                },
                "Check_If_we_can_use_a_channel": {
                  "actions": {
                    "Post_your_own_adaptive_card_as_the_Flow_bot_to_a_channel": {
                      "runAfter": {},
                      "metadata": {
                        "operationMetadataId": "4b0cdcfe-4c8c-4913-ac36-7376d8e5cbdc"
                      },
                      "type": "OpenApiConnection",
                      "inputs": {
                        "host": {
                          "connectionName": "shared_teams",
                          "operationId": "PostChannelAdaptiveCard",
                          "apiId": "/providers/Microsoft.PowerApps/apis/shared_teams"
                        },
                        "parameters": {
                          "groupId": "@outputs('Run_a_Child_Flow_-_Get_Case_Type_Parameters')?['Body']?['teamid']",
                          "PostAdaptiveCardRequest/recipient/channelId": "@outputs('Run_a_Child_Flow_-_Get_Case_Type_Parameters')?['Body']?['channelid']",
                          "PostAdaptiveCardRequest/messageBody": "@variables('AdaptiveCard')",
                          "PostAdaptiveCardRequest/messageTitle": "new request from"
                        },
                        "authentication": {
                          "type": "Raw",
                          "value": "@json(decodeBase64(triggerOutputs().headers['X-MS-APIM-Tokens']))['$ConnectionKey']"
                        }
                      },
                      "description": "we cannot post adaptive cards to private channels",
                      "runtimeConfiguration": {
                        "staticResult": {
                          "staticResultOptions": "Enabled",
                          "name": "Post_your_own_adaptive_card_as_the_Flow_bot_to_a_channel0"
                        }
                      }
                    },
                    "Post_message_in_a_chat_or_channel": {
                      "runAfter": {
                        "HtmlMessage": [
                          "Succeeded"
                        ]
                      },
                      "metadata": {
                        "operationMetadataId": "c2a3e912-6f00-4841-81c1-6c61e29f1b3d"
                      },
                      "type": "OpenApiConnection",
                      "inputs": {
                        "host": {
                          "connectionName": "shared_teams",
                          "operationId": "PostMessageToConversation",
                          "apiId": "/providers/Microsoft.PowerApps/apis/shared_teams"
                        },
                        "parameters": {
                          "poster": "User",
                          "location": "Channel",
                          "body/recipient/groupId": "@outputs('Run_a_Child_Flow_-_Get_Case_Type_Parameters')?['Body']?['teamid']",
                          "body/recipient/channelId": "@outputs('Run_a_Child_Flow_-_Get_Case_Type_Parameters')?['Body']?['channelid']",
                          "body/messageBody": "@outputs('HtmlMessage')"
                        },
                        "authentication": {
                          "type": "Raw",
                          "value": "@json(decodeBase64(triggerOutputs().headers['X-MS-APIM-Tokens']))['$ConnectionKey']"
                        }
                      },
                      "runtimeConfiguration": {
                        "staticResult": {
                          "staticResultOptions": "Disabled",
                          "name": "Post_message_in_a_chat_or_channel0"
                        }
                      }
                    },
                    "HtmlMessage": {
                      "runAfter": {
                        "Post_your_own_adaptive_card_as_the_Flow_bot_to_a_channel": [
                          "Succeeded"
                        ]
                      },
                      "metadata": {
                        "operationMetadataId": "d597cbe2-0eb1-46af-9335-fb64a0644b91"
                      },
                      "type": "Compose",
                      "inputs": "<img src=\"https://static.wixstatic.com/media/6c4d29_07c1201696934c13bab92f2a408a61f6~mv2.png\" style=\"width:80px;height:50px;\"/> \n<p><span style=\"font-size: 18px; font-family: \"Segoe UI\", \"Helvetica Neue\", \"Apple Color Emoji\", \"Segoe UI Emoji\", Helvetica, Arial, sans-serifcolor: rgb(97,189,109)\">A new request &nbsp;@{items('Apply_to_each')?['TypeOfRequest']} has been submitted\n</span>\n<hr>\n\n\n\n<span style=\"color: rgb(0,0,0)\"></span><span style=\"font-family: \"Segoe UI\", \"Helvetica Neue\", \"Apple Color Emoji\", \"Segoe UI Emoji\", Helvetica, Arial, sans-serif;font-size: 14px;color: rgb(32, 31, 31);font-weight: 600;\"><strong>@{items('Apply_to_each')?['CaseID']}</strong></span><span style=\tfont-family: \"Segoe UI\", \"Helvetica Neue\", \"Apple Color Emoji\", \"Segoe UI Emoji\", Helvetica, Arial, sans-serif;font-size: 14px;color: rgb(32, 31, 31);font-weight: 600;\"><br>\n\nOn behalf of:</span><span style=\"font-family: \"Segoe UI\", \"Helvetica Neue\", \"Apple Color Emoji\", \"Segoe UI Emoji\", Helvetica, Arial, sans-serif;font-size: 14px;color: rgb(32, 31, 31);font-weight: 600;\"> @{items('Apply_to_each')?['OnBehalfOf']}</span><span style=\"color: rgb(0,0,0)\"><strong><br>\n</strong></span><span style=font-family: \"Segoe UI\", \"Helvetica Neue\", \"Apple Color Emoji\", \"Segoe UI Emoji\", \"Helvetica, Arial, sans-serif;font-size: 14px;color: rgb(32, 31, 31);font-weight: 600;>@{items('Apply_to_each')?['CaseDescr']}</span><br>\n<hr>\n<a href=\"@{items('Apply_to_each')?['ViewForm']}\">View the request\n</a>"
                    },
                    "Update_conversation_Link_In_cases": {
                      "actions": {
                        "Get_items_-_Cases": {
                          "runAfter": {},
                          "metadata": {
                            "operationMetadataId": "29c4f0d2-a62c-409e-a30a-4ad5d3d2a2f5"
                          },
                          "type": "OpenApiConnection",
                          "inputs": {
                            "host": {
                              "connectionName": "shared_sharepointonline_1",
                              "operationId": "GetItems",
                              "apiId": "/providers/Microsoft.PowerApps/apis/shared_sharepointonline"
                            },
                            "parameters": {
                              "dataset": "@parameters('BPM Site (cr93e_BPMSite)')",
                              "table": "@parameters('BPM Cases (cr93e_BPMCases)')",
                              "$filter": "CaseID eq '@{triggerBody()['text']}'",
                              "$top": 1
                            },
                            "authentication": {
                              "type": "Raw",
                              "value": "@json(decodeBase64(triggerOutputs().headers['X-MS-APIM-Tokens']))['$ConnectionKey']"
                            }
                          }
                        },
                        "Apply_to_each_Case": {
                          "foreach": "@outputs('Get_items_-_Cases')?['body/value']",
                          "actions": {
                            "Update_item_-_Case": {
                              "runAfter": {},
                              "metadata": {
                                "operationMetadataId": "8d699665-d6c0-41b9-b6e8-48982951d073"
                              },
                              "type": "OpenApiConnection",
                              "inputs": {
                                "host": {
                                  "connectionName": "shared_sharepointonline_1",
                                  "operationId": "PatchItem",
                                  "apiId": "/providers/Microsoft.PowerApps/apis/shared_sharepointonline"
                                },
                                "parameters": {
                                  "dataset": "@parameters('BPM Site (cr93e_BPMSite)')",
                                  "table": "@parameters('BPM Cases (cr93e_BPMCases)')",
                                  "id": "@items('Apply_to_each_Case')?['ID']",
                                  "item/TeamsConversationLink": "@outputs('Post_message_in_a_chat_or_channel')?['body/messageLink']"
                                },
                                "authentication": {
                                  "type": "Raw",
                                  "value": "@json(decodeBase64(triggerOutputs().headers['X-MS-APIM-Tokens']))['$ConnectionKey']"
                                }
                              }
                            }
                          },
                          "runAfter": {
                            "Get_items_-_Cases": [
                              "Succeeded"
                            ]
                          },
                          "metadata": {
                            "operationMetadataId": "98cac786-672c-4f81-8b0a-45b01331f02f"
                          },
                          "type": "Foreach"
                        }
                      },
                      "runAfter": {
                        "Post_message_in_a_chat_or_channel": [
                          "Succeeded"
                        ]
                      },
                      "metadata": {
                        "operationMetadataId": "55947811-85c4-4110-8081-7c491e0f502a"
                      },
                      "type": "Scope"
                    }
                  },
                  "runAfter": {
                    "Run_a_Child_Flow_-_Get_Case_Type_Parameters": [
                      "Succeeded"
                    ]
                  },
                  "expression": {
                    "and": [
                      {
                        "greater": [
                          "@length(trim(outputs('Run_a_Child_Flow_-_Get_Case_Type_Parameters')?['Body']?['teamid']))",
                          0
                        ]
                      },
                      {
                        "greater": [
                          "@length(trim(outputs('Run_a_Child_Flow_-_Get_Case_Type_Parameters')?['Body']?['channelid']))",
                          0
                        ]
                      }
                    ]
                  },
                  "metadata": {
                    "operationMetadataId": "bcb5bd52-0f24-40e1-aca1-33281919ce92"
                  },
                  "type": "If"
                }
              },
              "runAfter": {
                "Get_items_-_Case_Workflows": [
                  "Succeeded"
                ]
              },
              "metadata": {
                "operationMetadataId": "7e22ca44-56fd-4bf1-a599-f2de038322fd"
              },
              "type": "Foreach"
            }
          },
          "runAfter": {
            "Initialize_variable_CaseType": [
              "Succeeded"
            ]
          },
          "metadata": {
            "operationMetadataId": "35d0e904-7ce2-4c6d-a519-8bea69dd8e49"
          },
          "type": "Scope"
        },
        "Catch": {
          "actions": {
            "Run_a_Child_Flow": {
              "runAfter": {},
              "metadata": {
                "operationMetadataId": "6c265346-5a50-4822-b0ca-6e05963604ff"
              },
              "type": "Workflow",
              "inputs": {
                "host": {
                  "workflowReferenceName": "01389840-615e-eb11-a812-0022489c791b"
                },
                "body": {
                  "text": "@string(result('Try'))",
                  "text_1": "@string(workflow())",
                  "text_2": "@triggerBody()['text']"
                }
              }
            }
          },
          "runAfter": {
            "Try": [
              "Failed",
              "Skipped",
              "TimedOut"
            ]
          },
          "metadata": {
            "operationMetadataId": "c7f92c1e-87d0-47a7-a34b-7aa7845168d6"
          },
          "type": "Scope"
        }
      },
      "outputs": {}
    }
  },
  "schemaVersion": "1.0.0.0"
}