{
  "properties": {
    "connectionReferences": {
      "shared_sharepointonline": {
        "runtimeSource": "embedded",
        "connection": {
          "connectionReferenceLogicalName": "cr93e_BPMToolkitSPConnectionref2"
        },
        "api": {
          "name": "shared_sharepointonline"
        }
      },
      "shared_office365": {
        "runtimeSource": "embedded",
        "connection": {
          "connectionReferenceLogicalName": "cr93e_BPMToolkitOutlookConnectionref"
        },
        "api": {
          "name": "shared_office365"
        }
      }
    },
    "definition": {
      "$schema": "https://schema.management.azure.com/providers/Microsoft.Logic/schemas/2016-06-01/workflowdefinition.json#",
      "contentVersion": "1.0.0.0",
      "parameters": {
        "$connections": {
          "defaultValue": {},
          "type": "Object"
        },
        "$authentication": {
          "defaultValue": {},
          "type": "SecureObject"
        },
        "BPM Site (cr93e_BPMSite)": {
          "defaultValue": "https://eurocontrol.sharepoint.com/sites/HRSADEV",
          "type": "String",
          "metadata": {
            "schemaName": "cr93e_BPMSite"
          }
        },
        "BPM Case Lifecycle (cr93e_BPMCaseLifecycle)": {
          "defaultValue": "f3de391d-6402-4616-9078-14cf2ca00a7d",
          "type": "String",
          "metadata": {
            "schemaName": "cr93e_BPMCaseLifecycle"
          }
        },
        "BPM Case Workflows (cr93e_BPMCaseWorkflows)": {
          "defaultValue": "2571f93f-d1d5-4c2f-9fea-6739d8cedebc",
          "type": "String",
          "metadata": {
            "schemaName": "cr93e_BPMCaseWorkflows"
          }
        },
        "BPM Cases (cr93e_BPMCases)": {
          "defaultValue": "28007d72-bc53-410a-b713-409478508462",
          "type": "String",
          "metadata": {
            "schemaName": "cr93e_BPMCases"
          }
        }
      },
      "triggers": {
        "manual": {
          "metadata": {
            "operationMetadataId": "c567c1f1-872d-42bf-b5a9-6336e228c0a1"
          },
          "type": "Request",
          "kind": "Button",
          "inputs": {
            "schema": {
              "type": "object",
              "properties": {
                "text": {
                  "title": "CaseID",
                  "type": "string",
                  "x-ms-dynamically-added": true,
                  "description": "Please enter your input",
                  "x-ms-content-hint": "TEXT"
                },
                "text_1": {
                  "title": "Actor",
                  "type": "string",
                  "x-ms-dynamically-added": true,
                  "description": "Please enter your input",
                  "x-ms-content-hint": "TEXT"
                }
              },
              "required": [
                "text"
              ]
            }
          }
        }
      },
      "actions": {
        "CaseID": {
          "runAfter": {
            "Documentation": [
              "Succeeded"
            ]
          },
          "metadata": {
            "operationMetadataId": "397a7f2d-ad00-4fdd-a586-253e61a83fd2"
          },
          "type": "Compose",
          "inputs": "@triggerBody()['text']"
        },
        "Documentation": {
          "runAfter": {},
          "metadata": {
            "operationMetadataId": "430bfbf5-524d-46b9-af7d-ab161cf2083c"
          },
          "type": "Compose",
          "inputs": "Created by Serge Luca"
        },
        "Respond_to_a_PowerApp_or_flow": {
          "runAfter": {
            "Catch": [
              "Succeeded",
              "Failed",
              "Skipped",
              "TimedOut"
            ]
          },
          "metadata": {
            "operationMetadataId": "f57c4dfa-c7b0-4200-84a5-855d697259e8"
          },
          "type": "Response",
          "kind": "PowerApp",
          "inputs": {
            "statusCode": 200,
            "body": {
              "responsecode": "200",
              "responsemessage": " OK"
            },
            "schema": {
              "type": "object",
              "properties": {
                "responsecode": {
                  "title": "ResponseCode",
                  "x-ms-dynamically-added": true,
                  "type": "string"
                },
                "responsemessage": {
                  "title": "ResponseMessage",
                  "x-ms-dynamically-added": true,
                  "type": "string"
                }
              }
            }
          }
        },
        "Try": {
          "actions": {
            "Stop_Case_Lifecycle": {
              "actions": {
                "Get_items_-_Case_Lifecycle": {
                  "runAfter": {},
                  "metadata": {
                    "operationMetadataId": "4f8f66f1-7b32-4fa4-9b17-d209efc3456a"
                  },
                  "type": "OpenApiConnection",
                  "inputs": {
                    "host": {
                      "connectionName": "shared_sharepointonline",
                      "operationId": "GetItems",
                      "apiId": "/providers/Microsoft.PowerApps/apis/shared_sharepointonline"
                    },
                    "parameters": {
                      "dataset": "@parameters('BPM Site (cr93e_BPMSite)')",
                      "table": "@parameters('BPM Case Lifecycle (cr93e_BPMCaseLifecycle)')",
                      "$filter": "CaseID eq '@{outputs('CaseID')}'"
                    },
                    "authentication": {
                      "type": "Raw",
                      "value": "@json(decodeBase64(triggerOutputs().headers['X-MS-APIM-Tokens']))['$ConnectionKey']"
                    }
                  }
                },
                "Apply_to_each_Case_Lifecycle": {
                  "foreach": "@outputs('Get_items_-_Case_Lifecycle')?['body/value']",
                  "actions": {
                    "If_human": {
                      "actions": {
                        "Send_an_email_(V2)_-_Alert_past_Reviewers": {
                          "runAfter": {},
                          "metadata": {
                            "operationMetadataId": "2b16a73a-2fa3-4620-9e00-1a3f3a98f59e"
                          },
                          "type": "OpenApiConnection",
                          "inputs": {
                            "host": {
                              "connectionName": "shared_office365",
                              "operationId": "SendEmailV2",
                              "apiId": "/providers/Microsoft.PowerApps/apis/shared_office365"
                            },
                            "parameters": {
                              "emailMessage/To": "@items('Apply_to_each_Case_Lifecycle')?['Actor']",
                              "emailMessage/Subject": "The request @{outputs('CaseID')} has been stopped",
                              "emailMessage/Body": "<p>You are a reviewer of this request</p>"
                            },
                            "authentication": {
                              "type": "Raw",
                              "value": "@json(decodeBase64(triggerOutputs().headers['X-MS-APIM-Tokens']))['$ConnectionKey']"
                            }
                          }
                        }
                      },
                      "runAfter": {},
                      "expression": {
                        "and": [
                          {
                            "contains": [
                              "@items('Apply_to_each_Case_Lifecycle')?['Actor']",
                              "@outputs('At')"
                            ]
                          },
                          {
                            "not": {
                              "equals": [
                                "@items('Apply_to_each_Case_Lifecycle')?['Status']",
                                "ToBeExecuted"
                              ]
                            }
                          },
                          {
                            "not": {
                              "equals": [
                                "@items('Apply_to_each_Case_Lifecycle')?['Status']",
                                "Skipped"
                              ]
                            }
                          },
                          {
                            "not": {
                              "equals": [
                                "@items('Apply_to_each_Case_Lifecycle')?['Status']",
                                "Waiting"
                              ]
                            }
                          }
                        ]
                      },
                      "metadata": {
                        "operationMetadataId": "72ad2d2e-8bf8-4530-8f54-740c62e06d83"
                      },
                      "type": "If"
                    },
                    "Update_item_-_Case_Lifecycle": {
                      "runAfter": {
                        "If_human": [
                          "Succeeded"
                        ]
                      },
                      "metadata": {
                        "operationMetadataId": "5f19d31b-2361-486e-ac3f-56072fa59d85"
                      },
                      "type": "OpenApiConnection",
                      "inputs": {
                        "host": {
                          "connectionName": "shared_sharepointonline",
                          "operationId": "PatchItem",
                          "apiId": "/providers/Microsoft.PowerApps/apis/shared_sharepointonline"
                        },
                        "parameters": {
                          "dataset": "@parameters('BPM Site (cr93e_BPMSite)')",
                          "table": "@parameters('BPM Case Lifecycle (cr93e_BPMCaseLifecycle)')",
                          "id": "@items('Apply_to_each_Case_Lifecycle')?['ID']",
                          "item/Status": "Stopped",
                          "item/TaskExecutedBy": "@outputs('Actor')"
                        },
                        "authentication": {
                          "type": "Raw",
                          "value": "@json(decodeBase64(triggerOutputs().headers['X-MS-APIM-Tokens']))['$ConnectionKey']"
                        }
                      }
                    }
                  },
                  "runAfter": {
                    "Get_items_-_Case_Lifecycle": [
                      "Succeeded"
                    ]
                  },
                  "metadata": {
                    "operationMetadataId": "46405a98-8c5b-4851-bcad-d6a846b355eb"
                  },
                  "type": "Foreach"
                }
              },
              "runAfter": {
                "Compose": [
                  "Succeeded"
                ]
              },
              "metadata": {
                "operationMetadataId": "b40e028e-f670-49e0-b1a0-e0faf3d13ea4"
              },
              "type": "Scope"
            },
            "Stop_Case_Workflows": {
              "actions": {
                "Get_items_-_Case_Workflows": {
                  "runAfter": {},
                  "metadata": {
                    "operationMetadataId": "e070bef4-ca6b-41e8-8921-aed6995076f5"
                  },
                  "type": "OpenApiConnection",
                  "inputs": {
                    "host": {
                      "connectionName": "shared_sharepointonline",
                      "operationId": "GetItems",
                      "apiId": "/providers/Microsoft.PowerApps/apis/shared_sharepointonline"
                    },
                    "parameters": {
                      "dataset": "@parameters('BPM Site (cr93e_BPMSite)')",
                      "table": "@parameters('BPM Case Workflows (cr93e_BPMCaseWorkflows)')",
                      "$filter": "CaseID eq '@{outputs('CaseID')}'",
                      "$top": 1
                    },
                    "authentication": {
                      "type": "Raw",
                      "value": "@json(decodeBase64(triggerOutputs().headers['X-MS-APIM-Tokens']))['$ConnectionKey']"
                    }
                  }
                },
                "Apply_to_each_Case_Workflow": {
                  "foreach": "@outputs('Get_items_-_Case_Workflows')?['body/value']",
                  "actions": {
                    "Update_item_-_Case_Wokflows_-_set_to_Stopped": {
                      "runAfter": {},
                      "metadata": {
                        "operationMetadataId": "7ec2d7bb-4ecc-4b88-b0be-8c51645d4867"
                      },
                      "type": "OpenApiConnection",
                      "inputs": {
                        "host": {
                          "connectionName": "shared_sharepointonline",
                          "operationId": "PatchItem",
                          "apiId": "/providers/Microsoft.PowerApps/apis/shared_sharepointonline"
                        },
                        "parameters": {
                          "dataset": "@parameters('BPM Site (cr93e_BPMSite)')",
                          "table": "@parameters('BPM Case Workflows (cr93e_BPMCaseWorkflows)')",
                          "id": "@items('Apply_to_each_Case_Workflow')?['ID']",
                          "item/CaseEnded": "@utcNow()",
                          "item/CaseStatus": "Stopped"
                        },
                        "authentication": {
                          "type": "Raw",
                          "value": "@json(decodeBase64(triggerOutputs().headers['X-MS-APIM-Tokens']))['$ConnectionKey']"
                        }
                      }
                    }
                  },
                  "runAfter": {
                    "Get_items_-_Case_Workflows": [
                      "Succeeded"
                    ]
                  },
                  "metadata": {
                    "operationMetadataId": "55c83751-0442-47db-86af-0323e399c230"
                  },
                  "type": "Foreach"
                }
              },
              "runAfter": {
                "Compose": [
                  "Succeeded"
                ]
              },
              "metadata": {
                "operationMetadataId": "2a07e129-5ef3-4a00-a367-32032c4604cf"
              },
              "type": "Scope"
            },
            "Compose": {
              "runAfter": {},
              "metadata": {
                "operationMetadataId": "f87bd650-4c33-43fa-a6ab-6072b4b633aa"
              },
              "type": "Compose",
              "inputs": "nop"
            },
            "Stop_Case": {
              "actions": {
                "Get_items_-_Cases": {
                  "runAfter": {},
                  "metadata": {
                    "operationMetadataId": "162d064e-a5a4-4568-81e2-f51886708cef"
                  },
                  "type": "OpenApiConnection",
                  "inputs": {
                    "host": {
                      "connectionName": "shared_sharepointonline",
                      "operationId": "GetItems",
                      "apiId": "/providers/Microsoft.PowerApps/apis/shared_sharepointonline"
                    },
                    "parameters": {
                      "dataset": "@parameters('BPM Site (cr93e_BPMSite)')",
                      "table": "@parameters('BPM Cases (cr93e_BPMCases)')",
                      "$filter": "CaseID eq '@{outputs('CaseID')}'"
                    },
                    "authentication": {
                      "type": "Raw",
                      "value": "@json(decodeBase64(triggerOutputs().headers['X-MS-APIM-Tokens']))['$ConnectionKey']"
                    }
                  }
                },
                "Apply_to_each_Case": {
                  "foreach": "@outputs('Get_items_-_Cases')?['body/value']",
                  "actions": {
                    "Update_item_-_Case": {
                      "runAfter": {},
                      "metadata": {
                        "operationMetadataId": "8a3c3bea-e0bd-471e-8159-e387b0d97f6f"
                      },
                      "type": "OpenApiConnection",
                      "inputs": {
                        "host": {
                          "connectionName": "shared_sharepointonline",
                          "operationId": "PatchItem",
                          "apiId": "/providers/Microsoft.PowerApps/apis/shared_sharepointonline"
                        },
                        "parameters": {
                          "dataset": "@parameters('BPM Site (cr93e_BPMSite)')",
                          "table": "@parameters('BPM Cases (cr93e_BPMCases)')",
                          "id": "@items('Apply_to_each_Case')?['ID']",
                          "item/CaseStatus": "Stopped"
                        },
                        "authentication": {
                          "type": "Raw",
                          "value": "@json(decodeBase64(triggerOutputs().headers['X-MS-APIM-Tokens']))['$ConnectionKey']"
                        }
                      }
                    },
                    "Send_an_email_(V2)_2_-_Alert_Staff": {
                      "runAfter": {
                        "Update_item_-_Case": [
                          "Succeeded"
                        ]
                      },
                      "metadata": {
                        "operationMetadataId": "48a66e34-6ac7-4857-9035-a511ac5cb496"
                      },
                      "type": "OpenApiConnection",
                      "inputs": {
                        "host": {
                          "connectionName": "shared_office365",
                          "operationId": "SendEmailV2",
                          "apiId": "/providers/Microsoft.PowerApps/apis/shared_office365"
                        },
                        "parameters": {
                          "emailMessage/To": "@items('Apply_to_each_Case')?['OnBehalfOf']",
                          "emailMessage/Subject": "Your request   @{outputs('CaseID')} has been stopped",
                          "emailMessage/Body": "<p><br></p>"
                        },
                        "authentication": {
                          "type": "Raw",
                          "value": "@json(decodeBase64(triggerOutputs().headers['X-MS-APIM-Tokens']))['$ConnectionKey']"
                        }
                      }
                    }
                  },
                  "runAfter": {
                    "Get_items_-_Cases": [
                      "Succeeded"
                    ]
                  },
                  "metadata": {
                    "operationMetadataId": "54983b4e-c4ba-475f-86cf-a1ef93223824"
                  },
                  "type": "Foreach"
                }
              },
              "runAfter": {
                "Compose": [
                  "Succeeded"
                ]
              },
              "metadata": {
                "operationMetadataId": "557634d9-74d7-440e-8ead-d05f0dae1c06"
              },
              "type": "Scope"
            }
          },
          "runAfter": {
            "Actor": [
              "Succeeded"
            ]
          },
          "metadata": {
            "operationMetadataId": "6be1e893-7f62-40a7-9208-8d4ead3fbe15"
          },
          "type": "Scope"
        },
        "Catch": {
          "actions": {
            "Run_a_Child_Flow_-_Log_Flow_Error": {
              "runAfter": {},
              "metadata": {
                "operationMetadataId": "611105d2-f281-4387-b8d8-a00dc5d039da"
              },
              "type": "Workflow",
              "inputs": {
                "host": {
                  "workflowReferenceName": "01389840-615e-eb11-a812-0022489c791b"
                },
                "body": {
                  "text": "@string(result('Try'))",
                  "text_1": "@string(workflow())",
                  "text_2": "@outputs('CaseID')"
                }
              }
            }
          },
          "runAfter": {
            "Try": [
              "Failed",
              "Skipped",
              "TimedOut"
            ]
          },
          "metadata": {
            "operationMetadataId": "6f19e0cb-40fb-473c-9f42-dadf92ed07b5"
          },
          "type": "Scope"
        },
        "At": {
          "runAfter": {
            "CaseID": [
              "Succeeded"
            ]
          },
          "metadata": {
            "operationMetadataId": "666c10b8-63dc-4824-a153-5a330fc5f46e"
          },
          "type": "Compose",
          "inputs": "@@"
        },
        "Actor": {
          "runAfter": {
            "At": [
              "Succeeded"
            ]
          },
          "metadata": {
            "operationMetadataId": "ef0a75ab-0c1c-4b59-bb3b-adea4218ec25"
          },
          "type": "Compose",
          "inputs": "@triggerBody()?['text_1']"
        }
      },
      "outputs": {}
    }
  },
  "schemaVersion": "1.0.0.0"
}