{
  "properties": {
    "connectionReferences": {
      "shared_sharepointonline_1": {
        "runtimeSource": "embedded",
        "connection": {
          "connectionReferenceLogicalName": "cr93e_BPMToolkitSPConnectionref"
        },
        "api": {
          "name": "shared_sharepointonline"
        }
      }
    },
    "definition": {
      "$schema": "https://schema.management.azure.com/providers/Microsoft.Logic/schemas/2016-06-01/workflowdefinition.json#",
      "contentVersion": "1.0.0.0",
      "parameters": {
        "$connections": {
          "defaultValue": {},
          "type": "Object"
        },
        "$authentication": {
          "defaultValue": {},
          "type": "SecureObject"
        },
        "BPM Site (cr93e_BPMSite)": {
          "defaultValue": "https://eurocontrol.sharepoint.com/sites/HRSADEV",
          "type": "String",
          "metadata": {
            "schemaName": "cr93e_BPMSite"
          }
        },
        "BPM Log (cr93e_BPMLog)": {
          "defaultValue": "215780a8-7313-403f-81ab-f2dfce5e6612",
          "type": "String",
          "metadata": {
            "schemaName": "cr93e_BPMLog"
          }
        }
      },
      "triggers": {
        "manual": {
          "metadata": {
            "operationMetadataId": "081fc62e-4840-4351-bfab-5b2e09b770e7"
          },
          "type": "Request",
          "kind": "Button",
          "inputs": {
            "schema": {
              "type": "object",
              "properties": {
                "text": {
                  "title": "CaseID",
                  "type": "string",
                  "x-ms-dynamically-added": true,
                  "description": "Please enter your input",
                  "x-ms-content-hint": "TEXT"
                }
              },
              "required": [
                "text"
              ]
            }
          }
        }
      },
      "actions": {
        "Get_items_-_Log_Info": {
          "runAfter": {
            "Initialize_variable_logInfo": [
              "Succeeded"
            ]
          },
          "metadata": {
            "operationMetadataId": "b600b120-9e28-435e-ba0a-4e8f5b6916e5"
          },
          "type": "OpenApiConnection",
          "inputs": {
            "host": {
              "connectionName": "shared_sharepointonline_1",
              "operationId": "GetItems",
              "apiId": "/providers/Microsoft.PowerApps/apis/shared_sharepointonline"
            },
            "parameters": {
              "dataset": "@parameters('BPM Site (cr93e_BPMSite)')",
              "table": "@parameters('BPM Log (cr93e_BPMLog)')",
              "$filter": "CaseID eq '@{triggerBody()['text']}'",
              "$orderby": "ID"
            },
            "authentication": {
              "type": "Raw",
              "value": "@json(decodeBase64(triggerOutputs().headers['X-MS-APIM-Tokens']))['$ConnectionKey']"
            }
          }
        },
        "Respond_to_a_PowerApp_or_flow": {
          "runAfter": {
            "Apply_to_each": [
              "Succeeded"
            ]
          },
          "metadata": {
            "operationMetadataId": "dc37b208-1c99-4354-93a9-01ffcb6f2cf5"
          },
          "type": "Response",
          "kind": "PowerApp",
          "inputs": {
            "statusCode": 200,
            "body": {
              "activities": "@variables('logInfo')"
            },
            "schema": {
              "type": "object",
              "properties": {
                "activities": {
                  "title": "Activities",
                  "x-ms-dynamically-added": true,
                  "type": "string"
                }
              }
            }
          }
        },
        "Apply_to_each": {
          "foreach": "@outputs('Get_items_-_Log_Info')?['body/value']",
          "actions": {
            "Append_to_string_variable": {
              "runAfter": {},
              "metadata": {
                "operationMetadataId": "72c3187a-0441-41c6-b1d7-ccf748a5bde1"
              },
              "type": "AppendToStringVariable",
              "inputs": {
                "name": "logInfo",
                "value": "xxx @{items('Apply_to_each')?['Modified']} @{items('Apply_to_each')?['Actor']} @{items('Apply_to_each')?['Title']}"
              }
            }
          },
          "runAfter": {
            "Get_items_-_Log_Info": [
              "Succeeded"
            ]
          },
          "metadata": {
            "operationMetadataId": "bfc9be97-a8ac-48e6-92dc-7897ec20455b"
          },
          "type": "Foreach"
        },
        "Initialize_variable_logInfo": {
          "runAfter": {
            "Documentation": [
              "Succeeded"
            ]
          },
          "metadata": {
            "operationMetadataId": "bb58ce90-07a1-4dab-ba68-9092bb68bd9a"
          },
          "type": "InitializeVariable",
          "inputs": {
            "variables": [
              {
                "name": "logInfo",
                "type": "string"
              }
            ]
          }
        },
        "Documentation": {
          "runAfter": {},
          "metadata": {
            "operationMetadataId": "4acbb95b-7723-4705-82c2-f743554c3424"
          },
          "type": "Compose",
          "inputs": "Returns the activity around one specific case"
        }
      },
      "outputs": {}
    }
  },
  "schemaVersion": "1.0.0.0"
}