{
  "properties": {
    "connectionReferences": {
      "shared_sharepointonline_1": {
        "runtimeSource": "embedded",
        "connection": {
          "connectionReferenceLogicalName": "cr93e_BPMToolkitSPConnectionref3"
        },
        "api": {
          "name": "shared_sharepointonline"
        }
      }
    },
    "definition": {
      "$schema": "https://schema.management.azure.com/providers/Microsoft.Logic/schemas/2016-06-01/workflowdefinition.json#",
      "contentVersion": "1.0.0.0",
      "parameters": {
        "$connections": {
          "defaultValue": {},
          "type": "Object"
        },
        "$authentication": {
          "defaultValue": {},
          "type": "SecureObject"
        },
        "BPM Site (cr93e_BPMSite)": {
          "defaultValue": "https://eurocontrol.sharepoint.com/sites/HRSADEV",
          "type": "String",
          "metadata": {
            "schemaName": "cr93e_BPMSite"
          }
        },
        "BPM Cases (cr93e_BPMCases)": {
          "defaultValue": "28007d72-bc53-410a-b713-409478508462",
          "type": "String",
          "metadata": {
            "schemaName": "cr93e_BPMCases"
          }
        }
      },
      "triggers": {
        "manual": {
          "metadata": {
            "operationMetadataId": "68790650-1785-4a06-82ec-5730ff9995da"
          },
          "type": "Request",
          "kind": "Button",
          "inputs": {
            "schema": {
              "type": "object",
              "properties": {
                "text": {
                  "title": "CaseID",
                  "type": "string",
                  "x-ms-dynamically-added": true,
                  "description": "Please enter your input",
                  "x-ms-content-hint": "TEXT"
                },
                "text_1": {
                  "title": "newStatus",
                  "type": "string",
                  "x-ms-dynamically-added": true,
                  "description": "Please enter your input",
                  "x-ms-content-hint": "TEXT"
                },
                "text_2": {
                  "title": "Actors",
                  "type": "string",
                  "x-ms-dynamically-added": true,
                  "description": "Please enter your input",
                  "x-ms-content-hint": "TEXT"
                }
              },
              "required": [
                "text",
                "text_1"
              ]
            }
          }
        }
      },
      "actions": {
        "Apply_to_each": {
          "foreach": "@outputs('Get_items_-_Cases')?['body/value']",
          "actions": {
            "Update_item_-_Cases": {
              "runAfter": {},
              "metadata": {
                "operationMetadataId": "05c68846-26c9-41e3-91ff-d14cbfce1810"
              },
              "type": "OpenApiConnection",
              "inputs": {
                "host": {
                  "connectionName": "shared_sharepointonline_1",
                  "operationId": "PatchItem",
                  "apiId": "/providers/Microsoft.PowerApps/apis/shared_sharepointonline"
                },
                "parameters": {
                  "dataset": "@parameters('BPM Site (cr93e_BPMSite)')",
                  "table": "@parameters('BPM Cases (cr93e_BPMCases)')",
                  "id": "@items('Apply_to_each')?['ID']",
                  "item/CaseActors": "@body('Filter_array_clean_claims')",
                  "item/CaseSubmissionStatus": "@outputs('NewStatus')"
                },
                "authentication": {
                  "type": "Raw",
                  "value": "@json(decodeBase64(triggerOutputs().headers['X-MS-APIM-Tokens']))['$ConnectionKey']"
                }
              }
            }
          },
          "runAfter": {
            "Get_items_-_Cases": [
              "Succeeded"
            ]
          },
          "metadata": {
            "operationMetadataId": "e91eb728-c5a9-4464-a285-d0eefef62464"
          },
          "type": "Foreach"
        },
        "Initialize_variable_array_of_Actors": {
          "runAfter": {
            "NewStatus": [
              "Succeeded"
            ]
          },
          "metadata": {
            "operationMetadataId": "505a44c8-6ee6-43f5-bdbb-bd5a9083e308"
          },
          "type": "InitializeVariable",
          "inputs": {
            "variables": [
              {
                "name": "array of Actors",
                "type": "array",
                "value": "@split(outputs('Actors'), ';')"
              }
            ]
          }
        },
        "Actors": {
          "runAfter": {},
          "metadata": {
            "operationMetadataId": "43607a30-1568-4522-824b-049db56d911b"
          },
          "type": "Compose",
          "inputs": "@triggerBody()['text_2']"
        },
        "Select_array_of_claims": {
          "runAfter": {
            "Initialize_variable_array_of_Actors": [
              "Succeeded"
            ]
          },
          "metadata": {
            "operationMetadataId": "5775cabe-b69f-49f9-b247-581d1595a603"
          },
          "type": "Select",
          "inputs": {
            "from": "@variables('array of Actors')",
            "select": {
              "Claims": "@item()"
            }
          }
        },
        "Filter_array_clean_claims": {
          "runAfter": {
            "Select_array_of_claims": [
              "Succeeded"
            ]
          },
          "metadata": {
            "operationMetadataId": "d10fa164-6303-4e65-bc58-f06647ebd9a3"
          },
          "type": "Query",
          "inputs": {
            "from": "@body('Select_array_of_claims')",
            "where": "@not(equals(item()?['Claims'], ''))"
          }
        },
        "Respond_to_a_PowerApp_or_flow": {
          "runAfter": {
            "Apply_to_each": [
              "Succeeded"
            ]
          },
          "metadata": {
            "operationMetadataId": "b64b3e09-af1e-438e-8faa-3e8dc7cdd6d2"
          },
          "type": "Response",
          "kind": "PowerApp",
          "inputs": {
            "statusCode": 200,
            "body": {
              "responsecode": "200",
              "responsemessage": " "
            },
            "schema": {
              "type": "object",
              "properties": {
                "responsecode": {
                  "title": "ResponseCode",
                  "x-ms-dynamically-added": true,
                  "type": "string"
                },
                "responsemessage": {
                  "title": "ResponseMessage",
                  "x-ms-dynamically-added": true,
                  "type": "string"
                }
              }
            }
          }
        },
        "CaseID": {
          "runAfter": {
            "Actors": [
              "Succeeded"
            ]
          },
          "metadata": {
            "operationMetadataId": "cec00d26-37b8-4f6a-b837-3eeefb19b7fc"
          },
          "type": "Compose",
          "inputs": "@triggerBody()['text']"
        },
        "NewStatus": {
          "runAfter": {
            "CaseID": [
              "Succeeded"
            ]
          },
          "metadata": {
            "operationMetadataId": "15bed916-2306-49c3-84a3-7f6c175741e9"
          },
          "type": "Compose",
          "inputs": "@triggerBody()['text_1']"
        },
        "Get_items_-_Cases": {
          "runAfter": {
            "Filter_array_clean_claims": [
              "Succeeded"
            ]
          },
          "metadata": {
            "operationMetadataId": "e44a9e93-b2de-43a7-8c96-6cd0f0566928"
          },
          "type": "OpenApiConnection",
          "inputs": {
            "host": {
              "connectionName": "shared_sharepointonline_1",
              "operationId": "GetItems",
              "apiId": "/providers/Microsoft.PowerApps/apis/shared_sharepointonline"
            },
            "parameters": {
              "dataset": "@parameters('BPM Site (cr93e_BPMSite)')",
              "table": "@parameters('BPM Cases (cr93e_BPMCases)')",
              "$filter": "CaseID eq '@{outputs('CaseID')}'",
              "$top": 1
            },
            "authentication": {
              "type": "Raw",
              "value": "@json(decodeBase64(triggerOutputs().headers['X-MS-APIM-Tokens']))['$ConnectionKey']"
            }
          }
        }
      },
      "outputs": {}
    }
  },
  "schemaVersion": "1.0.0.0"
}