{
  "properties": {
    "connectionReferences": {
      "shared_sharepointonline_1": {
        "runtimeSource": "embedded",
        "connection": {
          "connectionReferenceLogicalName": "cr93e_BPMToolkitSPConnectionref4"
        },
        "api": {
          "name": "shared_sharepointonline"
        }
      }
    },
    "definition": {
      "$schema": "https://schema.management.azure.com/providers/Microsoft.Logic/schemas/2016-06-01/workflowdefinition.json#",
      "contentVersion": "1.0.0.0",
      "parameters": {
        "$connections": {
          "defaultValue": {},
          "type": "Object"
        },
        "$authentication": {
          "defaultValue": {},
          "type": "SecureObject"
        },
        "BPM Site (cr93e_BPMSite)": {
          "defaultValue": "https://eurocontrol.sharepoint.com/sites/HRSADEV",
          "type": "String",
          "metadata": {
            "schemaName": "cr93e_BPMSite"
          }
        },
        "BPM Permission Matrix (cr93e_BPMPermissionMatrix)": {
          "defaultValue": "8c6ce3ad-b2a0-4257-ad20-3c351356b1c6",
          "type": "String",
          "metadata": {
            "schemaName": "cr93e_BPMPermissionMatrix"
          }
        },
        "BPM Security groups for Case (cr93e_BPMSecuritygroupsforCase)": {
          "defaultValue": "bb37c184-a7c4-4bad-a2a7-07dcf64a3cf1",
          "type": "String",
          "metadata": {
            "schemaName": "cr93e_BPMSecuritygroupsforCase"
          }
        }
      },
      "triggers": {
        "Recurrence": {
          "recurrence": {
            "frequency": "Day",
            "interval": 1
          },
          "metadata": {
            "operationMetadataId": "6e4b2430-8051-4c30-9ded-a3ef4b78cceb"
          },
          "type": "Recurrence"
        }
      },
      "actions": {
        "Delete_Existing_Permission_Matrix": {
          "actions": {
            "Get_items_Permission_Matrix": {
              "runAfter": {},
              "metadata": {
                "operationMetadataId": "6ca38a1f-7c17-428a-97fd-5c40813f5c39"
              },
              "type": "OpenApiConnection",
              "inputs": {
                "host": {
                  "connectionName": "shared_sharepointonline_1",
                  "operationId": "GetItems",
                  "apiId": "/providers/Microsoft.PowerApps/apis/shared_sharepointonline"
                },
                "parameters": {
                  "dataset": "@parameters('BPM Site (cr93e_BPMSite)')",
                  "table": "@parameters('BPM Permission Matrix (cr93e_BPMPermissionMatrix)')",
                  "$top": 1000
                },
                "authentication": "@parameters('$authentication')"
              }
            },
            "Apply_to_each__Permission_Matrix_entry": {
              "foreach": "@outputs('Get_items_Permission_Matrix')?['body/value']",
              "actions": {
                "Delete_item_-_BPM_Permission_Matrix": {
                  "runAfter": {},
                  "metadata": {
                    "operationMetadataId": "bfd8f316-f1b0-40fd-9378-be083d834673"
                  },
                  "type": "OpenApiConnection",
                  "inputs": {
                    "host": {
                      "connectionName": "shared_sharepointonline_1",
                      "operationId": "DeleteItem",
                      "apiId": "/providers/Microsoft.PowerApps/apis/shared_sharepointonline"
                    },
                    "parameters": {
                      "dataset": "@parameters('BPM Site (cr93e_BPMSite)')",
                      "table": "@parameters('BPM Permission Matrix (cr93e_BPMPermissionMatrix)')",
                      "id": "@items('Apply_to_each__Permission_Matrix_entry')?['ID']"
                    },
                    "authentication": "@parameters('$authentication')"
                  }
                }
              },
              "runAfter": {
                "Get_items_Permission_Matrix": [
                  "Succeeded"
                ]
              },
              "metadata": {
                "operationMetadataId": "f2ff7c23-38f7-4dc6-b206-1a003eebab31"
              },
              "type": "Foreach"
            }
          },
          "runAfter": {},
          "metadata": {
            "operationMetadataId": "1a334841-7249-4d1f-aba5-8ebc82574c87"
          },
          "type": "Scope"
        },
        "Recreate_Permission_Matrix": {
          "actions": {
            "Get_items_-_BPM_Security_groups_Case_Types": {
              "runAfter": {},
              "metadata": {
                "operationMetadataId": "bc8f2429-4e52-42fa-bc53-d2ada21b026d"
              },
              "type": "OpenApiConnection",
              "inputs": {
                "host": {
                  "connectionName": "shared_sharepointonline_1",
                  "operationId": "GetItems",
                  "apiId": "/providers/Microsoft.PowerApps/apis/shared_sharepointonline"
                },
                "parameters": {
                  "dataset": "@parameters('BPM Site (cr93e_BPMSite)')",
                  "table": "@parameters('BPM Security groups for Case (cr93e_BPMSecuritygroupsforCase)')",
                  "$top": 1000
                },
                "authentication": "@parameters('$authentication')"
              }
            },
            "Select_-_Security_Groups": {
              "runAfter": {
                "Get_items_-_BPM_Security_groups_Case_Types": [
                  "Succeeded"
                ]
              },
              "metadata": {
                "operationMetadataId": "a2a4a629-6a5f-4a06-9079-8894289365f3"
              },
              "type": "Select",
              "inputs": {
                "from": "@outputs('Get_items_-_BPM_Security_groups_Case_Types')?['body/value']",
                "select": {
                  "SecuritygroupName": "@item()?['SecurityGroup#Claims']"
                }
              }
            },
            "Unique_Security_Groups": {
              "runAfter": {
                "Select_-_Security_Groups": [
                  "Succeeded"
                ]
              },
              "metadata": {
                "operationMetadataId": "aabebd9f-deca-4c53-aaa9-0afcb637dd49"
              },
              "type": "Compose",
              "inputs": "@union(body('Select_-_Security_Groups'),body('Select_-_Security_Groups'))"
            },
            "Apply_to_each": {
              "foreach": "@outputs('Unique_Security_Groups')",
              "actions": {
                "Send_an_HTTP_request_to_SharePoint_-_Get_Group_Id": {
                  "runAfter": {},
                  "metadata": {
                    "operationMetadataId": "c06fcd8f-884f-46f0-ad59-9159487d1304"
                  },
                  "type": "OpenApiConnection",
                  "inputs": {
                    "host": {
                      "connectionName": "shared_sharepointonline_1",
                      "operationId": "HttpRequest",
                      "apiId": "/providers/Microsoft.PowerApps/apis/shared_sharepointonline"
                    },
                    "parameters": {
                      "dataset": "@parameters('BPM Site (cr93e_BPMSite)')",
                      "parameters/method": "GET",
                      "parameters/uri": "_api/web/sitegroups/GetByName('@{item()?['SecuritygroupName']}')"
                    },
                    "authentication": "@parameters('$authentication')"
                  }
                },
                "SecurityGroupId": {
                  "runAfter": {
                    "SecurityGroupName": [
                      "Succeeded"
                    ]
                  },
                  "metadata": {
                    "operationMetadataId": "c6b750bc-cd45-4c8e-97ac-41c42122b51f"
                  },
                  "type": "Compose",
                  "inputs": "@body('Send_an_HTTP_request_to_SharePoint_-_Get_Group_Id')?['d']?['Id']"
                },
                "Send_an_HTTP_request_to_SharePoint_-_Get_Users_in_Group": {
                  "runAfter": {
                    "SecurityGroupId": [
                      "Succeeded"
                    ]
                  },
                  "metadata": {
                    "operationMetadataId": "ed9a9a5d-b843-4576-b24c-26fb5e5a15a6"
                  },
                  "type": "OpenApiConnection",
                  "inputs": {
                    "host": {
                      "connectionName": "shared_sharepointonline_1",
                      "operationId": "HttpRequest",
                      "apiId": "/providers/Microsoft.PowerApps/apis/shared_sharepointonline"
                    },
                    "parameters": {
                      "dataset": "@parameters('BPM Site (cr93e_BPMSite)')",
                      "parameters/method": "GET",
                      "parameters/uri": "/_api/web/sitegroups/getbyid(@{outputs('SecurityGroupId')})/Users()"
                    },
                    "authentication": "@parameters('$authentication')"
                  }
                },
                "Users_in_Group": {
                  "runAfter": {
                    "Send_an_HTTP_request_to_SharePoint_-_Get_Users_in_Group": [
                      "Succeeded"
                    ]
                  },
                  "metadata": {
                    "operationMetadataId": "cdc6c6db-5015-4742-8e4f-7cf20ff019ba"
                  },
                  "type": "Compose",
                  "inputs": "@body('Send_an_HTTP_request_to_SharePoint_-_Get_Users_in_Group')"
                },
                "Apply_to_each_User_in_Group": {
                  "foreach": "@outputs('Users_in_Group')?['d']?['results']",
                  "actions": {
                    "email_of_member_of_this_group": {
                      "runAfter": {},
                      "metadata": {
                        "operationMetadataId": "bb4a80db-8aed-49fd-be33-142b6c433300"
                      },
                      "type": "Compose",
                      "inputs": "@item()?['email']"
                    },
                    "Create_item_-_BPM_Permission_Matrix_entry": {
                      "runAfter": {
                        "email_of_member_of_this_group": [
                          "Succeeded"
                        ]
                      },
                      "metadata": {
                        "operationMetadataId": "e04370cf-2c4b-4fe8-bb47-4fe724ef192a"
                      },
                      "type": "OpenApiConnection",
                      "inputs": {
                        "host": {
                          "connectionName": "shared_sharepointonline_1",
                          "operationId": "PostItem",
                          "apiId": "/providers/Microsoft.PowerApps/apis/shared_sharepointonline"
                        },
                        "parameters": {
                          "dataset": "@parameters('BPM Site (cr93e_BPMSite)')",
                          "table": "@parameters('BPM Permission Matrix (cr93e_BPMPermissionMatrix)')",
                          "item/email": "@outputs('email_of_member_of_this_group')",
                          "item/securitygroup": "@outputs('SecurityGroupName')",
                          "item/securitygroupid": "@outputs('SecurityGroupId')"
                        },
                        "authentication": "@parameters('$authentication')"
                      }
                    }
                  },
                  "runAfter": {
                    "Users_in_Group": [
                      "Succeeded"
                    ]
                  },
                  "metadata": {
                    "operationMetadataId": "05e95dbc-71a4-4317-974e-f877a76757e9"
                  },
                  "type": "Foreach"
                },
                "SecurityGroupName": {
                  "runAfter": {
                    "Send_an_HTTP_request_to_SharePoint_-_Get_Group_Id": [
                      "Succeeded"
                    ]
                  },
                  "metadata": {
                    "operationMetadataId": "5c4c4310-a2bd-4fcc-8fde-2d21620b58b7"
                  },
                  "type": "Compose",
                  "inputs": "@item()?['SecuritygroupName']"
                }
              },
              "runAfter": {
                "Unique_Security_Groups": [
                  "Succeeded"
                ]
              },
              "metadata": {
                "operationMetadataId": "39f0299a-3f53-4f8c-8fed-e7a39042d355"
              },
              "type": "Foreach"
            }
          },
          "runAfter": {
            "Delete_Existing_Permission_Matrix": [
              "Succeeded"
            ]
          },
          "metadata": {
            "operationMetadataId": "028648f5-3523-46f0-9401-a86ee26a20fb"
          },
          "type": "Scope"
        }
      },
      "outputs": {}
    }
  },
  "schemaVersion": "1.0.0.0"
}