{
  "properties": {
    "connectionReferences": {
      "shared_sharepointonline_1": {
        "runtimeSource": "embedded",
        "connection": {
          "connectionReferenceLogicalName": "cr93e_BPMToolkitSPConnectionref2"
        },
        "api": {
          "name": "shared_sharepointonline"
        }
      }
    },
    "definition": {
      "$schema": "https://schema.management.azure.com/providers/Microsoft.Logic/schemas/2016-06-01/workflowdefinition.json#",
      "contentVersion": "1.0.0.0",
      "parameters": {
        "$connections": {
          "defaultValue": {},
          "type": "Object"
        },
        "$authentication": {
          "defaultValue": {},
          "type": "SecureObject"
        },
        "BPM Site (cr93e_BPMSite)": {
          "defaultValue": "https://eurocontrol.sharepoint.com/sites/HRSADEV",
          "type": "String",
          "metadata": {
            "schemaName": "cr93e_BPMSite"
          }
        },
        "BPM Cases (cr93e_BPMCases)": {
          "defaultValue": "28007d72-bc53-410a-b713-409478508462",
          "type": "String",
          "metadata": {
            "schemaName": "cr93e_BPMCases"
          }
        }
      },
      "triggers": {
        "manual": {
          "metadata": {
            "operationMetadataId": "33efb188-e987-4aff-8bd9-94931a31a324"
          },
          "type": "Request",
          "kind": "Button",
          "inputs": {
            "schema": {
              "type": "object",
              "properties": {
                "text": {
                  "title": "Attachments",
                  "type": "string",
                  "x-ms-dynamically-added": true,
                  "description": "Please enter your input",
                  "x-ms-content-hint": "TEXT"
                },
                "text_1": {
                  "title": "CaseID",
                  "type": "string",
                  "x-ms-dynamically-added": true,
                  "description": "Please enter your input",
                  "x-ms-content-hint": "TEXT"
                }
              },
              "required": [
                "text",
                "text_1"
              ]
            }
          }
        }
      },
      "actions": {
        "Respond_to_a_PowerApp_or_flow": {
          "runAfter": {
            "Apply_to_each_Case": [
              "Succeeded"
            ]
          },
          "metadata": {
            "operationMetadataId": "82d49752-2e22-4ce9-b8e5-756c1b23acc9"
          },
          "type": "Response",
          "kind": "PowerApp",
          "inputs": {
            "statusCode": 200,
            "body": {
              "responsecode": "200",
              "responsemessage": " "
            },
            "schema": {
              "type": "object",
              "properties": {
                "responsecode": {
                  "title": "ResponseCode",
                  "x-ms-dynamically-added": true,
                  "type": "string"
                },
                "responsemessage": {
                  "title": "ResponseMessage",
                  "x-ms-dynamically-added": true,
                  "type": "string"
                }
              }
            }
          }
        },
        "Attachments": {
          "runAfter": {},
          "metadata": {
            "operationMetadataId": "c9f9e8a7-a0df-4a2d-95fe-78367479588c"
          },
          "type": "Compose",
          "inputs": "@json(triggerBody()['text'])"
        },
        "CaseID": {
          "runAfter": {
            "Attachments": [
              "Succeeded"
            ]
          },
          "metadata": {
            "operationMetadataId": "29e85a43-ff6e-4e76-9730-f04f976415a2"
          },
          "type": "Compose",
          "inputs": "@triggerBody()['text_1']"
        },
        "Get_items_-_Cases": {
          "runAfter": {
            "List_Guid": [
              "Succeeded"
            ]
          },
          "metadata": {
            "operationMetadataId": "8b801c54-9b12-4987-9832-b574fc1e6f82"
          },
          "type": "OpenApiConnection",
          "inputs": {
            "host": {
              "connectionName": "shared_sharepointonline_1",
              "operationId": "GetItems",
              "apiId": "/providers/Microsoft.PowerApps/apis/shared_sharepointonline"
            },
            "parameters": {
              "dataset": "@parameters('BPM Site (cr93e_BPMSite)')",
              "table": "@parameters('BPM Cases (cr93e_BPMCases)')",
              "$filter": "CaseID eq '@{outputs('CaseID')}'",
              "$top": 1
            },
            "authentication": {
              "type": "Raw",
              "value": "@json(decodeBase64(triggerOutputs().headers['X-MS-APIM-Tokens']))['$ConnectionKey']"
            }
          }
        },
        "Apply_to_each_Case": {
          "foreach": "@outputs('Get_items_-_Cases')?['body/value']",
          "actions": {
            "Delete_Existing_attachments": {
              "actions": {
                "Apply_to_each": {
                  "foreach": "@outputs('Get_attachments')?['body']",
                  "actions": {
                    "Delete_attachment": {
                      "runAfter": {},
                      "metadata": {
                        "operationMetadataId": "5dec1862-54a3-44d0-82d2-5400d792758c"
                      },
                      "type": "OpenApiConnection",
                      "inputs": {
                        "host": {
                          "connectionName": "shared_sharepointonline_1",
                          "operationId": "DeleteAttachment",
                          "apiId": "/providers/Microsoft.PowerApps/apis/shared_sharepointonline"
                        },
                        "parameters": {
                          "dataset": "@parameters('BPM Site (cr93e_BPMSite)')",
                          "table": "@parameters('BPM Cases (cr93e_BPMCases)')",
                          "itemId": "@items('Apply_to_each_Case')?['ID']",
                          "attachmentId": "@items('Apply_to_each')?['Id']"
                        },
                        "authentication": {
                          "type": "Raw",
                          "value": "@json(decodeBase64(triggerOutputs().headers['X-MS-APIM-Tokens']))['$ConnectionKey']"
                        }
                      }
                    }
                  },
                  "runAfter": {
                    "Get_attachments": [
                      "Succeeded"
                    ]
                  },
                  "metadata": {
                    "operationMetadataId": "b22d64fa-d837-4159-97cf-84a61f3394fd"
                  },
                  "type": "Foreach"
                },
                "Get_attachments": {
                  "runAfter": {},
                  "metadata": {
                    "operationMetadataId": "882910ff-12c2-461b-9401-64e1cbcc4b6e"
                  },
                  "type": "OpenApiConnection",
                  "inputs": {
                    "host": {
                      "connectionName": "shared_sharepointonline_1",
                      "operationId": "GetItemAttachments",
                      "apiId": "/providers/Microsoft.PowerApps/apis/shared_sharepointonline"
                    },
                    "parameters": {
                      "dataset": "@parameters('BPM Site (cr93e_BPMSite)')",
                      "table": "@parameters('BPM Cases (cr93e_BPMCases)')",
                      "itemId": "@items('Apply_to_each_Case')?['ID']"
                    },
                    "authentication": {
                      "type": "Raw",
                      "value": "@json(decodeBase64(triggerOutputs().headers['X-MS-APIM-Tokens']))['$ConnectionKey']"
                    }
                  }
                }
              },
              "runAfter": {},
              "metadata": {
                "operationMetadataId": "4c5c0600-9465-45b3-bd49-73d37f760eeb"
              },
              "type": "Scope"
            },
            "Add_New_Attachments": {
              "actions": {
                "Apply_to_each_Attachment": {
                  "foreach": "@outputs('Attachments')",
                  "actions": {
                    "Add_attachment": {
                      "runAfter": {},
                      "metadata": {
                        "operationMetadataId": "743c7fd7-c2ed-404a-900a-c30ed11565ed"
                      },
                      "type": "OpenApiConnection",
                      "inputs": {
                        "host": {
                          "connectionName": "shared_sharepointonline_1",
                          "operationId": "CreateAttachment",
                          "apiId": "/providers/Microsoft.PowerApps/apis/shared_sharepointonline"
                        },
                        "parameters": {
                          "dataset": "@parameters('BPM Site (cr93e_BPMSite)')",
                          "table": "@parameters('BPM Cases (cr93e_BPMCases)')",
                          "itemId": "@items('Apply_to_each_Case')?['ID']",
                          "displayName": "@item()?['FileName']",
                          "body": "@dataUriToBinary(item()?['FileContent'])"
                        },
                        "authentication": {
                          "type": "Raw",
                          "value": "@json(decodeBase64(triggerOutputs().headers['X-MS-APIM-Tokens']))['$ConnectionKey']"
                        }
                      }
                    }
                  },
                  "runAfter": {},
                  "metadata": {
                    "operationMetadataId": "2cd06622-470a-4a18-8b98-58cde52d9139"
                  },
                  "type": "Foreach"
                }
              },
              "runAfter": {
                "Delete_Existing_attachments": [
                  "Succeeded"
                ]
              },
              "metadata": {
                "operationMetadataId": "014040c1-6d01-4416-8706-9fb024a35be4"
              },
              "type": "Scope"
            }
          },
          "runAfter": {
            "Get_items_-_Cases": [
              "Succeeded"
            ]
          },
          "metadata": {
            "operationMetadataId": "22434981-452b-4654-953c-61636cd244b6"
          },
          "type": "Foreach"
        },
        "List_Guid": {
          "runAfter": {
            "CaseID": [
              "Succeeded"
            ]
          },
          "metadata": {
            "operationMetadataId": "87f32a42-2ab4-4e6d-a616-d0a87e6d750e"
          },
          "type": "Compose",
          "inputs": "d26ef165-c6be-4c54-81c0-e9b707e5b1cd"
        }
      },
      "outputs": {}
    }
  },
  "schemaVersion": "1.0.0.0"
}