{
  "properties": {
    "connectionReferences": {},
    "definition": {
      "$schema": "https://schema.management.azure.com/providers/Microsoft.Logic/schemas/2016-06-01/workflowdefinition.json#",
      "contentVersion": "1.0.0.0",
      "parameters": {
        "$authentication": {
          "defaultValue": {},
          "type": "SecureObject"
        }
      },
      "triggers": {
        "manual": {
          "metadata": {
            "operationMetadataId": "b617947f-9b6f-4b00-9b5c-0ce185fd7b42"
          },
          "type": "Request",
          "kind": "Button",
          "inputs": {
            "schema": {
              "type": "object",
              "properties": {},
              "required": []
            }
          }
        }
      },
      "actions": {
        "Respond_to_a_PowerApp_or_flow": {
          "runAfter": {
            "NewCase": [
              "Succeeded"
            ]
          },
          "metadata": {
            "operationMetadataId": "4f448c66-00a8-4972-bb79-d4cf92baf83b"
          },
          "type": "Response",
          "kind": "PowerApp",
          "inputs": {
            "statusCode": 200,
            "body": {
              "newcaseid": "@{outputs('NewCase')}",
              "reponsecode": " 200",
              "responsemessage": " "
            },
            "schema": {
              "type": "object",
              "properties": {
                "newcaseid": {
                  "title": "NewCaseID",
                  "x-ms-dynamically-added": true,
                  "type": "string"
                },
                "reponsecode": {
                  "title": "ReponseCode",
                  "x-ms-dynamically-added": true,
                  "type": "string"
                },
                "responsemessage": {
                  "title": "ResponseMessage",
                  "x-ms-dynamically-added": true,
                  "type": "string"
                }
              }
            }
          }
        },
        "NewCase": {
          "runAfter": {
            "Convert_time_zone": [
              "Succeeded"
            ]
          },
          "metadata": {
            "operationMetadataId": "91801f1f-2e4b-49a6-99c9-734ccc0bc2be"
          },
          "type": "Compose",
          "inputs": "Req-@{replace(body('Convert_time_zone'),'T',' T ')}",
          "description": "Req-2021-10-28 T 13:20:01.4033299 with a space before and after the T"
        },
        "Convert_time_zone": {
          "runAfter": {},
          "metadata": {
            "operationMetadataId": "c997cd91-d1f8-4e09-813d-3acbc855aa71"
          },
          "type": "Expression",
          "kind": "ConvertTimeZone",
          "inputs": {
            "baseTime": "@{utcNow()}",
            "formatString": "o",
            "sourceTimeZone": "UTC",
            "destinationTimeZone": "Romance Standard Time"
          }
        }
      },
      "outputs": {}
    }
  },
  "schemaVersion": "1.0.0.0"
}