{
  "properties": {
    "connectionReferences": {
      "shared_sharepointonline": {
        "runtimeSource": "embedded",
        "connection": {
          "connectionReferenceLogicalName": "cr93e_BPMToolkitSPConnectionref2"
        },
        "api": {
          "name": "shared_sharepointonline"
        }
      },
      "shared_sharepointonline_1": {
        "runtimeSource": "embedded",
        "connection": {
          "connectionReferenceLogicalName": "cr93e_sharedsharepointonline_2738c"
        },
        "api": {
          "name": "shared_sharepointonline"
        }
      }
    },
    "definition": {
      "$schema": "https://schema.management.azure.com/providers/Microsoft.Logic/schemas/2016-06-01/workflowdefinition.json#",
      "contentVersion": "1.0.0.0",
      "parameters": {
        "$connections": {
          "defaultValue": {},
          "type": "Object"
        },
        "$authentication": {
          "defaultValue": {},
          "type": "SecureObject"
        },
        "BPM Site (cr93e_BPMSite)": {
          "defaultValue": "https://eurocontrol.sharepoint.com/sites/HRSADEV",
          "type": "String",
          "metadata": {
            "schemaName": "cr93e_BPMSite"
          }
        },
        "BPM Late Cases (cr93e_BPMLateCases)": {
          "defaultValue": "2565505b-eb9f-41b5-b2ca-f54ea4f0aecb",
          "type": "String",
          "metadata": {
            "schemaName": "cr93e_BPMLateCases"
          }
        },
        "BPM Statistics (cr93e_BPMStatistics)": {
          "defaultValue": "d55b9097-35bd-455c-8bfa-bafae17a23a2",
          "type": "String",
          "metadata": {
            "schemaName": "cr93e_BPMStatistics"
          }
        }
      },
      "triggers": {
        "Recurrence": {
          "recurrence": {
            "frequency": "Hour",
            "interval": 3,
            "timeZone": "Romance Standard Time"
          },
          "metadata": {
            "operationMetadataId": "cc933377-9c17-4d33-bf5a-9c0577ffa6f9"
          },
          "type": "Recurrence",
          "conditions": [
            {
              "expression": "@less(int(utcNow('HH')),20)"
            },
            {
              "expression": "@greater(int(utcNow('HH')),6)"
            }
          ]
        }
      },
      "actions": {
        "Run_a_Child_Flow_-_Get_Main_KPIS": {
          "runAfter": {},
          "metadata": {
            "operationMetadataId": "84a01088-ded3-49ba-ae5f-30a371260366"
          },
          "type": "Workflow",
          "inputs": {
            "host": {
              "workflowReferenceName": "f8e6d12d-c6b6-ea11-a812-000d3a45b556"
            },
            "body": {
              "text": "all"
            }
          }
        },
        "Get_items_-_BPM_Statistics": {
          "runAfter": {
            "Run_a_Child_Flow_-_Get_Main_KPIS": [
              "Succeeded"
            ]
          },
          "metadata": {
            "operationMetadataId": "9b911a7a-59ae-4a7e-8d5c-9a84d322d39c"
          },
          "type": "OpenApiConnection",
          "inputs": {
            "host": {
              "connectionName": "shared_sharepointonline",
              "operationId": "GetItems",
              "apiId": "/providers/Microsoft.PowerApps/apis/shared_sharepointonline"
            },
            "parameters": {
              "dataset": "@parameters('BPM Site (cr93e_BPMSite)')",
              "table": "@parameters('BPM Statistics (cr93e_BPMStatistics)')",
              "$top": 1
            },
            "authentication": "@parameters('$authentication')"
          }
        },
        "Apply_to_each": {
          "foreach": "@outputs('Get_items_-_BPM_Statistics')?['body/value']",
          "actions": {
            "Update_item_-_BPM_Statistics": {
              "runAfter": {},
              "metadata": {
                "operationMetadataId": "d8182ac6-8bf4-4fad-a7de-fbf813c93410"
              },
              "type": "OpenApiConnection",
              "inputs": {
                "host": {
                  "connectionName": "shared_sharepointonline",
                  "operationId": "PatchItem",
                  "apiId": "/providers/Microsoft.PowerApps/apis/shared_sharepointonline"
                },
                "parameters": {
                  "dataset": "@parameters('BPM Site (cr93e_BPMSite)')",
                  "table": "@parameters('BPM Statistics (cr93e_BPMStatistics)')",
                  "id": "@items('Apply_to_each')?['ID']",
                  "item/Title": "@parameters('BPM Statistics (cr93e_BPMStatistics)')",
                  "item/KPI_AllCases": "@outputs('Run_a_Child_Flow_-_Get_Main_KPIS')?['Body']?['kpiallcase']",
                  "item/KPI_ApprovedCases": "@outputs('Run_a_Child_Flow_-_Get_Main_KPIS')?['Body']?['kpiapprovedcases']",
                  "item/KPI_RejectedCases": "@outputs('Run_a_Child_Flow_-_Get_Main_KPIS')?['Body']?['kpirejectedcases']",
                  "item/KPI_CasesBeingWorkedOn": "@outputs('Run_a_Child_Flow_-_Get_Main_KPIS')?['Body']?['kpiwaitingforsomeone']",
                  "item/KPI_CasesStopped": "@outputs('Run_a_Child_Flow_-_Get_Main_KPIS')?['Body']?['kpistoppedcases']",
                  "item/KPI_WaitingCases": "@outputs('Run_a_Child_Flow_-_Get_Main_KPIS')?['Body']?['kpiwaitingcases']",
                  "item/KPI_Late": "@outputs('HowManyAreLate')"
                },
                "authentication": "@parameters('$authentication')"
              }
            }
          },
          "runAfter": {
            "Condition": [
              "Succeeded"
            ]
          },
          "metadata": {
            "operationMetadataId": "3c4213ee-f56f-4ff8-999e-5e531fa3efbe"
          },
          "type": "Foreach"
        },
        "Condition": {
          "actions": {
            "Create_item_-_BPM_Statistics": {
              "runAfter": {},
              "metadata": {
                "operationMetadataId": "d8260aee-1e32-491a-83ab-77a70fdd7a73"
              },
              "type": "OpenApiConnection",
              "inputs": {
                "host": {
                  "connectionName": "shared_sharepointonline",
                  "operationId": "PostItem",
                  "apiId": "/providers/Microsoft.PowerApps/apis/shared_sharepointonline"
                },
                "parameters": {
                  "dataset": "@parameters('BPM Site (cr93e_BPMSite)')",
                  "table": "@parameters('BPM Statistics (cr93e_BPMStatistics)')",
                  "item/KPI_AllCases": "not calculated yet"
                },
                "authentication": "@parameters('$authentication')"
              }
            }
          },
          "runAfter": {
            "HowManyAreLate": [
              "Succeeded"
            ]
          },
          "expression": {
            "equals": [
              "@length(outputs('Get_items_-_BPM_Statistics')?['body/value'])",
              0
            ]
          },
          "metadata": {
            "operationMetadataId": "f99c7de4-cbdb-4448-b23f-0116319ad71a"
          },
          "type": "If"
        },
        "Get_items_-_Late_Cases": {
          "runAfter": {
            "Get_items_-_BPM_Statistics": [
              "Succeeded"
            ]
          },
          "metadata": {
            "operationMetadataId": "03282add-943e-4595-81b2-3c8b8c8792e6"
          },
          "type": "OpenApiConnection",
          "inputs": {
            "host": {
              "connectionName": "shared_sharepointonline_1",
              "operationId": "GetItems",
              "apiId": "/providers/Microsoft.PowerApps/apis/shared_sharepointonline"
            },
            "parameters": {
              "dataset": "@parameters('BPM Site (cr93e_BPMSite)')",
              "table": "@parameters('BPM Late Cases (cr93e_BPMLateCases)')"
            },
            "authentication": "@parameters('$authentication')"
          },
          "runtimeConfiguration": {
            "paginationPolicy": {
              "minimumItemCount": 500
            }
          }
        },
        "HowManyAreLate": {
          "runAfter": {
            "Get_items_-_Late_Cases": [
              "Succeeded"
            ]
          },
          "metadata": {
            "operationMetadataId": "0e69a2ba-edd5-411d-b86c-aa624217532e"
          },
          "type": "Compose",
          "inputs": "@length(outputs('Get_items_-_Late_Cases')?['body/value'])"
        }
      },
      "outputs": {}
    }
  },
  "schemaVersion": "1.0.0.0"
}