{
  "properties": {
    "connectionReferences": {
      "shared_flowmanagement_1": {
        "runtimeSource": "embedded",
        "connection": {
          "connectionReferenceLogicalName": "cr93e_sharedflowmanagement_11686"
        },
        "api": {
          "name": "shared_flowmanagement"
        }
      },
      "shared_sharepointonline_1": {
        "runtimeSource": "embedded",
        "connection": {
          "connectionReferenceLogicalName": "cr93e_BPMToolkitSPConnectionref4"
        },
        "api": {
          "name": "shared_sharepointonline"
        }
      }
    },
    "definition": {
      "$schema": "https://schema.management.azure.com/providers/Microsoft.Logic/schemas/2016-06-01/workflowdefinition.json#",
      "contentVersion": "1.0.0.0",
      "parameters": {
        "$connections": {
          "defaultValue": {},
          "type": "Object"
        },
        "$authentication": {
          "defaultValue": {},
          "type": "SecureObject"
        },
        "BPM Site (cr93e_BPMSite)": {
          "defaultValue": "https://eurocontrol.sharepoint.com/sites/HRSADEV",
          "type": "String",
          "metadata": {
            "schemaName": "cr93e_BPMSite"
          }
        },
        "BPM Statistics (cr93e_BPMStatistics)": {
          "defaultValue": "d55b9097-35bd-455c-8bfa-bafae17a23a2",
          "type": "String",
          "metadata": {
            "schemaName": "cr93e_BPMStatistics"
          }
        }
      },
      "triggers": {
        "Recurrence": {
          "recurrence": {
            "frequency": "Hour",
            "interval": 1,
            "timeZone": "Romance Standard Time"
          },
          "metadata": {
            "operationMetadataId": "0ccae507-a5f0-43f8-9342-b37192a57f19"
          },
          "type": "Recurrence",
          "conditions": []
        }
      },
      "actions": {
        "List_Flows_as_Admin": {
          "runAfter": {},
          "metadata": {
            "operationMetadataId": "eec560d0-08d2-4365-b31f-3abd29111a35"
          },
          "type": "OpenApiConnection",
          "inputs": {
            "host": {
              "connectionName": "shared_flowmanagement_1",
              "operationId": "ListFlowsInEnvironment",
              "apiId": "/providers/Microsoft.PowerApps/apis/shared_flowmanagement"
            },
            "parameters": {
              "environmentName": "30afb443-941c-497b-934d-b7c85d2b4839"
            },
            "authentication": "@parameters('$authentication')"
          }
        },
        "Filter_array_-_Stopped_Flows": {
          "runAfter": {
            "Initialize_variable": [
              "Succeeded"
            ]
          },
          "metadata": {
            "operationMetadataId": "31e89fe4-4053-4162-948a-e3d46253c950"
          },
          "type": "Query",
          "inputs": {
            "from": "@outputs('List_Flows_as_Admin')?['body/value']",
            "where": "@equals(item()?['properties']?['state'], 'Stopped')"
          }
        },
        "Scope": {
          "actions": {
            "Apply_to_each": {
              "foreach": "@body('Filter_array_-_Stopped_Flows')",
              "actions": {
                "Run_a_Child_Flow_-_BPM_Toolkit_-_Log_Flow_Error_Message": {
                  "runAfter": {},
                  "metadata": {
                    "operationMetadataId": "c7626f38-8bbf-4dee-b1b9-95a9f4813607"
                  },
                  "type": "Workflow",
                  "inputs": {
                    "host": {
                      "workflowReferenceName": "00b1e63b-059c-eb11-b1ac-000d3adb2e7a"
                    },
                    "body": {
                      "text": "NA",
                      "text_1": "Error",
                      "text_2": "The flow  @{items('Apply_to_each')?['properties']?['displayName']} is stopped. Suspension reason: @{items('Apply_to_each')?['properties']?['flowSuspensionReason']}. trying to restart it...",
                      "text_3": "@items('Apply_to_each')?['properties']?['displayName']"
                    }
                  }
                },
                "Turn_On_Flow_-_Stopped_flow": {
                  "runAfter": {
                    "Run_a_Child_Flow_-_BPM_Toolkit_-_Log_Flow_Error_Message": [
                      "Succeeded"
                    ]
                  },
                  "metadata": {
                    "operationMetadataId": "98b66ccd-e58a-4d1d-a318-75e4d1d634f4"
                  },
                  "type": "OpenApiConnection",
                  "inputs": {
                    "host": {
                      "connectionName": "shared_flowmanagement_1",
                      "operationId": "StartFlow",
                      "apiId": "/providers/Microsoft.PowerApps/apis/shared_flowmanagement"
                    },
                    "parameters": {
                      "environmentName": "3af4e34d-f8ed-415b-8733-7586cda19fba",
                      "flowName": "@items('Apply_to_each')?['name']"
                    },
                    "authentication": "@parameters('$authentication')"
                  }
                },
                "Failed_to_restart_a_flow": {
                  "actions": {
                    "Run_a_Child_Flow_-_BPM_Toolkit_-_Log_Flow_Error_Message_": {
                      "runAfter": {},
                      "metadata": {
                        "operationMetadataId": "6e8c05c7-0e8d-4011-a109-258d51f66a4e"
                      },
                      "type": "Workflow",
                      "inputs": {
                        "host": {
                          "workflowReferenceName": "00b1e63b-059c-eb11-b1ac-000d3adb2e7a"
                        },
                        "body": {
                          "text": "NA",
                          "text_1": "Error",
                          "text_2": "Could not restarted the flow  @{items('Apply_to_each')?['properties']?['displayName']} ",
                          "text_3": "@{items('Apply_to_each')?['properties']?['displayName']} "
                        }
                      }
                    },
                    "Set_variable_Services_Working_ok": {
                      "runAfter": {
                        "Run_a_Child_Flow_-_BPM_Toolkit_-_Log_Flow_Error_Message_": [
                          "Succeeded"
                        ]
                      },
                      "metadata": {
                        "operationMetadataId": "49f28753-a766-4433-9a2f-08f73a3094e4"
                      },
                      "type": "SetVariable",
                      "inputs": {
                        "name": "Services working ok",
                        "value": false
                      }
                    }
                  },
                  "runAfter": {
                    "Turn_On_Flow_-_Stopped_flow": [
                      "Failed",
                      "Skipped",
                      "TimedOut"
                    ]
                  },
                  "metadata": {
                    "operationMetadataId": "6d9a1afa-1a5d-4996-b6a0-1ec5289ce2e6"
                  },
                  "type": "Scope"
                }
              },
              "runAfter": {},
              "metadata": {
                "operationMetadataId": "54ff3d25-503b-43d6-b4bb-7cbc1dd1ef96"
              },
              "type": "Foreach"
            }
          },
          "runAfter": {
            "Filter_array_-_Stopped_Flows": [
              "Succeeded"
            ]
          },
          "metadata": {
            "operationMetadataId": "dc204522-778f-4c25-b054-40f847f75508"
          },
          "type": "Scope"
        },
        "Initialize_variable": {
          "runAfter": {
            "List_Flows_as_Admin": [
              "Succeeded"
            ]
          },
          "metadata": {
            "operationMetadataId": "9227a6e3-a6c0-43e7-9ed6-a58c3f60752b"
          },
          "type": "InitializeVariable",
          "inputs": {
            "variables": [
              {
                "name": "Services working ok",
                "type": "boolean",
                "value": true
              }
            ]
          }
        },
        "Get_items_-_BPM_Statistics": {
          "runAfter": {
            "Scope": [
              "Succeeded"
            ]
          },
          "metadata": {
            "operationMetadataId": "675b6293-1331-426b-84ee-d6cec36df30f"
          },
          "type": "OpenApiConnection",
          "inputs": {
            "host": {
              "connectionName": "shared_sharepointonline_1",
              "operationId": "GetItems",
              "apiId": "/providers/Microsoft.PowerApps/apis/shared_sharepointonline"
            },
            "parameters": {
              "dataset": "@parameters('BPM Site (cr93e_BPMSite)')",
              "table": "@parameters('BPM Statistics (cr93e_BPMStatistics)')"
            },
            "authentication": "@parameters('$authentication')"
          }
        },
        "Apply_to_each_Statistic": {
          "foreach": "@outputs('Get_items_-_BPM_Statistics')?['body/value']",
          "actions": {
            "Check_if_Service_if_running_fine": {
              "actions": {
                "Update_item_-_Statistics_-_With_Service_Status_ok": {
                  "runAfter": {},
                  "metadata": {
                    "operationMetadataId": "19b88363-462b-4311-af13-dcdf6dfb7a4b"
                  },
                  "type": "OpenApiConnection",
                  "inputs": {
                    "host": {
                      "connectionName": "shared_sharepointonline_1",
                      "operationId": "PatchItem",
                      "apiId": "/providers/Microsoft.PowerApps/apis/shared_sharepointonline"
                    },
                    "parameters": {
                      "dataset": "@parameters('BPM Site (cr93e_BPMSite)')",
                      "table": "@parameters('BPM Statistics (cr93e_BPMStatistics)')",
                      "id": "@items('Apply_to_each_Statistic')?['ID']",
                      "item/AllServicesStatus": "OK",
                      "item/CheckedServicesWhen": "@body('Convert_time_zone')"
                    },
                    "authentication": "@parameters('$authentication')"
                  }
                }
              },
              "runAfter": {},
              "else": {
                "actions": {
                  "Update_item_-_Statistics_-_With_Service_Status_ko": {
                    "runAfter": {},
                    "metadata": {
                      "operationMetadataId": "d2e76c3e-ddeb-4f95-b2d4-a8e131e5002b"
                    },
                    "type": "OpenApiConnection",
                    "inputs": {
                      "host": {
                        "connectionName": "shared_sharepointonline_1",
                        "operationId": "PatchItem",
                        "apiId": "/providers/Microsoft.PowerApps/apis/shared_sharepointonline"
                      },
                      "parameters": {
                        "dataset": "@parameters('BPM Site (cr93e_BPMSite)')",
                        "table": "@parameters('BPM Statistics (cr93e_BPMStatistics)')",
                        "id": "@items('Apply_to_each_Statistic')?['ID']",
                        "item/AllServicesStatus": "KO",
                        "item/CheckedServicesWhen": "@body('Convert_time_zone')"
                      },
                      "authentication": "@parameters('$authentication')"
                    }
                  }
                }
              },
              "expression": {
                "equals": [
                  "@variables('Services working ok')",
                  true
                ]
              },
              "metadata": {
                "operationMetadataId": "11428f48-e338-48a3-8a7c-8ccf9e5a4b26"
              },
              "type": "If"
            }
          },
          "runAfter": {
            "Convert_time_zone": [
              "Succeeded"
            ]
          },
          "metadata": {
            "operationMetadataId": "68b2d6af-871a-410a-bd3c-3acc41b3d446"
          },
          "type": "Foreach"
        },
        "Convert_time_zone": {
          "runAfter": {
            "Get_items_-_BPM_Statistics": [
              "Succeeded"
            ]
          },
          "metadata": {
            "operationMetadataId": "165938d7-bc6b-4268-8c5b-fadf1ead7993"
          },
          "type": "Expression",
          "kind": "ConvertTimeZone",
          "inputs": {
            "baseTime": "@{utcnow()}",
            "formatString": "t",
            "sourceTimeZone": "UTC",
            "destinationTimeZone": "Romance Standard Time"
          }
        }
      },
      "outputs": {}
    }
  },
  "schemaVersion": "1.0.0.0"
}