{
  "properties": {
    "connectionReferences": {
      "shared_sharepointonline": {
        "runtimeSource": "embedded",
        "connection": {
          "connectionReferenceLogicalName": "cr93e_BPMToolkitSPConnectionref2"
        },
        "api": {
          "name": "shared_sharepointonline"
        }
      }
    },
    "definition": {
      "$schema": "https://schema.management.azure.com/providers/Microsoft.Logic/schemas/2016-06-01/workflowdefinition.json#",
      "contentVersion": "1.0.0.0",
      "parameters": {
        "$connections": {
          "defaultValue": {},
          "type": "Object"
        },
        "$authentication": {
          "defaultValue": {},
          "type": "SecureObject"
        },
        "BPM Site (cr93e_BPMSite)": {
          "defaultValue": "https://eurocontrol.sharepoint.com/sites/HRSADEV",
          "type": "String",
          "metadata": {
            "schemaName": "cr93e_BPMSite"
          }
        },
        "BPM Case Lifecycle (cr93e_BPMCaseLifecycle)": {
          "defaultValue": "f3de391d-6402-4616-9078-14cf2ca00a7d",
          "type": "String",
          "metadata": {
            "schemaName": "cr93e_BPMCaseLifecycle"
          }
        }
      },
      "staticResults": {
        "Update_item_-_Intermediate_steps_40": {
          "status": "Succeeded",
          "outputs": {
            "statusCode": "OK",
            "headers": {}
          }
        }
      },
      "triggers": {
        "manual": {
          "metadata": {
            "operationMetadataId": "8dfa19ba-1df7-4743-ab42-00c9902bf612"
          },
          "type": "Request",
          "kind": "Button",
          "inputs": {
            "schema": {
              "type": "object",
              "properties": {
                "text": {
                  "title": "FromStep",
                  "type": "string",
                  "x-ms-dynamically-added": true,
                  "description": "Please enter your input",
                  "x-ms-content-hint": "TEXT"
                },
                "text_1": {
                  "title": "ToStep",
                  "type": "string",
                  "x-ms-dynamically-added": true,
                  "description": "Please enter your input",
                  "x-ms-content-hint": "TEXT"
                },
                "text_2": {
                  "title": "CaseID",
                  "type": "string",
                  "x-ms-dynamically-added": true,
                  "description": "Please enter your input",
                  "x-ms-content-hint": "TEXT"
                },
                "boolean": {
                  "title": "CleanUpBetween",
                  "type": "boolean",
                  "x-ms-dynamically-added": true,
                  "description": "Please select yes or no",
                  "x-ms-content-hint": "BOOLEAN"
                },
                "text_3": {
                  "title": "MessageToUser",
                  "type": "string",
                  "x-ms-dynamically-added": true,
                  "description": "Please enter your input",
                  "x-ms-content-hint": "TEXT"
                },
                "text_4": {
                  "title": "TaskExecutedBy",
                  "type": "string",
                  "x-ms-dynamically-added": true,
                  "description": "Please enter your input",
                  "x-ms-content-hint": "TEXT"
                }
              },
              "required": [
                "text",
                "text_1",
                "text_2",
                "boolean"
              ]
            }
          }
        }
      },
      "actions": {
        "FromStep": {
          "runAfter": {},
          "metadata": {
            "operationMetadataId": "9728018c-8e91-44c4-8f5f-549ec7d5c75a"
          },
          "type": "Compose",
          "inputs": "@triggerBody()['text']"
        },
        "ToStep": {
          "runAfter": {
            "FromStep": [
              "Succeeded"
            ]
          },
          "metadata": {
            "operationMetadataId": "264bc621-2584-4c17-98c4-4c74af470d74"
          },
          "type": "Compose",
          "inputs": "@triggerBody()['text_1']"
        },
        "CaseID": {
          "runAfter": {
            "ToStep": [
              "Succeeded"
            ]
          },
          "metadata": {
            "operationMetadataId": "e76985c5-cca4-467a-b399-19f1451cf1af"
          },
          "type": "Compose",
          "inputs": "@triggerBody()['text_2']"
        },
        "CleanUpBetween": {
          "runAfter": {
            "CaseID": [
              "Succeeded"
            ]
          },
          "metadata": {
            "operationMetadataId": "8e3e09b6-6eba-441b-9c37-578b7b34a18c"
          },
          "type": "Compose",
          "inputs": "@triggerBody()['boolean']"
        },
        "MessageToUser": {
          "runAfter": {
            "CleanUpBetween": [
              "Succeeded"
            ]
          },
          "metadata": {
            "operationMetadataId": "11f2db32-3c0b-4c81-84ed-6b81f833e71c"
          },
          "type": "Compose",
          "inputs": "@triggerBody()?['text_3']"
        },
        "Compose": {
          "runAfter": {
            "MessageToUser": [
              "Succeeded"
            ]
          },
          "metadata": {
            "operationMetadataId": "8b95e958-2db5-4676-b8c7-1c613662fccb"
          },
          "type": "Compose",
          "inputs": "@empty(outputs('MessageToUser'))"
        },
        "Try": {
          "actions": {
            "Check_if_we_go_backward": {
              "actions": {
                "Get_items_-_Case_Lifecycle": {
                  "runAfter": {},
                  "metadata": {
                    "operationMetadataId": "e6477df7-4aed-4ed8-953d-9f0ac976a22c"
                  },
                  "type": "OpenApiConnection",
                  "inputs": {
                    "host": {
                      "connectionName": "shared_sharepointonline",
                      "operationId": "GetItems",
                      "apiId": "/providers/Microsoft.PowerApps/apis/shared_sharepointonline"
                    },
                    "parameters": {
                      "dataset": "@parameters('BPM Site (cr93e_BPMSite)')",
                      "table": "@parameters('BPM Case Lifecycle (cr93e_BPMCaseLifecycle)')",
                      "$filter": "CaseID eq '@{outputs('CaseID')}' ",
                      "$orderby": "Step"
                    },
                    "authentication": {
                      "type": "Raw",
                      "value": "@json(decodeBase64(triggerOutputs().headers['X-MS-APIM-Tokens']))['$ConnectionKey']"
                    }
                  }
                },
                "Apply_to_each": {
                  "foreach": "@outputs('Get_items_-_Case_Lifecycle')?['body/value']",
                  "actions": {
                    "If_Intermediate_steps": {
                      "actions": {
                        "Update_item_-_Intermediate_steps": {
                          "runAfter": {},
                          "metadata": {
                            "operationMetadataId": "1e4634e2-d10a-4891-97d4-03fcfda4b797"
                          },
                          "type": "OpenApiConnection",
                          "inputs": {
                            "host": {
                              "connectionName": "shared_sharepointonline",
                              "operationId": "PatchItem",
                              "apiId": "/providers/Microsoft.PowerApps/apis/shared_sharepointonline"
                            },
                            "parameters": {
                              "dataset": "@parameters('BPM Site (cr93e_BPMSite)')",
                              "table": "@parameters('BPM Case Lifecycle (cr93e_BPMCaseLifecycle)')",
                              "id": "@items('Apply_to_each')?['ID']",
                              "item/Comment": "@string('')",
                              "item/Status": "ToBeExecuted"
                            },
                            "authentication": {
                              "type": "Raw",
                              "value": "@json(decodeBase64(triggerOutputs().headers['X-MS-APIM-Tokens']))['$ConnectionKey']"
                            }
                          }
                        }
                      },
                      "runAfter": {},
                      "expression": {
                        "and": [
                          {
                            "greaterOrEquals": [
                              "@int(items('Apply_to_each')?['Step'])",
                              "@int(outputs('ToStep'))"
                            ]
                          },
                          {
                            "lessOrEquals": [
                              "@int(items('Apply_to_each')?['Step'])",
                              "@int(outputs('FromStep'))"
                            ]
                          },
                          {
                            "equals": [
                              "@outputs('CleanUpBetween')",
                              true
                            ]
                          }
                        ]
                      },
                      "metadata": {
                        "operationMetadataId": "56ebb357-f3a9-4108-a491-e0e0501697bb"
                      },
                      "type": "If"
                    },
                    "Check_if_Destination": {
                      "actions": {
                        "Run_a_Child_Flow_-_Notify_Case": {
                          "runAfter": {},
                          "metadata": {
                            "operationMetadataId": "89294752-e76b-49b4-8bd2-19f24945d01c"
                          },
                          "type": "Workflow",
                          "inputs": {
                            "host": {
                              "workflowReferenceName": "c75d4c46-dda3-ea11-a812-000d3a249ca1"
                            },
                            "body": {
                              "text": "@outputs('CaseID')",
                              "text_1": "@string(items('Apply_to_each')?['Step'])",
                              "text_2": "@items('Apply_to_each')?['Actor']",
                              "text_3": "@items('Apply_to_each')?['TypeofactionExpected']",
                              "text_4": "@if (empty(outputs('MessageToUser')),'',outputs('MessageToUser'))"
                            }
                          }
                        },
                        "Check_If_we_reached_a_Stop_": {
                          "actions": {
                            "Update_item_-_Intermediate_steps_-_Stopped": {
                              "runAfter": {},
                              "metadata": {
                                "operationMetadataId": "8a27023d-8965-4660-a0a1-de054bd69db4"
                              },
                              "type": "OpenApiConnection",
                              "inputs": {
                                "host": {
                                  "connectionName": "shared_sharepointonline",
                                  "operationId": "PatchItem",
                                  "apiId": "/providers/Microsoft.PowerApps/apis/shared_sharepointonline"
                                },
                                "parameters": {
                                  "dataset": "@parameters('BPM Site (cr93e_BPMSite)')",
                                  "table": "@parameters('BPM Case Lifecycle (cr93e_BPMCaseLifecycle)')",
                                  "id": "@items('Apply_to_each')?['ID']",
                                  "item/Status": "Stopped",
                                  "item/TaskExecutedBy": "@outputs('TaskExecutedBy')"
                                },
                                "authentication": {
                                  "type": "Raw",
                                  "value": "@json(decodeBase64(triggerOutputs().headers['X-MS-APIM-Tokens']))['$ConnectionKey']"
                                }
                              }
                            },
                            "Run_a_Child_Flow_-_Set_Final_Workflow_Statu___": {
                              "runAfter": {
                                "Update_item_-_Intermediate_steps_-_Stopped": [
                                  "Succeeded"
                                ]
                              },
                              "metadata": {
                                "operationMetadataId": "269aef66-e58f-47cf-b773-2b09ba014903"
                              },
                              "type": "Workflow",
                              "inputs": {
                                "host": {
                                  "workflowReferenceName": "10bdf5db-5369-eb11-a812-0022489aba60"
                                },
                                "body": {
                                  "text": "@outputs('CaseID')",
                                  "text_1": "@items('Apply_to_each')?['CaseType']"
                                }
                              }
                            }
                          },
                          "runAfter": {
                            "Run_a_Child_Flow_-_Notify_Case": [
                              "Succeeded"
                            ]
                          },
                          "else": {
                            "actions": {
                              "Update_item_-_Intermediate_steps_-_Wating_": {
                                "runAfter": {},
                                "metadata": {
                                  "operationMetadataId": "bb95584c-a35c-4929-a6e1-368fd4db5de0"
                                },
                                "type": "OpenApiConnection",
                                "inputs": {
                                  "host": {
                                    "connectionName": "shared_sharepointonline",
                                    "operationId": "PatchItem",
                                    "apiId": "/providers/Microsoft.PowerApps/apis/shared_sharepointonline"
                                  },
                                  "parameters": {
                                    "dataset": "@parameters('BPM Site (cr93e_BPMSite)')",
                                    "table": "@parameters('BPM Case Lifecycle (cr93e_BPMCaseLifecycle)')",
                                    "id": "@items('Apply_to_each')?['ID']",
                                    "item/Started": "@utcNow()",
                                    "item/Ended": "@null",
                                    "item/Status": "Waiting"
                                  },
                                  "authentication": {
                                    "type": "Raw",
                                    "value": "@json(decodeBase64(triggerOutputs().headers['X-MS-APIM-Tokens']))['$ConnectionKey']"
                                  }
                                }
                              }
                            }
                          },
                          "expression": {
                            "equals": [
                              "@items('Apply_to_each')?['TypeofactionExpected']",
                              "Stop"
                            ]
                          },
                          "metadata": {
                            "operationMetadataId": "60881427-ee56-4c93-bb61-9caea47b9442"
                          },
                          "type": "If"
                        },
                        "Check_if_we_have_a_Custom_Workflow_": {
                          "actions": {
                            "HTTP_-_Start_custom_workflow__": {
                              "runAfter": {},
                              "metadata": {
                                "operationMetadataId": "45b18594-5ccd-496a-ad04-f78512a4ec69"
                              },
                              "type": "Http",
                              "inputs": {
                                "method": "POST",
                                "uri": "@items('Apply_to_each')?['WorkflowIDToRun']",
                                "body": {
                                  "CaseID": "@{outputs('CaseID')}",
                                  "Step": "@{items('Apply_to_each')?['Step']}"
                                }
                              }
                            }
                          },
                          "runAfter": {
                            "Check_If_we_reached_a_Stop_": [
                              "Succeeded"
                            ]
                          },
                          "expression": {
                            "equals": [
                              "@items('Apply_to_each')?['TypeofactionExpected']",
                              "CallWorkflow"
                            ]
                          },
                          "metadata": {
                            "operationMetadataId": "09348b8f-3161-4829-aa87-fc90d74c896b"
                          },
                          "type": "If"
                        }
                      },
                      "runAfter": {
                        "If_Intermediate_steps": [
                          "Succeeded"
                        ]
                      },
                      "expression": {
                        "equals": [
                          "@int(items('Apply_to_each')?['Step'])",
                          "@int(outputs('ToStep'))"
                        ]
                      },
                      "metadata": {
                        "operationMetadataId": "5fb0c16c-73b3-49ce-ae41-1109284b2c18"
                      },
                      "type": "If"
                    }
                  },
                  "runAfter": {
                    "Get_items_-_Case_Lifecycle": [
                      "Succeeded"
                    ]
                  },
                  "metadata": {
                    "operationMetadataId": "1a04220a-8a64-4ddd-a2be-5c63325fd5f5"
                  },
                  "type": "Foreach"
                }
              },
              "runAfter": {},
              "else": {
                "actions": {
                  "Get_items_-_Case_Lifecycle_": {
                    "runAfter": {},
                    "metadata": {
                      "operationMetadataId": "559d749f-0915-4e23-bdc6-a89867f7be91"
                    },
                    "type": "OpenApiConnection",
                    "inputs": {
                      "host": {
                        "connectionName": "shared_sharepointonline",
                        "operationId": "GetItems",
                        "apiId": "/providers/Microsoft.PowerApps/apis/shared_sharepointonline"
                      },
                      "parameters": {
                        "dataset": "@parameters('BPM Site (cr93e_BPMSite)')",
                        "table": "@parameters('BPM Case Lifecycle (cr93e_BPMCaseLifecycle)')",
                        "$filter": "CaseID eq '@{outputs('CaseID')}'  and Step ge '@{outputs('FromStep')}'",
                        "$orderby": "Step"
                      },
                      "authentication": {
                        "type": "Raw",
                        "value": "@json(decodeBase64(triggerOutputs().headers['X-MS-APIM-Tokens']))['$ConnectionKey']"
                      }
                    }
                  },
                  "Apply_to_each_2": {
                    "foreach": "@outputs('Get_items_-_Case_Lifecycle_')?['body/value']",
                    "actions": {
                      "If_Intermediate_steps__": {
                        "actions": {
                          "Update_item_-_Intermediate_-_Skipped": {
                            "runAfter": {},
                            "metadata": {
                              "operationMetadataId": "4843bf0b-0626-400f-941e-02a3047c1f99"
                            },
                            "type": "OpenApiConnection",
                            "inputs": {
                              "host": {
                                "connectionName": "shared_sharepointonline",
                                "operationId": "PatchItem",
                                "apiId": "/providers/Microsoft.PowerApps/apis/shared_sharepointonline"
                              },
                              "parameters": {
                                "dataset": "@parameters('BPM Site (cr93e_BPMSite)')",
                                "table": "@parameters('BPM Case Lifecycle (cr93e_BPMCaseLifecycle)')",
                                "id": "@items('Apply_to_each_2')?['ID']",
                                "item/Status": "Skipped",
                                "item/TaskExecutedBy": "@outputs('TaskExecutedBy')"
                              },
                              "authentication": {
                                "type": "Raw",
                                "value": "@json(decodeBase64(triggerOutputs().headers['X-MS-APIM-Tokens']))['$ConnectionKey']"
                              }
                            }
                          }
                        },
                        "runAfter": {},
                        "expression": {
                          "and": [
                            {
                              "greaterOrEquals": [
                                "@int(items('Apply_to_each_2')?['Step'])",
                                "@int(outputs('FromStep'))"
                              ]
                            },
                            {
                              "lessOrEquals": [
                                "@int(items('Apply_to_each_2')?['Step'])",
                                "@int(outputs('ToStep'))"
                              ]
                            },
                            {
                              "equals": [
                                "@outputs('CleanUpBetween')",
                                true
                              ]
                            }
                          ]
                        },
                        "metadata": {
                          "operationMetadataId": "a29b8cce-1c32-459d-be92-36f120695511"
                        },
                        "type": "If"
                      },
                      "Check_if_Destination_": {
                        "actions": {
                          "Check_If_we_reached_a_Stop": {
                            "actions": {
                              "Update_item_-_Intermediate_steps_-_Stopped___": {
                                "runAfter": {},
                                "metadata": {
                                  "operationMetadataId": "4f575747-57fc-4fd6-ab82-d819d3184530"
                                },
                                "type": "OpenApiConnection",
                                "inputs": {
                                  "host": {
                                    "connectionName": "shared_sharepointonline",
                                    "operationId": "PatchItem",
                                    "apiId": "/providers/Microsoft.PowerApps/apis/shared_sharepointonline"
                                  },
                                  "parameters": {
                                    "dataset": "@parameters('BPM Site (cr93e_BPMSite)')",
                                    "table": "@parameters('BPM Case Lifecycle (cr93e_BPMCaseLifecycle)')",
                                    "id": "@items('Apply_to_each_2')?['ID']",
                                    "item/Comment": "@string('')",
                                    "item/Status": "Stopped"
                                  },
                                  "authentication": {
                                    "type": "Raw",
                                    "value": "@json(decodeBase64(triggerOutputs().headers['X-MS-APIM-Tokens']))['$ConnectionKey']"
                                  }
                                },
                                "runtimeConfiguration": {
                                  "staticResult": {
                                    "staticResultOptions": "Disabled",
                                    "name": "Update_item_-_Intermediate_steps_40"
                                  }
                                }
                              },
                              "Run_a_Child_Flow_-_Set_Final_Workflow_Status": {
                                "runAfter": {
                                  "Update_item_-_Intermediate_steps_-_Stopped___": [
                                    "Succeeded"
                                  ]
                                },
                                "metadata": {
                                  "operationMetadataId": "a25e496c-54ee-48fe-8b99-024d2aec9a5e"
                                },
                                "type": "Workflow",
                                "inputs": {
                                  "host": {
                                    "workflowReferenceName": "10bdf5db-5369-eb11-a812-0022489aba60"
                                  },
                                  "body": {
                                    "text": "@outputs('CaseID')",
                                    "text_1": "@items('Apply_to_each_2')?['CaseType']"
                                  }
                                }
                              }
                            },
                            "runAfter": {},
                            "else": {
                              "actions": {
                                "Update_item_-_Intermediate_steps_-_Waiting____": {
                                  "runAfter": {},
                                  "metadata": {
                                    "operationMetadataId": "197c5f98-55b2-492d-ab78-1363ec654138"
                                  },
                                  "type": "OpenApiConnection",
                                  "inputs": {
                                    "host": {
                                      "connectionName": "shared_sharepointonline",
                                      "operationId": "PatchItem",
                                      "apiId": "/providers/Microsoft.PowerApps/apis/shared_sharepointonline"
                                    },
                                    "parameters": {
                                      "dataset": "@parameters('BPM Site (cr93e_BPMSite)')",
                                      "table": "@parameters('BPM Case Lifecycle (cr93e_BPMCaseLifecycle)')",
                                      "id": "@items('Apply_to_each_2')?['ID']",
                                      "item/Comment": "@string('')",
                                      "item/Started": "@utcNow()",
                                      "item/Status": "Waiting"
                                    },
                                    "authentication": {
                                      "type": "Raw",
                                      "value": "@json(decodeBase64(triggerOutputs().headers['X-MS-APIM-Tokens']))['$ConnectionKey']"
                                    }
                                  },
                                  "runtimeConfiguration": {
                                    "staticResult": {
                                      "staticResultOptions": "Disabled",
                                      "name": "Update_item_-_Intermediate_steps_40"
                                    }
                                  }
                                }
                              }
                            },
                            "expression": {
                              "equals": [
                                "@items('Apply_to_each_2')?['TypeofactionExpected']",
                                "Stop"
                              ]
                            },
                            "metadata": {
                              "operationMetadataId": "ba807a05-69a3-418e-bb11-afe18bbb3c50"
                            },
                            "type": "If"
                          },
                          "Check_if_we_have_a_Custom_Workflow": {
                            "actions": {
                              "HTTP_-_Start_custom_workflow": {
                                "runAfter": {},
                                "metadata": {
                                  "operationMetadataId": "bd2d891e-b5b2-487d-99fc-00a95e776bdf"
                                },
                                "type": "Http",
                                "inputs": {
                                  "method": "POST",
                                  "uri": "@items('Apply_to_each_2')?['WorkflowIDToRun']",
                                  "body": {
                                    "CaseID": "@{outputs('CaseID')}",
                                    "Step": "@{items('Apply_to_each_2')?['Step']}"
                                  }
                                }
                              }
                            },
                            "runAfter": {
                              "Check_If_we_reached_a_Stop": [
                                "Succeeded"
                              ]
                            },
                            "expression": {
                              "equals": [
                                "@items('Apply_to_each_2')?['TypeofactionExpected']",
                                "CallWorkflow"
                              ]
                            },
                            "metadata": {
                              "operationMetadataId": "eab027e8-6d94-4779-b2f2-f1c52ed64e44"
                            },
                            "type": "If"
                          },
                          "Run_a_Child_Flow_-_Notify_Case_2": {
                            "runAfter": {
                              "Check_if_we_have_a_Custom_Workflow": [
                                "Succeeded"
                              ]
                            },
                            "metadata": {
                              "operationMetadataId": "6bc063b2-9185-4513-9363-66582695fabe"
                            },
                            "type": "Workflow",
                            "inputs": {
                              "host": {
                                "workflowReferenceName": "c75d4c46-dda3-ea11-a812-000d3a249ca1"
                              },
                              "body": {
                                "text": "@outputs('CaseID')",
                                "text_1": "@string(item()?['Step'])",
                                "text_2": "@items('Apply_to_each_2')?['Actor']",
                                "text_3": "@items('Apply_to_each_2')?['TypeofActionExpected']",
                                "text_4": "@if(empty(outputs('MessageToUser')), '', outputs('MessageToUser'))"
                              }
                            }
                          }
                        },
                        "runAfter": {
                          "Debug": [
                            "Succeeded"
                          ]
                        },
                        "expression": {
                          "equals": [
                            "@int(items('Apply_to_each_2')?['Step'])",
                            "@int(outputs('ToStep'))"
                          ]
                        },
                        "metadata": {
                          "operationMetadataId": "8f7feb49-be84-4188-8b87-0679ed448b11"
                        },
                        "type": "If"
                      },
                      "Debug": {
                        "runAfter": {
                          "If_Intermediate_steps__": [
                            "Succeeded"
                          ]
                        },
                        "metadata": {
                          "operationMetadataId": "d79549b0-8777-4092-b3dc-02b6c67db90e"
                        },
                        "type": "Compose",
                        "inputs": "@item()?['Step']"
                      }
                    },
                    "runAfter": {
                      "Get_items_-_Case_Lifecycle_": [
                        "Succeeded"
                      ]
                    },
                    "metadata": {
                      "operationMetadataId": "212f9613-3f21-4597-a500-a115b89bb9ca"
                    },
                    "type": "Foreach"
                  }
                }
              },
              "expression": {
                "greater": [
                  "@int(outputs('FromStep'))",
                  "@int(outputs('ToStep'))"
                ]
              },
              "metadata": {
                "operationMetadataId": "79814244-bb70-47f0-9312-5e8b46921f32"
              },
              "type": "If"
            }
          },
          "runAfter": {
            "Respond_to_a_PowerApp_or_flow": [
              "Succeeded"
            ]
          },
          "metadata": {
            "operationMetadataId": "127d6f87-6b2b-464c-aa75-82564fd79a0f"
          },
          "type": "Scope"
        },
        "Catch": {
          "actions": {
            "Run_a_Child_Flow_-_BPM_Toolkit_-_Log_Flow_Error": {
              "runAfter": {},
              "metadata": {
                "operationMetadataId": "dd8b105d-8782-4050-8844-bae76dec3e82"
              },
              "type": "Workflow",
              "inputs": {
                "host": {
                  "workflowReferenceName": "01389840-615e-eb11-a812-0022489c791b"
                },
                "body": {
                  "text": "@string(result('Try'))",
                  "text_1": "@string(workflow())",
                  "text_2": "@outputs('CaseID')"
                }
              }
            },
            "Terminate__": {
              "runAfter": {
                "Run_a_Child_Flow_-_BPM_Toolkit_-_Log_Flow_Error": [
                  "Succeeded"
                ]
              },
              "metadata": {
                "operationMetadataId": "932d959d-e367-4c41-b7f5-b83eb5c4d00b"
              },
              "type": "Terminate",
              "inputs": {
                "runStatus": "Failed",
                "runError": {
                  "code": "500",
                  "message": "something wrong happened, check the BPM Toolkit log. CaseID: @{outputs('CaseID')}"
                }
              }
            }
          },
          "runAfter": {
            "Try": [
              "Failed",
              "Skipped",
              "TimedOut"
            ]
          },
          "metadata": {
            "operationMetadataId": "7eee663e-a122-4bf8-b6bd-63fb48998302"
          },
          "type": "Scope"
        },
        "Respond_to_a_PowerApp_or_flow": {
          "runAfter": {
            "TaskExecutedBy": [
              "Succeeded"
            ]
          },
          "metadata": {
            "operationMetadataId": "14a6cd53-13b2-4802-b5f8-4a7d9b6f745e"
          },
          "type": "Response",
          "kind": "PowerApp",
          "inputs": {
            "statusCode": 200,
            "body": {
              "responsecode": "200",
              "responsemessage": " "
            },
            "schema": {
              "type": "object",
              "properties": {
                "responsecode": {
                  "title": "ResponseCode",
                  "x-ms-dynamically-added": true,
                  "type": "string"
                },
                "responsemessage": {
                  "title": "ResponseMessage",
                  "x-ms-dynamically-added": true,
                  "type": "string"
                }
              }
            }
          }
        },
        "TaskExecutedBy": {
          "runAfter": {
            "Compose": [
              "Succeeded"
            ]
          },
          "metadata": {
            "operationMetadataId": "b5413cf8-f987-4c31-98a1-bc593707ca4d"
          },
          "type": "Compose",
          "inputs": "@coalesce(triggerBody()?['text_4'],'',triggerBody()?['text_4'])"
        }
      },
      "outputs": {}
    }
  },
  "schemaVersion": "1.0.0.0"
}