{
  "properties": {
    "connectionReferences": {
      "shared_sharepointonline": {
        "runtimeSource": "invoker",
        "connection": {
          "connectionReferenceLogicalName": "cr93e_BPMToolkitSPConnectionref"
        },
        "api": {
          "name": "shared_sharepointonline"
        }
      }
    },
    "definition": {
      "$schema": "https://schema.management.azure.com/providers/Microsoft.Logic/schemas/2016-06-01/workflowdefinition.json#",
      "contentVersion": "1.0.0.0",
      "parameters": {
        "$connections": {
          "defaultValue": {},
          "type": "Object"
        },
        "$authentication": {
          "defaultValue": {},
          "type": "SecureObject"
        },
        "BPM Site (cr93e_BPMSite)": {
          "defaultValue": "https://eurocontrol.sharepoint.com/sites/HRSADEV",
          "type": "String",
          "metadata": {
            "schemaName": "cr93e_BPMSite"
          }
        },
        "BPM Case Lifecycle (cr93e_BPMCaseLifecycle)": {
          "defaultValue": "f3de391d-6402-4616-9078-14cf2ca00a7d",
          "type": "String",
          "metadata": {
            "schemaName": "cr93e_BPMCaseLifecycle"
          }
        }
      },
      "triggers": {
        "manual": {
          "metadata": {
            "operationMetadataId": "d5d63355-74af-43cf-a5e8-70d03eb79427"
          },
          "type": "Request",
          "kind": "Button",
          "inputs": {
            "schema": {
              "type": "object",
              "properties": {},
              "required": []
            }
          }
        }
      },
      "actions": {
        "Get_items_-_Case_Lifecycle_-_Waiting": {
          "runAfter": {},
          "metadata": {
            "operationMetadataId": "95d29f91-9a11-496a-92ab-cd09c2e5bc36"
          },
          "type": "OpenApiConnection",
          "inputs": {
            "host": {
              "connectionName": "shared_sharepointonline",
              "operationId": "GetItems",
              "apiId": "/providers/Microsoft.PowerApps/apis/shared_sharepointonline"
            },
            "parameters": {
              "dataset": "@parameters('BPM Site (cr93e_BPMSite)')",
              "table": "@parameters('BPM Case Lifecycle (cr93e_BPMCaseLifecycle)')",
              "$filter": "Status eq 'Waiting'"
            },
            "authentication": {
              "type": "Raw",
              "value": "@json(decodeBase64(triggerOutputs().headers['X-MS-APIM-Tokens']))['$ConnectionKey']"
            }
          }
        },
        "Apply_to_each_-_Case_Lifeycle_-_Waiting": {
          "foreach": "@outputs('Get_items_-_Case_Lifecycle_-_Waiting')?['body/value']",
          "actions": {
            "Run_a_Child_Flow": {
              "runAfter": {},
              "metadata": {
                "operationMetadataId": "0d5bcb8a-d982-4806-9562-86270b65093b"
              },
              "type": "Workflow",
              "inputs": {
                "host": {
                  "workflowReferenceName": "f33c9a22-7db7-ea11-a812-000d3a45b556"
                },
                "body": {
                  "text": "@items('Apply_to_each_-_Case_Lifeycle_-_Waiting')?['Actor']",
                  "text_1": "none",
                  "text_2": "none"
                }
              }
            }
          },
          "runAfter": {
            "Get_items_-_Case_Lifecycle_-_Waiting": [
              "Succeeded"
            ]
          },
          "metadata": {
            "operationMetadataId": "0d38160b-f3f7-416d-8d7d-a3fb5acb277f"
          },
          "type": "Foreach"
        }
      },
      "outputs": {}
    }
  },
  "schemaVersion": "1.0.0.0"
}