{
  "properties": {
    "connectionReferences": {
      "shared_sharepointonline": {
        "runtimeSource": "embedded",
        "connection": {
          "connectionReferenceLogicalName": "cr93e_BPMToolkitSPConnectionref"
        },
        "api": {
          "name": "shared_sharepointonline"
        }
      }
    },
    "definition": {
      "$schema": "https://schema.management.azure.com/providers/Microsoft.Logic/schemas/2016-06-01/workflowdefinition.json#",
      "contentVersion": "1.0.0.0",
      "parameters": {
        "$connections": {
          "defaultValue": {},
          "type": "Object"
        },
        "$authentication": {
          "defaultValue": {},
          "type": "SecureObject"
        },
        "BPM Site (cr93e_BPMSite)": {
          "defaultValue": "https://eurocontrol.sharepoint.com/sites/HRSADEV",
          "type": "String",
          "metadata": {
            "schemaName": "cr93e_BPMSite"
          }
        },
        "BPM Parameters (cr93e_BPMParameters)": {
          "defaultValue": "f9acc1a7-2901-4705-a155-75a8f3867d94",
          "type": "String",
          "metadata": {
            "schemaName": "cr93e_BPMParameters"
          }
        }
      },
      "triggers": {
        "manual": {
          "metadata": {
            "operationMetadataId": "47156bdb-c430-4cce-bc54-e235c98aa16d"
          },
          "type": "Request",
          "kind": "Button",
          "inputs": {
            "schema": {
              "type": "object",
              "properties": {
                "text": {
                  "title": "Param",
                  "type": "string",
                  "x-ms-dynamically-added": true,
                  "description": "Please enter your input",
                  "x-ms-content-hint": "TEXT"
                }
              },
              "required": [
                "text"
              ]
            }
          }
        }
      },
      "actions": {
        "Get_items_-_BPM_Parameters": {
          "runAfter": {
            "Initialize_variable_Param_Value": [
              "Succeeded"
            ]
          },
          "metadata": {
            "operationMetadataId": "b1591877-bd16-4778-80a4-2819ebcd0e81"
          },
          "type": "OpenApiConnection",
          "inputs": {
            "host": {
              "connectionName": "shared_sharepointonline",
              "operationId": "GetItems",
              "apiId": "/providers/Microsoft.PowerApps/apis/shared_sharepointonline"
            },
            "parameters": {
              "dataset": "@parameters('BPM Site (cr93e_BPMSite)')",
              "table": "@parameters('BPM Parameters (cr93e_BPMParameters)')",
              "$filter": "ParamName eq '@{triggerBody()['text']}'",
              "$top": 1
            },
            "authentication": {
              "type": "Raw",
              "value": "@json(decodeBase64(triggerOutputs().headers['X-MS-APIM-Tokens']))['$ConnectionKey']"
            }
          }
        },
        "Initialize_variable_Param_Value": {
          "runAfter": {
            "Param": [
              "Succeeded"
            ]
          },
          "metadata": {
            "operationMetadataId": "e29f543f-b128-4a55-9f86-1836db8d51d5"
          },
          "type": "InitializeVariable",
          "inputs": {
            "variables": [
              {
                "name": "Param Value",
                "type": "string",
                "value": " "
              }
            ]
          }
        },
        "Apply_to_each": {
          "foreach": "@outputs('Get_items_-_BPM_Parameters')?['body/value']",
          "actions": {
            "Set_variable_Param_Value": {
              "runAfter": {},
              "metadata": {
                "operationMetadataId": "a447fd17-1723-4c9b-ad10-eda49798f758"
              },
              "type": "SetVariable",
              "inputs": {
                "name": "Param Value",
                "value": "@{item()?['ParamValue']}"
              }
            }
          },
          "runAfter": {
            "Get_items_-_BPM_Parameters": [
              "Succeeded"
            ]
          },
          "metadata": {
            "operationMetadataId": "e306de6f-92c1-4331-8042-5a5028fca1b6"
          },
          "type": "Foreach"
        },
        "Respond_to_a_PowerApp_or_flow": {
          "runAfter": {
            "Apply_to_each": [
              "Succeeded"
            ]
          },
          "metadata": {
            "operationMetadataId": "62973023-f389-49b8-b721-e7b7171de891"
          },
          "type": "Response",
          "kind": "PowerApp",
          "inputs": {
            "statusCode": 200,
            "body": {
              "returncode": "200",
              "returnmessage": " ",
              "paramvalue": "@variables('Param Value')"
            },
            "schema": {
              "type": "object",
              "properties": {
                "returncode": {
                  "title": "ReturnCode",
                  "x-ms-dynamically-added": true,
                  "type": "string"
                },
                "returnmessage": {
                  "title": "ReturnMessage",
                  "x-ms-dynamically-added": true,
                  "type": "string"
                },
                "paramvalue": {
                  "title": "ParamValue",
                  "x-ms-dynamically-added": true,
                  "type": "string"
                }
              }
            }
          }
        },
        "Param": {
          "runAfter": {},
          "metadata": {
            "operationMetadataId": "f67b3a1b-3d1c-404c-be99-58bed580693a"
          },
          "type": "Compose",
          "inputs": "@triggerBody()['text']"
        }
      },
      "outputs": {}
    }
  },
  "schemaVersion": "1.0.0.0"
}