{
  "properties": {
    "connectionReferences": {
      "shared_sharepointonline_1": {
        "runtimeSource": "embedded",
        "connection": {
          "connectionReferenceLogicalName": "cr93e_BPMToolkitSPConnectionref4"
        },
        "api": {
          "name": "shared_sharepointonline"
        }
      }
    },
    "definition": {
      "$schema": "https://schema.management.azure.com/providers/Microsoft.Logic/schemas/2016-06-01/workflowdefinition.json#",
      "contentVersion": "1.0.0.0",
      "parameters": {
        "$connections": {
          "defaultValue": {},
          "type": "Object"
        },
        "$authentication": {
          "defaultValue": {},
          "type": "SecureObject"
        },
        "BPM Site (cr93e_BPMSite)": {
          "defaultValue": "https://eurocontrol.sharepoint.com/sites/HRSADEV",
          "type": "String",
          "metadata": {
            "schemaName": "cr93e_BPMSite"
          }
        },
        "BPM Case Lifecycle (cr93e_BPMCaseLifecycle)": {
          "defaultValue": "f3de391d-6402-4616-9078-14cf2ca00a7d",
          "type": "String",
          "metadata": {
            "schemaName": "cr93e_BPMCaseLifecycle"
          }
        },
        "BPM Case Workflows (cr93e_BPMCaseWorkflows)": {
          "defaultValue": "2571f93f-d1d5-4c2f-9fea-6739d8cedebc",
          "type": "String",
          "metadata": {
            "schemaName": "cr93e_BPMCaseWorkflows"
          }
        },
        "BPM Cases (cr93e_BPMCases)": {
          "defaultValue": "28007d72-bc53-410a-b713-409478508462",
          "type": "String",
          "metadata": {
            "schemaName": "cr93e_BPMCases"
          }
        },
        "BPM Error Log (cr93e_BPMErrorLog)": {
          "defaultValue": "53450724-4e3c-4876-abb4-67cfe0ec060f",
          "type": "String",
          "metadata": {
            "schemaName": "cr93e_BPMErrorLog"
          }
        }
      },
      "triggers": {
        "manual": {
          "metadata": {
            "operationMetadataId": "ae830707-9cda-42b6-9523-d272021cac17"
          },
          "type": "Request",
          "kind": "Button",
          "inputs": {
            "schema": {
              "type": "object",
              "properties": {
                "text": {
                  "title": "CaseID",
                  "type": "string",
                  "x-ms-dynamically-added": true,
                  "description": "Please enter your input",
                  "x-ms-content-hint": "TEXT"
                },
                "text_1": {
                  "title": "FromStep",
                  "type": "string",
                  "x-ms-dynamically-added": true,
                  "description": "Please enter your input",
                  "x-ms-content-hint": "TEXT"
                },
                "text_2": {
                  "title": "Actor",
                  "type": "string",
                  "x-ms-dynamically-added": true,
                  "description": "Please enter your input",
                  "x-ms-content-hint": "TEXT"
                }
              },
              "required": [
                "text",
                "text_1",
                "text_2"
              ]
            }
          }
        }
      },
      "actions": {
        "Initialize_variable_StatusUpdated": {
          "runAfter": {},
          "metadata": {
            "operationMetadataId": "1516a56e-6549-4f78-aebb-63443ee22ef3"
          },
          "type": "InitializeVariable",
          "inputs": {
            "variables": [
              {
                "name": "StatusUpdated",
                "type": "boolean",
                "value": false
              }
            ]
          }
        },
        "Respond_to_a_PowerApp_or_flow": {
          "runAfter": {
            "Catch": [
              "Succeeded",
              "Failed",
              "Skipped",
              "TimedOut"
            ]
          },
          "metadata": {
            "operationMetadataId": "7a84ca73-d533-4291-9e76-cbae25f0378e"
          },
          "type": "Response",
          "kind": "PowerApp",
          "inputs": {
            "statusCode": 200,
            "body": {},
            "schema": {
              "type": "object",
              "properties": {}
            }
          }
        },
        "Try": {
          "actions": {
            "Get_items_-_Case_Lifecycle": {
              "runAfter": {},
              "metadata": {
                "operationMetadataId": "e8b3c2d4-16a2-408e-bef3-d972942a5481"
              },
              "type": "OpenApiConnection",
              "inputs": {
                "host": {
                  "connectionName": "shared_sharepointonline_1",
                  "operationId": "GetItems",
                  "apiId": "/providers/Microsoft.PowerApps/apis/shared_sharepointonline"
                },
                "parameters": {
                  "dataset": "@parameters('BPM Site (cr93e_BPMSite)')",
                  "table": "@parameters('BPM Case Lifecycle (cr93e_BPMCaseLifecycle)')",
                  "$filter": "CaseID eq '@{triggerBody()['text']}'",
                  "$orderby": "Step"
                },
                "authentication": {
                  "type": "Raw",
                  "value": "@json(decodeBase64(triggerOutputs().headers['X-MS-APIM-Tokens']))['$ConnectionKey']"
                }
              }
            },
            "Apply_to_each": {
              "foreach": "@outputs('Get_items_-_Case_Lifecycle')?['body/value']",
              "actions": {
                "Condition": {
                  "actions": {
                    "Update_item_-_Case_Lifecycle": {
                      "runAfter": {},
                      "metadata": {
                        "operationMetadataId": "2030ad60-3ab9-4291-92db-3c03c408e3f7"
                      },
                      "type": "OpenApiConnection",
                      "inputs": {
                        "host": {
                          "connectionName": "shared_sharepointonline_1",
                          "operationId": "PatchItem",
                          "apiId": "/providers/Microsoft.PowerApps/apis/shared_sharepointonline"
                        },
                        "parameters": {
                          "dataset": "@parameters('BPM Site (cr93e_BPMSite)')",
                          "table": "@parameters('BPM Case Lifecycle (cr93e_BPMCaseLifecycle)')",
                          "id": "@items('Apply_to_each')?['ID']",
                          "item/Comment": "     ",
                          "item/Status": "Waiting",
                          "item/StepVisibleByEndUser": "YES"
                        },
                        "authentication": {
                          "type": "Raw",
                          "value": "@json(decodeBase64(triggerOutputs().headers['X-MS-APIM-Tokens']))['$ConnectionKey']"
                        }
                      }
                    },
                    "Set_variable_StatusUpdated": {
                      "runAfter": {
                        "Update_item_-_Case_Lifecycle": [
                          "Succeeded"
                        ]
                      },
                      "metadata": {
                        "operationMetadataId": "0803032c-f5d9-435f-99c2-49822e175356"
                      },
                      "type": "SetVariable",
                      "inputs": {
                        "name": "StatusUpdated",
                        "value": true
                      }
                    }
                  },
                  "runAfter": {},
                  "else": {
                    "actions": {
                      "Condition_2": {
                        "actions": {
                          "Update_item_-_Case_Lifecycle_2": {
                            "runAfter": {},
                            "metadata": {
                              "operationMetadataId": "76084aab-3313-433a-b10a-50be084bc9e6"
                            },
                            "type": "OpenApiConnection",
                            "inputs": {
                              "host": {
                                "connectionName": "shared_sharepointonline_1",
                                "operationId": "PatchItem",
                                "apiId": "/providers/Microsoft.PowerApps/apis/shared_sharepointonline"
                              },
                              "parameters": {
                                "dataset": "@parameters('BPM Site (cr93e_BPMSite)')",
                                "table": "@parameters('BPM Case Lifecycle (cr93e_BPMCaseLifecycle)')",
                                "id": "@items('Apply_to_each')?['ID']",
                                "item/Comment": "  ",
                                "item/Status": "ToBeExecuted",
                                "item/StepVisibleByEndUser": "YES"
                              },
                              "authentication": {
                                "type": "Raw",
                                "value": "@json(decodeBase64(triggerOutputs().headers['X-MS-APIM-Tokens']))['$ConnectionKey']"
                              }
                            }
                          },
                          "Set_variable_StatusUpdated_": {
                            "runAfter": {
                              "Update_item_-_Case_Lifecycle_2": [
                                "Succeeded"
                              ]
                            },
                            "metadata": {
                              "operationMetadataId": "73601672-605c-4781-b91f-1a71ea676a77"
                            },
                            "type": "SetVariable",
                            "inputs": {
                              "name": "StatusUpdated",
                              "value": true
                            }
                          }
                        },
                        "runAfter": {},
                        "expression": {
                          "greater": [
                            "@items('Apply_to_each')?['Step']",
                            "@int(triggerBody()['text_1'])"
                          ]
                        },
                        "metadata": {
                          "operationMetadataId": "6c2cb3e1-5b67-44cc-a4e2-2031f932aad3"
                        },
                        "type": "If"
                      }
                    }
                  },
                  "expression": {
                    "equals": [
                      "@items('Apply_to_each')?['Step']",
                      "@int(triggerBody()['text_1'])"
                    ]
                  },
                  "metadata": {
                    "operationMetadataId": "0ffd7449-76be-4485-9ce5-1cc581035fac"
                  },
                  "type": "If"
                }
              },
              "runAfter": {
                "Get_items_-_Case_Lifecycle": [
                  "Succeeded"
                ]
              },
              "metadata": {
                "operationMetadataId": "adc33fb2-f470-4c19-9087-5afbeb6f0d74"
              },
              "type": "Foreach"
            },
            "If_Case_Lifecycle_was_updated": {
              "actions": {
                "Get_items_-_Case_Workflow": {
                  "runAfter": {},
                  "metadata": {
                    "operationMetadataId": "5fbc270d-7557-4913-b805-124c6f12cf39"
                  },
                  "type": "OpenApiConnection",
                  "inputs": {
                    "host": {
                      "connectionName": "shared_sharepointonline_1",
                      "operationId": "GetItems",
                      "apiId": "/providers/Microsoft.PowerApps/apis/shared_sharepointonline"
                    },
                    "parameters": {
                      "dataset": "@parameters('BPM Site (cr93e_BPMSite)')",
                      "table": "@parameters('BPM Case Workflows (cr93e_BPMCaseWorkflows)')",
                      "$filter": "CaseID eq '@{triggerBody()['text']}'"
                    },
                    "authentication": {
                      "type": "Raw",
                      "value": "@json(decodeBase64(triggerOutputs().headers['X-MS-APIM-Tokens']))['$ConnectionKey']"
                    }
                  }
                },
                "Apply_to_each__Case_Workflow": {
                  "foreach": "@outputs('Get_items_-_Case_Workflow')?['body/value']",
                  "actions": {
                    "Update_item_-_Case_Workflow": {
                      "runAfter": {},
                      "metadata": {
                        "operationMetadataId": "416e358a-fe1b-4497-b01a-efaf912fd4aa"
                      },
                      "type": "OpenApiConnection",
                      "inputs": {
                        "host": {
                          "connectionName": "shared_sharepointonline_1",
                          "operationId": "PatchItem",
                          "apiId": "/providers/Microsoft.PowerApps/apis/shared_sharepointonline"
                        },
                        "parameters": {
                          "dataset": "@parameters('BPM Site (cr93e_BPMSite)')",
                          "table": "@parameters('BPM Case Workflows (cr93e_BPMCaseWorkflows)')",
                          "id": "@items('Apply_to_each__Case_Workflow')?['ID']",
                          "item/CaseStatus": "Running"
                        },
                        "authentication": {
                          "type": "Raw",
                          "value": "@json(decodeBase64(triggerOutputs().headers['X-MS-APIM-Tokens']))['$ConnectionKey']"
                        }
                      }
                    }
                  },
                  "runAfter": {
                    "Get_items_-_Case_Workflow": [
                      "Succeeded"
                    ]
                  },
                  "metadata": {
                    "operationMetadataId": "5df10d5b-66af-4a79-9900-d24c2448078a"
                  },
                  "type": "Foreach"
                },
                "Get_items_-_Cases": {
                  "runAfter": {
                    "Apply_to_each__Case_Workflow": [
                      "Succeeded"
                    ]
                  },
                  "metadata": {
                    "operationMetadataId": "b5c371da-ee77-4f33-a3da-9f57e4b9c67b"
                  },
                  "type": "OpenApiConnection",
                  "inputs": {
                    "host": {
                      "connectionName": "shared_sharepointonline_1",
                      "operationId": "GetItems",
                      "apiId": "/providers/Microsoft.PowerApps/apis/shared_sharepointonline"
                    },
                    "parameters": {
                      "dataset": "@parameters('BPM Site (cr93e_BPMSite)')",
                      "table": "@parameters('BPM Cases (cr93e_BPMCases)')",
                      "$filter": "CaseID eq '@{triggerBody()['text']}'"
                    },
                    "authentication": {
                      "type": "Raw",
                      "value": "@json(decodeBase64(triggerOutputs().headers['X-MS-APIM-Tokens']))['$ConnectionKey']"
                    }
                  }
                },
                "Apply_to_each_Cases": {
                  "foreach": "@outputs('Get_items_-_Cases')?['body/value']",
                  "actions": {
                    "Update_item": {
                      "runAfter": {},
                      "metadata": {
                        "operationMetadataId": "c9c2e49d-54d1-4581-9242-a427c24d0c44"
                      },
                      "type": "OpenApiConnection",
                      "inputs": {
                        "host": {
                          "connectionName": "shared_sharepointonline_1",
                          "operationId": "PatchItem",
                          "apiId": "/providers/Microsoft.PowerApps/apis/shared_sharepointonline"
                        },
                        "parameters": {
                          "dataset": "@parameters('BPM Site (cr93e_BPMSite)')",
                          "table": "@parameters('BPM Cases (cr93e_BPMCases)')",
                          "id": "@items('Apply_to_each_Cases')?['ID']",
                          "item/CaseStatus": "Running"
                        },
                        "authentication": {
                          "type": "Raw",
                          "value": "@json(decodeBase64(triggerOutputs().headers['X-MS-APIM-Tokens']))['$ConnectionKey']"
                        }
                      }
                    }
                  },
                  "runAfter": {
                    "Get_items_-_Cases": [
                      "Succeeded"
                    ]
                  },
                  "metadata": {
                    "operationMetadataId": "49a62be5-84fe-49b3-9d9f-56f0d6e15560"
                  },
                  "type": "Foreach"
                },
                "Run_a_Child_Flow_-_BPM_Toolkit_Audit_Log": {
                  "runAfter": {
                    "Apply_to_each__Error_Log": [
                      "Succeeded"
                    ]
                  },
                  "metadata": {
                    "operationMetadataId": "ee2f834e-8e76-45f1-90d1-acb6eb33640f"
                  },
                  "type": "Workflow",
                  "inputs": {
                    "host": {
                      "workflowReferenceName": "7d601ab2-a0b3-ea11-a812-000d3a45b556"
                    },
                    "body": {
                      "text": "@triggerBody()['text']",
                      "text_1": "@{triggerBody()['text_2']} did reset the worklfow to step @{triggerBody()['text_1']}",
                      "text_2": "3",
                      "text_3": "@triggerBody()['text_2']"
                    }
                  }
                },
                "Get_items_-_BPM_Toolkit_Error_Log": {
                  "runAfter": {
                    "Apply_to_each_Cases": [
                      "Succeeded"
                    ]
                  },
                  "metadata": {
                    "operationMetadataId": "2ec8e392-e1d7-456b-9aaa-1d3006da5904"
                  },
                  "type": "OpenApiConnection",
                  "inputs": {
                    "host": {
                      "connectionName": "shared_sharepointonline_1",
                      "operationId": "GetItems",
                      "apiId": "/providers/Microsoft.PowerApps/apis/shared_sharepointonline"
                    },
                    "parameters": {
                      "dataset": "@parameters('BPM Site (cr93e_BPMSite)')",
                      "table": "@parameters('BPM Error Log (cr93e_BPMErrorLog)')",
                      "$filter": "CaseID eq '@{triggerBody()['text']}'"
                    },
                    "authentication": {
                      "type": "Raw",
                      "value": "@json(decodeBase64(triggerOutputs().headers['X-MS-APIM-Tokens']))['$ConnectionKey']"
                    }
                  }
                },
                "Apply_to_each__Error_Log": {
                  "foreach": "@outputs('Get_items_-_BPM_Toolkit_Error_Log')?['body/value']",
                  "actions": {
                    "Delete_item_-_Error_Log": {
                      "runAfter": {},
                      "metadata": {
                        "operationMetadataId": "00b882a3-4c97-460d-b880-3e107eb31755"
                      },
                      "type": "OpenApiConnection",
                      "inputs": {
                        "host": {
                          "connectionName": "shared_sharepointonline_1",
                          "operationId": "DeleteItem",
                          "apiId": "/providers/Microsoft.PowerApps/apis/shared_sharepointonline"
                        },
                        "parameters": {
                          "dataset": "@parameters('BPM Site (cr93e_BPMSite)')",
                          "table": "@parameters('BPM Error Log (cr93e_BPMErrorLog)')",
                          "id": "@item()?['ID']"
                        },
                        "authentication": {
                          "type": "Raw",
                          "value": "@json(decodeBase64(triggerOutputs().headers['X-MS-APIM-Tokens']))['$ConnectionKey']"
                        }
                      }
                    }
                  },
                  "runAfter": {
                    "Get_items_-_BPM_Toolkit_Error_Log": [
                      "Succeeded"
                    ]
                  },
                  "metadata": {
                    "operationMetadataId": "edd83779-bd4a-4b91-87e9-e0c36aef27e2"
                  },
                  "type": "Foreach"
                }
              },
              "runAfter": {
                "Apply_to_each": [
                  "Succeeded"
                ]
              },
              "expression": {
                "equals": [
                  "@variables('StatusUpdated')",
                  true
                ]
              },
              "metadata": {
                "operationMetadataId": "c8cde385-e0d8-49c2-bc49-199fe5053ae5"
              },
              "type": "If"
            }
          },
          "runAfter": {
            "Initialize_variable_StatusUpdated": [
              "Succeeded"
            ]
          },
          "metadata": {
            "operationMetadataId": "e79e1af7-8e5f-4e23-a18d-37979b1dadd6"
          },
          "type": "Scope"
        },
        "Catch": {
          "actions": {
            "Run_a_Child_Flow_-_BPM_Toolkit_Log_Flow_error": {
              "runAfter": {},
              "metadata": {
                "operationMetadataId": "eb3b9dcd-1ca6-4e96-b7c6-a735b934f343"
              },
              "type": "Workflow",
              "inputs": {
                "host": {
                  "workflowReferenceName": "01389840-615e-eb11-a812-0022489c791b"
                },
                "body": {
                  "text": "@string(result('Try'))",
                  "text_1": "@string(workflow())",
                  "text_2": "@triggerBody()['text']"
                }
              }
            }
          },
          "runAfter": {
            "Try": [
              "Failed",
              "Skipped",
              "TimedOut"
            ]
          },
          "metadata": {
            "operationMetadataId": "d4207bff-f436-4e71-a496-bf296edee5ab"
          },
          "type": "Scope"
        }
      },
      "outputs": {}
    }
  },
  "schemaVersion": "1.0.0.0"
}