{
  "properties": {
    "connectionReferences": {
      "shared_sharepointonline_2": {
        "runtimeSource": "embedded",
        "connection": {
          "connectionReferenceLogicalName": "cr93e_BPMToolkitSPConnectionref3"
        },
        "api": {
          "name": "shared_sharepointonline"
        }
      }
    },
    "definition": {
      "$schema": "https://schema.management.azure.com/providers/Microsoft.Logic/schemas/2016-06-01/workflowdefinition.json#",
      "contentVersion": "1.0.0.0",
      "parameters": {
        "$connections": {
          "defaultValue": {},
          "type": "Object"
        },
        "$authentication": {
          "defaultValue": {},
          "type": "SecureObject"
        },
        "BPM Site (cr93e_BPMSite)": {
          "defaultValue": "https://eurocontrol.sharepoint.com/sites/HRSADEV",
          "type": "String",
          "metadata": {
            "schemaName": "cr93e_BPMSite"
          }
        },
        "BPM Case Lifecycle (cr93e_BPMCaseLifecycle)": {
          "defaultValue": "f3de391d-6402-4616-9078-14cf2ca00a7d",
          "type": "String",
          "metadata": {
            "schemaName": "cr93e_BPMCaseLifecycle"
          }
        },
        "BPM System account (cr93e_BPMSystemaccount)": {
          "defaultValue": " HRSA_DEV.Service@eurocontrol.int",
          "type": "String",
          "metadata": {
            "schemaName": "cr93e_BPMSystemaccount"
          }
        }
      },
      "triggers": {
        "manual": {
          "metadata": {
            "operationMetadataId": "b4193048-b7e9-4604-bbf1-de12af2ea418"
          },
          "type": "Request",
          "kind": "Button",
          "inputs": {
            "schema": {
              "type": "object",
              "properties": {
                "text": {
                  "title": "CaseID",
                  "type": "string",
                  "x-ms-dynamically-added": true,
                  "description": "Please enter your input",
                  "x-ms-content-hint": "TEXT"
                },
                "text_1": {
                  "title": "Step",
                  "type": "string",
                  "x-ms-dynamically-added": true,
                  "description": "Please enter your input",
                  "x-ms-content-hint": "TEXT"
                },
                "text_2": {
                  "title": "Submitter",
                  "type": "string",
                  "x-ms-dynamically-added": true,
                  "description": "Please enter your input",
                  "x-ms-content-hint": "TEXT"
                },
                "text_3": {
                  "title": "On Behalf Of",
                  "type": "string",
                  "x-ms-dynamically-added": true,
                  "description": "Please enter your input",
                  "x-ms-content-hint": "TEXT"
                }
              },
              "required": [
                "text",
                "text_1",
                "text_2",
                "text_3"
              ]
            }
          }
        }
      },
      "actions": {
        "Params": {
          "actions": {
            "CaseID": {
              "runAfter": {},
              "metadata": {
                "operationMetadataId": "b043a1bb-9374-4484-9aaf-fab8c5b042e4"
              },
              "type": "Compose",
              "inputs": "@triggerBody()['text']"
            },
            "Step": {
              "runAfter": {
                "CaseID": [
                  "Succeeded"
                ]
              },
              "metadata": {
                "operationMetadataId": "322ff8a1-9974-49b7-a96b-859865c2f604"
              },
              "type": "Compose",
              "inputs": "@triggerBody()['text_1']"
            },
            "Submitter": {
              "runAfter": {
                "Step": [
                  "Succeeded"
                ]
              },
              "metadata": {
                "operationMetadataId": "0a14bf5f-b7bd-48c4-8098-fdf84ad33420"
              },
              "type": "Compose",
              "inputs": "@triggerBody()['text_2']"
            },
            "On_Behalf_Of": {
              "runAfter": {
                "Submitter": [
                  "Succeeded"
                ]
              },
              "metadata": {
                "operationMetadataId": "d4d8a72c-acde-4702-a248-c33fb4e9fdb4"
              },
              "type": "Compose",
              "inputs": "@triggerBody()['text_3']"
            },
            "Service_Account": {
              "runAfter": {
                "On_Behalf_Of": [
                  "Succeeded"
                ]
              },
              "metadata": {
                "operationMetadataId": "963f43d5-2a15-4493-b344-608555371dcc"
              },
              "type": "Compose",
              "inputs": "@parameters('BPM System account (cr93e_BPMSystemaccount)')"
            },
            "HR_GroupId_Case_Lifecycle": {
              "runAfter": {
                "Service_Account": [
                  "Succeeded"
                ]
              },
              "metadata": {
                "operationMetadataId": "8a9a60bf-9984-4cb5-83a0-9ad2e0058a35"
              },
              "type": "Compose",
              "inputs": 31
            },
            "Read_Roledefid": {
              "runAfter": {
                "HR_GroupId_Case_Lifecycle": [
                  "Succeeded"
                ]
              },
              "metadata": {
                "operationMetadataId": "d96071ad-20f3-4445-b9a0-cb44a7fe7e8d"
              },
              "type": "Compose",
              "inputs": 1073741826
            }
          },
          "runAfter": {
            "Initialize_variable_MainSecurityGroupId": [
              "Succeeded"
            ]
          },
          "metadata": {
            "operationMetadataId": "ee92641b-e716-442a-948f-d587e0a78321"
          },
          "type": "Scope"
        },
        "Respond_to_a_PowerApp_or_flow": {
          "runAfter": {
            "Condition": [
              "Succeeded"
            ]
          },
          "metadata": {
            "operationMetadataId": "6b156105-e744-49c4-a663-e12bf7b4f227"
          },
          "type": "Response",
          "kind": "PowerApp",
          "inputs": {
            "statusCode": 200,
            "body": {
              "responsecode": "200",
              "responsemessage": " "
            },
            "schema": {
              "type": "object",
              "properties": {
                "responsecode": {
                  "title": "ResponseCode",
                  "x-ms-dynamically-added": true,
                  "type": "string"
                },
                "responsemessage": {
                  "title": "ResponseMessage",
                  "x-ms-dynamically-added": true,
                  "type": "string"
                }
              }
            }
          }
        },
        "Initialize_variable_requestListGuid": {
          "runAfter": {
            "Initialize_variable_HumanActors": [
              "Succeeded"
            ]
          },
          "metadata": {
            "operationMetadataId": "ceb13406-e92b-4860-8ef0-ec1e2052dd86"
          },
          "type": "InitializeVariable",
          "inputs": {
            "variables": [
              {
                "name": "requestListGuid",
                "type": "string"
              }
            ]
          }
        },
        "Initialize_variable_requestId": {
          "runAfter": {
            "Initialize_variable_requestListGuid": [
              "Succeeded"
            ]
          },
          "metadata": {
            "operationMetadataId": "bddd5c5c-f952-4249-b23c-975b013f5435"
          },
          "type": "InitializeVariable",
          "inputs": {
            "variables": [
              {
                "name": "requestId",
                "type": "string"
              }
            ]
          }
        },
        "Initialize_variable_MainSecurityGroupId": {
          "runAfter": {
            "Initialize_variable_requestId": [
              "Succeeded"
            ]
          },
          "metadata": {
            "operationMetadataId": "30ace5b7-3705-4b2b-bc83-79cd2dc61146"
          },
          "type": "InitializeVariable",
          "inputs": {
            "variables": [
              {
                "name": "MainSecurityGroupId",
                "type": "string"
              }
            ]
          }
        },
        "Run_a_Child_Flow_-_Get_Main_Security_Group": {
          "runAfter": {
            "Params": [
              "Succeeded"
            ]
          },
          "metadata": {
            "operationMetadataId": "67a32e72-1967-40f7-a9d2-00ff4ef28940"
          },
          "type": "Workflow",
          "inputs": {
            "host": {
              "workflowReferenceName": "06a3f9a2-a907-eb11-a813-000d3ab8f989"
            },
            "body": {
              "text": "@outputs('CaseID')"
            }
          }
        },
        "Set_variable_MainSecurityGroupId": {
          "runAfter": {
            "Run_a_Child_Flow_-_Get_Main_Security_Group": [
              "Succeeded"
            ]
          },
          "metadata": {
            "operationMetadataId": "971b2d23-094a-4779-8c1f-01e46873eaf6"
          },
          "type": "SetVariable",
          "inputs": {
            "name": "MainSecurityGroupId",
            "value": "@outputs('Run_a_Child_Flow_-_Get_Main_Security_Group')?['Body']?['securitygroupid']"
          }
        },
        "Run_a_Child_Flow_-_Get_Request_List_Guid_and_Id": {
          "runAfter": {
            "Set_variable_MainSecurityGroupId": [
              "Succeeded"
            ]
          },
          "metadata": {
            "operationMetadataId": "e5748136-841c-4300-9d3c-9681716e058b"
          },
          "type": "Workflow",
          "inputs": {
            "host": {
              "workflowReferenceName": "7c125f5c-e707-eb11-a813-000d3ab8ff7b"
            },
            "body": {
              "text": "@outputs('CaseID')"
            }
          }
        },
        "Set_variable_requestListGuid__": {
          "runAfter": {
            "Run_a_Child_Flow_-_Get_Request_List_Guid_and_Id": [
              "Succeeded"
            ]
          },
          "metadata": {
            "operationMetadataId": "d25d2ba9-1793-4fb4-9c01-4f874028d657"
          },
          "type": "SetVariable",
          "inputs": {
            "name": "requestListGuid",
            "value": "@outputs('Run_a_Child_Flow_-_Get_Request_List_Guid_and_Id')?['Body']?['requestlistguid']"
          }
        },
        "Set_variable_requestId__": {
          "runAfter": {
            "Set_variable_requestListGuid__": [
              "Succeeded"
            ]
          },
          "metadata": {
            "operationMetadataId": "31d3a83d-2852-4fc4-9c23-0ee03daf8ecd"
          },
          "type": "SetVariable",
          "inputs": {
            "name": "requestId",
            "value": "@outputs('Run_a_Child_Flow_-_Get_Request_List_Guid_and_Id')?['Body']?['requestid']"
          }
        },
        "Initialize_variable_HumanActors": {
          "runAfter": {},
          "metadata": {
            "operationMetadataId": "a6927797-668d-4177-9fbf-3b1748e29faa"
          },
          "type": "InitializeVariable",
          "inputs": {
            "variables": [
              {
                "name": "HumanActors",
                "type": "string"
              }
            ]
          },
          "description": "Human Approvers for All steps of the cycle"
        },
        "Secure_the_step": {
          "actions": {
            "Get_items_-_Case_Lifecycle": {
              "runAfter": {},
              "metadata": {
                "operationMetadataId": "09835d4f-3318-4d29-8f08-a2ba8fa24961"
              },
              "type": "OpenApiConnection",
              "inputs": {
                "host": {
                  "connectionName": "shared_sharepointonline_2",
                  "operationId": "GetItems",
                  "apiId": "/providers/Microsoft.PowerApps/apis/shared_sharepointonline"
                },
                "parameters": {
                  "dataset": "@parameters('BPM Site (cr93e_BPMSite)')",
                  "table": "@parameters('BPM Case Lifecycle (cr93e_BPMCaseLifecycle)')",
                  "$filter": "CaseID eq '@{outputs('CaseID')}' and Step eq '@{outputs('Step')}'"
                },
                "authentication": {
                  "type": "Raw",
                  "value": "@json(decodeBase64(triggerOutputs().headers['X-MS-APIM-Tokens']))['$ConnectionKey']"
                }
              }
            },
            "Apply_to_each_Case_Lifecycle_-_Find_the_Step": {
              "foreach": "@outputs('Get_items_-_Case_Lifecycle')?['body/value']",
              "actions": {
                "Send_an_HTTP_request_to_SharePoint_-_Case_LifeCycle_ResetRoleInheritance_": {
                  "runAfter": {},
                  "metadata": {
                    "operationMetadataId": "74a9df99-c154-4dd9-abff-91737cf1e904"
                  },
                  "type": "OpenApiConnection",
                  "inputs": {
                    "host": {
                      "connectionName": "shared_sharepointonline_2",
                      "operationId": "HttpRequest",
                      "apiId": "/providers/Microsoft.PowerApps/apis/shared_sharepointonline"
                    },
                    "parameters": {
                      "dataset": "@parameters('BPM Site (cr93e_BPMSite)')",
                      "parameters/method": "POST",
                      "parameters/uri": "_api/lists/getById('@{parameters('BPM Case Lifecycle (cr93e_BPMCaseLifecycle)')}')/items(@{items('Apply_to_each_Case_Lifecycle_-_Find_the_Step')?['ID']})/ResetRoleInheritance()"
                    },
                    "authentication": {
                      "type": "Raw",
                      "value": "@json(decodeBase64(triggerOutputs().headers['X-MS-APIM-Tokens']))['$ConnectionKey']"
                    }
                  }
                },
                "Send_an_HTTP_request_to_SharePoint_-_Case_LifeCycle_Break_Role_Inheritance_": {
                  "runAfter": {
                    "Send_an_HTTP_request_to_SharePoint_-_Case_LifeCycle_ResetRoleInheritance_": [
                      "Succeeded"
                    ]
                  },
                  "metadata": {
                    "operationMetadataId": "0243423c-d884-4a1c-b4d0-13b6fc60aa3f"
                  },
                  "type": "OpenApiConnection",
                  "inputs": {
                    "host": {
                      "connectionName": "shared_sharepointonline_2",
                      "operationId": "HttpRequest",
                      "apiId": "/providers/Microsoft.PowerApps/apis/shared_sharepointonline"
                    },
                    "parameters": {
                      "dataset": "@parameters('BPM Site (cr93e_BPMSite)')",
                      "parameters/method": "POST",
                      "parameters/uri": "_api/lists/getById('@{parameters('BPM Case Lifecycle (cr93e_BPMCaseLifecycle)')}')/items(@{items('Apply_to_each_Case_Lifecycle_-_Find_the_Step')?['ID']})/breakroleinheritance(copyRoleAssignments=false, clearSubscopes=true)"
                    },
                    "authentication": {
                      "type": "Raw",
                      "value": "@json(decodeBase64(triggerOutputs().headers['X-MS-APIM-Tokens']))['$ConnectionKey']"
                    }
                  }
                },
                "Grant_access_to_an_item_or_a_folder_-_Case_Lifecycle_Submitter_and_On_Behalf_of_": {
                  "runAfter": {
                    "Grant_access_to_an_item_or_a_folder_-_Case_Lifecycle_-_Service_Account": [
                      "Succeeded"
                    ]
                  },
                  "metadata": {
                    "operationMetadataId": "c3f2dee3-6f1a-48e3-b1d9-e1e8afacf0c3"
                  },
                  "type": "OpenApiConnection",
                  "inputs": {
                    "host": {
                      "connectionName": "shared_sharepointonline_2",
                      "operationId": "GrantAccess",
                      "apiId": "/providers/Microsoft.PowerApps/apis/shared_sharepointonline"
                    },
                    "parameters": {
                      "dataset": "@parameters('BPM Site (cr93e_BPMSite)')",
                      "table": "@parameters('BPM Case Lifecycle (cr93e_BPMCaseLifecycle)')",
                      "id": "@items('Apply_to_each_Case_Lifecycle_-_Find_the_Step')?['ID']",
                      "parameter/recipients": "@{outputs('On_Behalf_Of')};@{outputs('Submitter')}@{if(contains(item()?['Actor'],'@'),concat(';',item()?['Actor']),'')}",
                      "parameter/roleValue": "role:1073741826"
                    },
                    "authentication": {
                      "type": "Raw",
                      "value": "@json(decodeBase64(triggerOutputs().headers['X-MS-APIM-Tokens']))['$ConnectionKey']"
                    }
                  }
                },
                "Grant_access_to_an_item_or_a_folder_-_Case_Lifecycle_-_Service_Account": {
                  "runAfter": {
                    "Send_an_HTTP_request_to_SharePoint_-_Case_LifeCycle_Break_Role_Inheritance_": [
                      "Succeeded"
                    ]
                  },
                  "metadata": {
                    "operationMetadataId": "ced998c7-12e2-47b2-ab9d-443a27b1afe6"
                  },
                  "type": "OpenApiConnection",
                  "inputs": {
                    "host": {
                      "connectionName": "shared_sharepointonline_2",
                      "operationId": "GrantAccess",
                      "apiId": "/providers/Microsoft.PowerApps/apis/shared_sharepointonline"
                    },
                    "parameters": {
                      "dataset": "@parameters('BPM Site (cr93e_BPMSite)')",
                      "table": "@parameters('BPM Case Lifecycle (cr93e_BPMCaseLifecycle)')",
                      "id": "@items('Apply_to_each_Case_Lifecycle_-_Find_the_Step')?['ID']",
                      "parameter/recipients": "@outputs('Service_Account')",
                      "parameter/roleValue": "role:1073741827"
                    },
                    "authentication": {
                      "type": "Raw",
                      "value": "@json(decodeBase64(triggerOutputs().headers['X-MS-APIM-Tokens']))['$ConnectionKey']"
                    }
                  }
                },
                "Send_an_HTTP_request_to_SharePoint_-_Case_Lifecycle_To_Business_Group_": {
                  "runAfter": {
                    "Grant_access_to_an_item_or_a_folder_-_Case_Lifecycle_Submitter_and_On_Behalf_of_": [
                      "Succeeded"
                    ]
                  },
                  "metadata": {
                    "operationMetadataId": "026b17f9-0c04-49d6-9212-8dce9c21bb15"
                  },
                  "type": "OpenApiConnection",
                  "inputs": {
                    "host": {
                      "connectionName": "shared_sharepointonline_2",
                      "operationId": "HttpRequest",
                      "apiId": "/providers/Microsoft.PowerApps/apis/shared_sharepointonline"
                    },
                    "parameters": {
                      "dataset": "@parameters('BPM Site (cr93e_BPMSite)')",
                      "parameters/method": "POST",
                      "parameters/uri": "_api/lists/getById('@{parameters('BPM Case Lifecycle (cr93e_BPMCaseLifecycle)')}')/items(@{items('Apply_to_each_Case_Lifecycle_-_Find_the_Step')?['ID']})/roleAssignments/addroleassignment(principalId=@{variables('MainSecurityGroupId')}, roledefId=@{outputs('Read_Roledefid')})"
                    },
                    "authentication": {
                      "type": "Raw",
                      "value": "@json(decodeBase64(triggerOutputs().headers['X-MS-APIM-Tokens']))['$ConnectionKey']"
                    }
                  }
                },
                "If_Actor_is_a_person": {
                  "actions": {
                    "Grant_access_to_an_item_or_a_folder": {
                      "runAfter": {},
                      "metadata": {
                        "operationMetadataId": "5a801ec5-33ee-4e6a-be7a-78c6780aee5a"
                      },
                      "type": "OpenApiConnection",
                      "inputs": {
                        "host": {
                          "connectionName": "shared_sharepointonline_2",
                          "operationId": "GrantAccess",
                          "apiId": "/providers/Microsoft.PowerApps/apis/shared_sharepointonline"
                        },
                        "parameters": {
                          "dataset": "@parameters('BPM Site (cr93e_BPMSite)')",
                          "table": "@variables('requestListGuid')",
                          "id": "@variables('requestId')",
                          "parameter/recipients": "@outputs('Actor')",
                          "parameter/roleValue": "role:1073741826"
                        },
                        "authentication": {
                          "type": "Raw",
                          "value": "@json(decodeBase64(triggerOutputs().headers['X-MS-APIM-Tokens']))['$ConnectionKey']"
                        }
                      }
                    }
                  },
                  "runAfter": {
                    "ActorIsHuman": [
                      "Succeeded"
                    ]
                  },
                  "expression": {
                    "equals": [
                      "@outputs('ActorIsHuman')",
                      true
                    ]
                  },
                  "metadata": {
                    "operationMetadataId": "38661f39-b5db-4014-a288-8d94141f9ec7"
                  },
                  "type": "If"
                },
                "Actor": {
                  "runAfter": {
                    "Send_an_HTTP_request_to_SharePoint_-_Case_Lifecycle_To_Business_Group_": [
                      "Succeeded"
                    ]
                  },
                  "metadata": {
                    "operationMetadataId": "c8fc905f-1436-4f28-be0a-7c7494eb4c7e"
                  },
                  "type": "Compose",
                  "inputs": "@items('Apply_to_each_Case_Lifecycle_-_Find_the_Step')?['Actor']"
                },
                "ActorIsHuman": {
                  "runAfter": {
                    "Actor": [
                      "Succeeded"
                    ]
                  },
                  "metadata": {
                    "operationMetadataId": "219a5810-04c3-41ab-8d53-ce378e6e3bde"
                  },
                  "type": "Compose",
                  "inputs": "@contains(outputs('Actor'),'@')"
                }
              },
              "runAfter": {
                "Get_items_-_Case_Lifecycle": [
                  "Succeeded"
                ]
              },
              "metadata": {
                "operationMetadataId": "e0aafdd9-e871-4b1c-bf77-f976f036dbd6"
              },
              "type": "Foreach"
            }
          },
          "runAfter": {
            "Set_variable_requestId__": [
              "Succeeded"
            ]
          },
          "metadata": {
            "operationMetadataId": "690a56c3-d91f-4262-a710-62c9c35c74fc"
          },
          "type": "Scope"
        },
        "Condition": {
          "actions": {
            "Secure_the_pipeline": {
              "actions": {
                "Apply_to_each": {
                  "foreach": "@outputs('Get_items_-_Case_Lifecycle_-_All_Steps')?['body/value']",
                  "actions": {
                    "Grant_access_to_an_item_or_a_folder_2": {
                      "runAfter": {},
                      "metadata": {
                        "operationMetadataId": "f2d2c1c4-c160-4701-a45b-b0183b43bf4c"
                      },
                      "type": "OpenApiConnection",
                      "inputs": {
                        "host": {
                          "connectionName": "shared_sharepointonline_2",
                          "operationId": "GrantAccess",
                          "apiId": "/providers/Microsoft.PowerApps/apis/shared_sharepointonline"
                        },
                        "parameters": {
                          "dataset": "@parameters('BPM Site (cr93e_BPMSite)')",
                          "table": "@variables('requestListGuid')",
                          "id": "@variables('requestId')",
                          "parameter/recipients": "@variables('HumanActors')",
                          "parameter/roleValue": "role:1073741826"
                        },
                        "authentication": {
                          "type": "Raw",
                          "value": "@json(decodeBase64(triggerOutputs().headers['X-MS-APIM-Tokens']))['$ConnectionKey']"
                        }
                      }
                    }
                  },
                  "runAfter": {
                    "Get_items_-_Case_Lifecycle_-_All_Steps": [
                      "Succeeded"
                    ]
                  },
                  "metadata": {
                    "operationMetadataId": "85627059-af38-4903-ac61-89510bda950c"
                  },
                  "type": "Foreach"
                },
                "Get_items_-_Case_Lifecycle_-_All_Steps": {
                  "runAfter": {
                    "Apply_to_each_Human_Actor_": [
                      "Succeeded"
                    ]
                  },
                  "metadata": {
                    "operationMetadataId": "b87238c1-444e-4ad8-b6ac-4dfd0c201c8f"
                  },
                  "type": "OpenApiConnection",
                  "inputs": {
                    "host": {
                      "connectionName": "shared_sharepointonline_2",
                      "operationId": "GetItems",
                      "apiId": "/providers/Microsoft.PowerApps/apis/shared_sharepointonline"
                    },
                    "parameters": {
                      "dataset": "@parameters('BPM Site (cr93e_BPMSite)')",
                      "table": "@parameters('BPM Case Lifecycle (cr93e_BPMCaseLifecycle)')",
                      "$filter": "CaseID eq '@{outputs('CaseID')}'"
                    },
                    "authentication": {
                      "type": "Raw",
                      "value": "@json(decodeBase64(triggerOutputs().headers['X-MS-APIM-Tokens']))['$ConnectionKey']"
                    }
                  }
                },
                "Apply_to_each_Human_Actor_": {
                  "foreach": "@outputs('Get_items_-_Case_Lifecycle_-_Steps_with_HumanActors')?['body/value']",
                  "actions": {
                    "Append_to_string_variable_HumanActors": {
                      "runAfter": {},
                      "metadata": {
                        "operationMetadataId": "864750ca-4710-4616-a1eb-cd947b523f80"
                      },
                      "type": "AppendToStringVariable",
                      "inputs": {
                        "name": "HumanActors",
                        "value": "; @{items('Apply_to_each_Human_Actor_')?['Actor']}"
                      }
                    }
                  },
                  "runAfter": {
                    "Get_items_-_Case_Lifecycle_-_Steps_with_HumanActors": [
                      "Succeeded"
                    ]
                  },
                  "metadata": {
                    "operationMetadataId": "f19d0cc3-148c-4ac5-b2a6-552fea60055e"
                  },
                  "type": "Foreach"
                },
                "Get_items_-_Case_Lifecycle_-_Steps_with_HumanActors": {
                  "runAfter": {},
                  "metadata": {
                    "operationMetadataId": "229dfd69-ac8c-4596-8884-0f0dd291d20f"
                  },
                  "type": "OpenApiConnection",
                  "inputs": {
                    "host": {
                      "connectionName": "shared_sharepointonline_2",
                      "operationId": "GetItems",
                      "apiId": "/providers/Microsoft.PowerApps/apis/shared_sharepointonline"
                    },
                    "parameters": {
                      "dataset": "@parameters('BPM Site (cr93e_BPMSite)')",
                      "table": "@parameters('BPM Case Lifecycle (cr93e_BPMCaseLifecycle)')",
                      "$filter": "CaseID eq '@{outputs('CaseID')}' and substringof('@', Actor) "
                    },
                    "authentication": {
                      "type": "Raw",
                      "value": "@json(decodeBase64(triggerOutputs().headers['X-MS-APIM-Tokens']))['$ConnectionKey']"
                    }
                  }
                }
              },
              "runAfter": {},
              "metadata": {
                "operationMetadataId": "52d287b5-3103-41bd-ae31-ad528cfaecf0"
              },
              "type": "Scope"
            }
          },
          "runAfter": {
            "Secure_the_step": [
              "Succeeded"
            ]
          },
          "expression": {
            "equals": [
              "DEBUG",
              "DEBUGX"
            ]
          },
          "metadata": {
            "operationMetadataId": "b363be68-2d8c-40c4-bebf-c60466f40d79"
          },
          "type": "If"
        }
      },
      "outputs": {}
    }
  },
  "schemaVersion": "1.0.0.0"
}