{
  "properties": {
    "connectionReferences": {
      "shared_sharepointonline": {
        "runtimeSource": "embedded",
        "connection": {
          "connectionReferenceLogicalName": "cr93e_BPMToolkitSPConnectionref3"
        },
        "api": {
          "name": "shared_sharepointonline"
        }
      }
    },
    "definition": {
      "$schema": "https://schema.management.azure.com/providers/Microsoft.Logic/schemas/2016-06-01/workflowdefinition.json#",
      "contentVersion": "1.0.0.0",
      "parameters": {
        "$connections": {
          "defaultValue": {},
          "type": "Object"
        },
        "$authentication": {
          "defaultValue": {},
          "type": "SecureObject"
        },
        "BPM Site (cr93e_BPMSite)": {
          "defaultValue": "https://eurocontrol.sharepoint.com/sites/HRSADEV",
          "type": "String",
          "metadata": {
            "schemaName": "cr93e_BPMSite"
          }
        },
        "BPM System account (cr93e_BPMSystemaccount)": {
          "defaultValue": " HRSA_DEV.Service@eurocontrol.int",
          "type": "String",
          "metadata": {
            "schemaName": "cr93e_BPMSystemaccount"
          }
        }
      },
      "triggers": {
        "manual": {
          "metadata": {
            "operationMetadataId": "aad081ac-a266-46ec-ab2e-a346171c8978"
          },
          "type": "Request",
          "kind": "Button",
          "inputs": {
            "schema": {
              "type": "object",
              "properties": {
                "text": {
                  "title": "RequestType",
                  "type": "string",
                  "x-ms-dynamically-added": true,
                  "description": "Please enter your input",
                  "x-ms-content-hint": "TEXT"
                },
                "text_1": {
                  "title": "RequestItemId",
                  "type": "string",
                  "x-ms-dynamically-added": true,
                  "description": "Please enter your input",
                  "x-ms-content-hint": "TEXT"
                },
                "text_2": {
                  "title": "OnBehalfof",
                  "type": "string",
                  "x-ms-dynamically-added": true,
                  "description": "Please enter your input",
                  "x-ms-content-hint": "TEXT"
                },
                "text_3": {
                  "title": "SubmittedBy",
                  "type": "string",
                  "x-ms-dynamically-added": true,
                  "description": "Please enter your input",
                  "x-ms-content-hint": "TEXT"
                }
              },
              "required": [
                "text",
                "text_1",
                "text_2",
                "text_3"
              ]
            }
          }
        }
      },
      "actions": {
        "Run_a_Child_Flow_-_Get_Case_Type_Parameters": {
          "runAfter": {},
          "metadata": {
            "operationMetadataId": "c25c0d27-d698-48ea-ae8e-a52e5e350e5c"
          },
          "type": "Workflow",
          "inputs": {
            "host": {
              "workflowReferenceName": "cdb0f698-2e4b-eb11-a812-000d3abee2a0"
            },
            "body": {
              "text": "@triggerBody()['text']"
            }
          }
        },
        "Request_List_Guid": {
          "runAfter": {
            "SystemAccount": [
              "Succeeded"
            ]
          },
          "metadata": {
            "operationMetadataId": "ec1d5606-824b-4b26-a6fa-80e6ccb0336d"
          },
          "type": "Compose",
          "inputs": "@outputs('Run_a_Child_Flow_-_Get_Case_Type_Parameters')?['Body']?['requestlistguid']"
        },
        "RequestItemId": {
          "runAfter": {
            "Request_List_Guid": [
              "Succeeded"
            ]
          },
          "metadata": {
            "operationMetadataId": "3819d351-18a8-4339-8a53-5398cab91d72"
          },
          "type": "Compose",
          "inputs": "@triggerBody()['text_1']"
        },
        "SecurityGroupId": {
          "runAfter": {
            "Run_a_Child_Flow_-_Get_Group_Id_from_Case_type": [
              "Succeeded"
            ]
          },
          "metadata": {
            "operationMetadataId": "b58fa1cb-d78f-434e-9911-adc517640aa0"
          },
          "type": "Compose",
          "inputs": "@outputs('Run_a_Child_Flow_-_Get_Group_Id_from_Case_type')?['Body']?['securitygroupid']"
        },
        "Run_a_Child_Flow_-_Get_Group_Id_from_Case_type": {
          "runAfter": {
            "RequestItemId": [
              "Succeeded"
            ]
          },
          "metadata": {
            "operationMetadataId": "17f98a2c-4421-45fd-bd19-21dbc670af43"
          },
          "type": "Workflow",
          "inputs": {
            "host": {
              "workflowReferenceName": "7c0056e5-741c-eb11-a813-000d3a2c81cd"
            },
            "body": {
              "text": "@triggerBody()['text']"
            }
          }
        },
        "Read_Roledefid": {
          "runAfter": {
            "SecurityGroupId": [
              "Succeeded"
            ]
          },
          "metadata": {
            "operationMetadataId": "e4ab9aef-99c8-4b83-bb0c-21008d7c2f55"
          },
          "type": "Compose",
          "inputs": 1073741826
        },
        "Send_an_HTTP_request_to_SharePoint_-_ResetRoleInheritance_for_Request_item": {
          "runAfter": {
            "Read_Roledefid": [
              "Succeeded"
            ]
          },
          "metadata": {
            "operationMetadataId": "89156be0-2730-426c-acdd-4b218399b481"
          },
          "type": "OpenApiConnection",
          "inputs": {
            "host": {
              "connectionName": "shared_sharepointonline",
              "operationId": "HttpRequest",
              "apiId": "/providers/Microsoft.PowerApps/apis/shared_sharepointonline"
            },
            "parameters": {
              "dataset": "@parameters('BPM Site (cr93e_BPMSite)')",
              "parameters/method": "POST",
              "parameters/uri": "_api/lists(guid'@{outputs('Request_List_Guid')}')/items(@{triggerBody()['text_1']})/ResetRoleInheritance()"
            },
            "authentication": {
              "type": "Raw",
              "value": "@json(decodeBase64(triggerOutputs().headers['X-MS-APIM-Tokens']))['$ConnectionKey']"
            }
          }
        },
        "Send_an_HTTP_request_to_SharePoint_-_ResetRoleInheritance_for_Request_item_": {
          "runAfter": {
            "Send_an_HTTP_request_to_SharePoint_-_ResetRoleInheritance_for_Request_item": [
              "Succeeded"
            ]
          },
          "metadata": {
            "operationMetadataId": "1f778b34-7307-414a-8221-2d07e7b4744e"
          },
          "type": "OpenApiConnection",
          "inputs": {
            "host": {
              "connectionName": "shared_sharepointonline",
              "operationId": "HttpRequest",
              "apiId": "/providers/Microsoft.PowerApps/apis/shared_sharepointonline"
            },
            "parameters": {
              "dataset": "@parameters('BPM Site (cr93e_BPMSite)')",
              "parameters/method": "POST",
              "parameters/uri": "_api/lists(guid'@{outputs('Request_List_Guid')}')/items(@{triggerBody()['text_1']})/breakroleinheritance(copyRoleAssignments=false, clearSubscopes=true)"
            },
            "authentication": {
              "type": "Raw",
              "value": "@json(decodeBase64(triggerOutputs().headers['X-MS-APIM-Tokens']))['$ConnectionKey']"
            }
          }
        },
        "Grant_access_to_an_item_or_a_folder_-_Request_item": {
          "runAfter": {
            "Send_an_HTTP_request_to_SharePoint_-_ResetRoleInheritance_for_Request_item_": [
              "Succeeded"
            ]
          },
          "metadata": {
            "operationMetadataId": "5e2561d4-02a1-443b-8761-2a483ee9cefd"
          },
          "type": "OpenApiConnection",
          "inputs": {
            "host": {
              "connectionName": "shared_sharepointonline",
              "operationId": "GrantAccess",
              "apiId": "/providers/Microsoft.PowerApps/apis/shared_sharepointonline"
            },
            "parameters": {
              "dataset": "@parameters('BPM Site (cr93e_BPMSite)')",
              "table": "@outputs('Request_List_Guid')",
              "id": "@outputs('RequestItemId')",
              "parameter/recipients": "@outputs('SystemAccount')",
              "parameter/roleValue": "role:1073741827"
            },
            "authentication": {
              "type": "Raw",
              "value": "@json(decodeBase64(triggerOutputs().headers['X-MS-APIM-Tokens']))['$ConnectionKey']"
            }
          }
        },
        "Grant_access_to_an_item_or_a_folder_-_Request_item_On_Belhalf": {
          "runAfter": {
            "Grant_access_to_an_item_or_a_folder_-_Request_item": [
              "Succeeded"
            ]
          },
          "metadata": {
            "operationMetadataId": "af3d16eb-5f7b-4903-81a3-8b9ab10755ea"
          },
          "type": "OpenApiConnection",
          "inputs": {
            "host": {
              "connectionName": "shared_sharepointonline",
              "operationId": "GrantAccess",
              "apiId": "/providers/Microsoft.PowerApps/apis/shared_sharepointonline"
            },
            "parameters": {
              "dataset": "@parameters('BPM Site (cr93e_BPMSite)')",
              "table": "@outputs('Request_List_Guid')",
              "id": "@outputs('RequestItemId')",
              "parameter/recipients": "@{triggerBody()['text_2']};@{triggerBody()['text_3']}",
              "parameter/roleValue": "role:1073741826"
            },
            "authentication": {
              "type": "Raw",
              "value": "@json(decodeBase64(triggerOutputs().headers['X-MS-APIM-Tokens']))['$ConnectionKey']"
            }
          }
        },
        "Send_an_HTTP_request_to_SharePoint_-_Authorize_Business_group_in_Request_item": {
          "runAfter": {
            "Grant_access_to_an_item_or_a_folder_-_Request_item_On_Belhalf": [
              "Succeeded"
            ]
          },
          "metadata": {
            "operationMetadataId": "27e2d087-9552-47b5-815c-e96ed50a0d71"
          },
          "type": "OpenApiConnection",
          "inputs": {
            "host": {
              "connectionName": "shared_sharepointonline",
              "operationId": "HttpRequest",
              "apiId": "/providers/Microsoft.PowerApps/apis/shared_sharepointonline"
            },
            "parameters": {
              "dataset": "@parameters('BPM Site (cr93e_BPMSite)')",
              "parameters/method": "POST",
              "parameters/uri": "_api/lists(guid'@{outputs('Request_List_Guid')}')/items(@{triggerBody()['text_1']})/roleAssignments/addroleassignment(principalId=@{outputs('SecurityGroupId')}, roledefId=@{outputs('Read_Roledefid')})"
            },
            "authentication": {
              "type": "Raw",
              "value": "@json(decodeBase64(triggerOutputs().headers['X-MS-APIM-Tokens']))['$ConnectionKey']"
            }
          }
        },
        "Respond_to_a_PowerApp_or_flow": {
          "runAfter": {
            "Send_an_HTTP_request_to_SharePoint_-_Authorize_Business_group_in_Request_item": [
              "Succeeded"
            ]
          },
          "metadata": {
            "operationMetadataId": "5cb0eda1-ed5c-4469-9a7a-64ca9c23b586"
          },
          "type": "Response",
          "kind": "PowerApp",
          "inputs": {
            "statusCode": 200,
            "body": {
              "responsecode": "200",
              "responsemessage": " "
            },
            "schema": {
              "type": "object",
              "properties": {
                "responsecode": {
                  "title": "ResponseCode",
                  "x-ms-dynamically-added": true,
                  "type": "string"
                },
                "responsemessage": {
                  "title": "ResponseMessage",
                  "x-ms-dynamically-added": true,
                  "type": "string"
                }
              }
            }
          }
        },
        "SystemAccount": {
          "runAfter": {
            "Run_a_Child_Flow_-_Get_Case_Type_Parameters": [
              "Succeeded"
            ]
          },
          "metadata": {
            "operationMetadataId": "942dbe42-cc86-412b-a0cc-4f77efa91524"
          },
          "type": "Compose",
          "inputs": "@parameters('BPM System account (cr93e_BPMSystemaccount)')"
        }
      },
      "outputs": {}
    }
  },
  "schemaVersion": "1.0.0.0"
}