{
  "properties": {
    "connectionReferences": {
      "shared_sharepointonline": {
        "runtimeSource": "embedded",
        "connection": {
          "connectionReferenceLogicalName": "cr93e_BPMToolkitSPConnectionref2"
        },
        "api": {
          "name": "shared_sharepointonline"
        }
      },
      "shared_office365": {
        "runtimeSource": "embedded",
        "connection": {
          "connectionReferenceLogicalName": "cr93e_BPMToolkitOutlookConnectionref"
        },
        "api": {
          "name": "shared_office365"
        }
      }
    },
    "definition": {
      "$schema": "https://schema.management.azure.com/providers/Microsoft.Logic/schemas/2016-06-01/workflowdefinition.json#",
      "contentVersion": "1.0.0.0",
      "parameters": {
        "$connections": {
          "defaultValue": {},
          "type": "Object"
        },
        "$authentication": {
          "defaultValue": {},
          "type": "SecureObject"
        },
        "BPM Site (cr93e_BPMSite)": {
          "defaultValue": "https://eurocontrol.sharepoint.com/sites/HRSADEV",
          "type": "String",
          "metadata": {
            "schemaName": "cr93e_BPMSite"
          }
        },
        "BPM Case Lifecycle (cr93e_BPMCaseLifecycle)": {
          "defaultValue": "f3de391d-6402-4616-9078-14cf2ca00a7d",
          "type": "String",
          "metadata": {
            "schemaName": "cr93e_BPMCaseLifecycle"
          }
        }
      },
      "triggers": {
        "manual": {
          "metadata": {
            "operationMetadataId": "1640b3a4-b289-4cab-b5d3-9bace0b08618"
          },
          "type": "Request",
          "kind": "Button",
          "inputs": {
            "schema": {
              "type": "object",
              "properties": {
                "text": {
                  "title": "CaseID",
                  "type": "string",
                  "x-ms-dynamically-added": true,
                  "description": "Please enter your input",
                  "x-ms-content-hint": "TEXT"
                },
                "text_1": {
                  "title": "Step",
                  "type": "string",
                  "x-ms-dynamically-added": true,
                  "description": "Please enter your input",
                  "x-ms-content-hint": "TEXT"
                },
                "text_2": {
                  "title": "ActionToPerform",
                  "type": "string",
                  "x-ms-dynamically-added": true,
                  "description": "Please enter your input",
                  "x-ms-content-hint": "TEXT"
                },
                "text_3": {
                  "title": "NewApprover",
                  "type": "string",
                  "x-ms-dynamically-added": true,
                  "description": "Please enter your input",
                  "x-ms-content-hint": "TEXT"
                },
                "text_4": {
                  "title": "MessageToUser",
                  "type": "string",
                  "x-ms-dynamically-added": true,
                  "description": "Please enter your input",
                  "x-ms-content-hint": "TEXT"
                },
                "text_5": {
                  "title": "Actor",
                  "type": "string",
                  "x-ms-dynamically-added": true,
                  "description": "Please enter your input",
                  "x-ms-content-hint": "TEXT"
                }
              },
              "required": [
                "text",
                "text_1",
                "text_2",
                "text_3",
                "text_4",
                "text_5"
              ]
            }
          }
        }
      },
      "actions": {
        "CaseID": {
          "runAfter": {},
          "metadata": {
            "operationMetadataId": "550cec03-c454-4d09-841e-4683bea02cc3"
          },
          "type": "Compose",
          "inputs": "@triggerBody()['text']"
        },
        "Step": {
          "runAfter": {
            "CaseID": [
              "Succeeded"
            ]
          },
          "metadata": {
            "operationMetadataId": "ef8f9749-6905-4374-9382-bf542d3ec8b3"
          },
          "type": "Compose",
          "inputs": "@triggerBody()['text_1']"
        },
        "ActionToPerform": {
          "runAfter": {
            "Step": [
              "Succeeded"
            ]
          },
          "metadata": {
            "operationMetadataId": "5ff8fbcf-c67c-483c-a6a0-517b808fbf6c"
          },
          "type": "Compose",
          "inputs": "@triggerBody()['text_2']"
        },
        "NewApprover": {
          "runAfter": {
            "ActionToPerform": [
              "Succeeded"
            ]
          },
          "metadata": {
            "operationMetadataId": "8c19ec60-717f-41b0-bb72-adf9a8623c25"
          },
          "type": "Compose",
          "inputs": "@triggerBody()['text_3']"
        },
        "Respond_to_a_PowerApp_or_flow": {
          "runAfter": {
            "Catch": [
              "Succeeded",
              "Failed",
              "Skipped",
              "TimedOut"
            ]
          },
          "metadata": {
            "operationMetadataId": "e5561e31-99a4-4213-8385-68a84d20c249"
          },
          "type": "Response",
          "kind": "PowerApp",
          "inputs": {
            "statusCode": 200,
            "body": {},
            "schema": {
              "type": "object",
              "properties": {}
            }
          }
        },
        "MessageToUser": {
          "runAfter": {
            "NewApprover": [
              "Succeeded"
            ]
          },
          "metadata": {
            "operationMetadataId": "4a2618db-3a2d-4036-9cdb-3e9fee9cd233"
          },
          "type": "Compose",
          "inputs": "@triggerBody()?['text_4']"
        },
        "Try": {
          "actions": {
            "Get_items_-__Case_Lifecycle": {
              "runAfter": {},
              "metadata": {
                "operationMetadataId": "c76a62b2-d169-43eb-bf52-e3f8527c1443"
              },
              "type": "OpenApiConnection",
              "inputs": {
                "host": {
                  "connectionName": "shared_sharepointonline",
                  "operationId": "GetItems",
                  "apiId": "/providers/Microsoft.PowerApps/apis/shared_sharepointonline"
                },
                "parameters": {
                  "dataset": "@parameters('BPM Site (cr93e_BPMSite)')",
                  "table": "@parameters('BPM Case Lifecycle (cr93e_BPMCaseLifecycle)')",
                  "$filter": "CaseID eq '@{outputs('CaseID')}' and Step eq '@{outputs('Step')}'",
                  "$top": 1
                },
                "authentication": {
                  "type": "Raw",
                  "value": "@json(decodeBase64(triggerOutputs().headers['X-MS-APIM-Tokens']))['$ConnectionKey']"
                }
              }
            },
            "Apply_to_each": {
              "foreach": "@outputs('Get_items_-__Case_Lifecycle')?['body/value']",
              "actions": {
                "Switch": {
                  "runAfter": {
                    "OldApprover": [
                      "Succeeded"
                    ]
                  },
                  "cases": {
                    "Case_REASSIGN": {
                      "case": "REASSIGN",
                      "actions": {
                        "Run_a_Child_Flow_-_Release_ownership": {
                          "runAfter": {
                            "Update_item_-_Case_Lifecycle__-_Reassign": [
                              "Succeeded"
                            ]
                          },
                          "type": "Workflow",
                          "inputs": {
                            "host": {
                              "workflowReferenceName": "61ff408c-a529-eb11-a813-000d3ab8ff7b"
                            },
                            "body": {
                              "CaseID_Inputs": "@outputs('CaseID')",
                              "Step_Inputs": "@outputs('Step')",
                              "Actor_Inputs": "@string('')"
                            }
                          }
                        },
                        "Run_a_Child_Flow_-_Secure_Step": {
                          "runAfter": {
                            "Update_item_-_Case_Lifecycle__-_Reassign": [
                              "Succeeded"
                            ]
                          },
                          "type": "Workflow",
                          "inputs": {
                            "host": {
                              "workflowReferenceName": "1062f234-10b6-ea11-a812-000d3a45b556"
                            },
                            "body": {
                              "text": "@outputs('CaseID')",
                              "text_1": "@outputs('Step')",
                              "text_2": "@string(items('Apply_to_each')?['SubmittedBy'])",
                              "text_3": "@string(items('Apply_to_each')?['OnBehalfOf'])"
                            }
                          }
                        },
                        "Run_a_Child_Flow_-_Send_Approval_Request": {
                          "runAfter": {
                            "Update_item_-_Case_Lifecycle__-_Reassign": [
                              "Succeeded"
                            ]
                          },
                          "type": "Workflow",
                          "inputs": {
                            "host": {
                              "workflowReferenceName": "c75d4c46-dda3-ea11-a812-000d3a249ca1"
                            },
                            "body": {
                              "text": "@outputs('CaseID')",
                              "text_1": "@outputs('Step')",
                              "text_2": "@outputs('NewApprover')",
                              "text_3": "APPROVAL",
                              "text_4": "@outputs('MessageToUser')"
                            }
                          }
                        },
                        "Run_a_Child_Flow_-_BPM_Toolkit_Audit_log": {
                          "runAfter": {
                            "Run_a_Child_Flow_-_Release_ownership": [
                              "Succeeded"
                            ],
                            "Run_a_Child_Flow_-_Secure_Step": [
                              "Succeeded"
                            ],
                            "Run_a_Child_Flow_-_Send_Approval_Request": [
                              "Succeeded"
                            ]
                          },
                          "type": "Workflow",
                          "inputs": {
                            "host": {
                              "workflowReferenceName": "7d601ab2-a0b3-ea11-a812-000d3a45b556"
                            },
                            "body": {
                              "text": "@outputs('CaseID')",
                              "text_1": "@{outputs('Actor')} reassigned the step @{outputs('Step')} from @{outputs('OldApprover')} to @{outputs('NewApprover')}",
                              "text_2": "0",
                              "text_3": "@outputs('Actor')"
                            }
                          }
                        },
                        "Update_item_-_Case_Lifecycle__-_Reassign": {
                          "runAfter": {},
                          "type": "OpenApiConnection",
                          "inputs": {
                            "host": {
                              "connectionName": "shared_sharepointonline",
                              "operationId": "PatchItem",
                              "apiId": "/providers/Microsoft.PowerApps/apis/shared_sharepointonline"
                            },
                            "parameters": {
                              "dataset": "@parameters('BPM Site (cr93e_BPMSite)')",
                              "table": "@parameters('BPM Case Lifecycle (cr93e_BPMCaseLifecycle)')",
                              "id": "@items('Apply_to_each')?['ID']",
                              "item/CaseID": "@outputs('CaseID')",
                              "item/Ended": "                         ",
                              "item/Actor": "@outputs('NewApprover')",
                              "item/TaskExecutedBy": "@outputs('Actor')"
                            },
                            "authentication": {
                              "type": "Raw",
                              "value": "@json(decodeBase64(triggerOutputs().headers['X-MS-APIM-Tokens']))['$ConnectionKey']"
                            }
                          },
                          "description": "Reassign to a new user"
                        }
                      }
                    },
                    "Case_SKIP": {
                      "case": "SKIP",
                      "actions": {
                        "Set_Next_Step_status_to_Waiting": {
                          "actions": {
                            "Get_items_-_Lifecycle__": {
                              "runAfter": {},
                              "type": "OpenApiConnection",
                              "inputs": {
                                "host": {
                                  "connectionName": "shared_sharepointonline",
                                  "operationId": "GetItems",
                                  "apiId": "/providers/Microsoft.PowerApps/apis/shared_sharepointonline"
                                },
                                "parameters": {
                                  "dataset": "@parameters('BPM Site (cr93e_BPMSite)')",
                                  "table": "@parameters('BPM Case Lifecycle (cr93e_BPMCaseLifecycle)')",
                                  "$filter": "CaseID eq '@{outputs('CaseID')}' and Step gt '@{outputs('Step')}'",
                                  "$orderby": "Step",
                                  "$top": 1
                                },
                                "authentication": {
                                  "type": "Raw",
                                  "value": "@json(decodeBase64(triggerOutputs().headers['X-MS-APIM-Tokens']))['$ConnectionKey']"
                                }
                              }
                            },
                            "Apply_to_each_2": {
                              "foreach": "@outputs('Get_items_-_Lifecycle__')?['body/value']",
                              "actions": {
                                "Update_item_-_Case_Lifecycle_-_Waiting": {
                                  "runAfter": {},
                                  "type": "OpenApiConnection",
                                  "inputs": {
                                    "host": {
                                      "connectionName": "shared_sharepointonline",
                                      "operationId": "PatchItem",
                                      "apiId": "/providers/Microsoft.PowerApps/apis/shared_sharepointonline"
                                    },
                                    "parameters": {
                                      "dataset": "@parameters('BPM Site (cr93e_BPMSite)')",
                                      "table": "@parameters('BPM Case Lifecycle (cr93e_BPMCaseLifecycle)')",
                                      "id": "@items('Apply_to_each_2')?['ID']",
                                      "item/Started": "@utcNow()",
                                      "item/Ended": "          ",
                                      "item/Status": "Waiting"
                                    },
                                    "authentication": {
                                      "type": "Raw",
                                      "value": "@json(decodeBase64(triggerOutputs().headers['X-MS-APIM-Tokens']))['$ConnectionKey']"
                                    }
                                  }
                                },
                                "Update_item_-_Case_Lifecycle_-_Skip_-_Set_current_status_to_Skipped": {
                                  "runAfter": {
                                    "Run_a_Child_Flow_-_Send_Approval_Request_2": [
                                      "Succeeded"
                                    ]
                                  },
                                  "type": "OpenApiConnection",
                                  "inputs": {
                                    "host": {
                                      "connectionName": "shared_sharepointonline",
                                      "operationId": "PatchItem",
                                      "apiId": "/providers/Microsoft.PowerApps/apis/shared_sharepointonline"
                                    },
                                    "parameters": {
                                      "dataset": "@parameters('BPM Site (cr93e_BPMSite)')",
                                      "table": "@parameters('BPM Case Lifecycle (cr93e_BPMCaseLifecycle)')",
                                      "id": "@items('Apply_to_each')?['ID']",
                                      "item/CaseID": "@outputs('CaseID')",
                                      "item/Ended": "                   ",
                                      "item/Status": "Skipped",
                                      "item/TaskExecutedBy": "@outputs('Actor')"
                                    },
                                    "authentication": {
                                      "type": "Raw",
                                      "value": "@json(decodeBase64(triggerOutputs().headers['X-MS-APIM-Tokens']))['$ConnectionKey']"
                                    }
                                  }
                                },
                                "Run_a_Child_Flow_-_Send_Approval_Request_2": {
                                  "runAfter": {
                                    "Update_item_-_Case_Lifecycle_-_Waiting": [
                                      "Succeeded"
                                    ]
                                  },
                                  "type": "Workflow",
                                  "inputs": {
                                    "host": {
                                      "workflowReferenceName": "c75d4c46-dda3-ea11-a812-000d3a249ca1"
                                    },
                                    "body": {
                                      "text": "@items('Apply_to_each_2')?['CaseID']",
                                      "text_1": "@string(items('Apply_to_each_2')?['Step'])",
                                      "text_2": "@items('Apply_to_each_2')?['Actor']",
                                      "text_3": "APPROVAL",
                                      "text_4": "@outputs('MessageToUser')"
                                    }
                                  }
                                },
                                "If_actor_is_person_and_there_is_a_message_to_send": {
                                  "actions": {
                                    "Send_an_email_(V2)": {
                                      "runAfter": {},
                                      "type": "OpenApiConnection",
                                      "inputs": {
                                        "host": {
                                          "connectionName": "shared_office365",
                                          "operationId": "SendEmailV2",
                                          "apiId": "/providers/Microsoft.PowerApps/apis/shared_office365"
                                        },
                                        "parameters": {
                                          "emailMessage/To": "@items('Apply_to_each')?['Actor']",
                                          "emailMessage/Subject": "Your task for the request @{items('Apply_to_each_2')?['CaseID']} has been skipped",
                                          "emailMessage/Body": "<p>@{outputs('MessageToUser')}</p>"
                                        },
                                        "authentication": {
                                          "type": "Raw",
                                          "value": "@json(decodeBase64(triggerOutputs().headers['X-MS-APIM-Tokens']))['$ConnectionKey']"
                                        }
                                      }
                                    }
                                  },
                                  "runAfter": {
                                    "At": [
                                      "Succeeded"
                                    ]
                                  },
                                  "expression": {
                                    "contains": [
                                      "@items('Apply_to_each')?['Actor']",
                                      "@outputs('At')"
                                    ]
                                  },
                                  "type": "If"
                                },
                                "At": {
                                  "runAfter": {
                                    "Update_item_-_Case_Lifecycle_-_Skip_-_Set_current_status_to_Skipped": [
                                      "Succeeded"
                                    ]
                                  },
                                  "type": "Compose",
                                  "inputs": "@@"
                                },
                                "Run_a_Child_Flow_-_Release_Previous_step_Ownership": {
                                  "runAfter": {
                                    "Update_item_-_Case_Lifecycle_-_Waiting": [
                                      "Succeeded"
                                    ]
                                  },
                                  "type": "Workflow",
                                  "inputs": {
                                    "host": {
                                      "workflowReferenceName": "61ff408c-a529-eb11-a813-000d3ab8ff7b"
                                    },
                                    "body": {
                                      "CaseID_Inputs": "@outputs('CaseID')",
                                      "Step_Inputs": "@outputs('Step')",
                                      "Actor_Inputs": "@string('')"
                                    }
                                  }
                                },
                                "Run_a_Child_Flow_-_BPM_Toolkit_Audit_log_2": {
                                  "runAfter": {
                                    "Run_a_Child_Flow_-_Release_Previous_step_Ownership": [
                                      "Succeeded"
                                    ]
                                  },
                                  "type": "Workflow",
                                  "inputs": {
                                    "host": {
                                      "workflowReferenceName": "7d601ab2-a0b3-ea11-a812-000d3a45b556"
                                    },
                                    "body": {
                                      "text": "@outputs('CaseID')",
                                      "text_1": "@{outputs('Actor')} skipped the step @{outputs('Step')} assigned to @{outputs('OldApprover')}",
                                      "text_2": "0",
                                      "text_3": "@outputs('Actor')"
                                    }
                                  }
                                }
                              },
                              "runAfter": {
                                "Get_items_-_Lifecycle__": [
                                  "Succeeded"
                                ]
                              },
                              "type": "Foreach"
                            }
                          },
                          "runAfter": {},
                          "type": "Scope"
                        }
                      }
                    }
                  },
                  "default": {
                    "actions": {}
                  },
                  "expression": "@outputs('ActionToPerform')",
                  "metadata": {
                    "operationMetadataId": "741abfff-2c88-4754-b0b8-463af7e62440"
                  },
                  "type": "Switch"
                },
                "OldApprover": {
                  "runAfter": {},
                  "metadata": {
                    "operationMetadataId": "582ce4a0-2f94-455a-93ed-02d54f621b9d"
                  },
                  "type": "Compose",
                  "inputs": "@items('Apply_to_each')?['Actor']"
                }
              },
              "runAfter": {
                "Get_items_-__Case_Lifecycle": [
                  "Succeeded"
                ]
              },
              "metadata": {
                "operationMetadataId": "a007f74f-e841-4d84-bc58-365d1d4be012"
              },
              "type": "Foreach"
            }
          },
          "runAfter": {
            "Actor": [
              "Succeeded"
            ]
          },
          "metadata": {
            "operationMetadataId": "7f1f6634-ac71-4575-848f-363f3a26bb63"
          },
          "type": "Scope"
        },
        "Catch": {
          "actions": {
            "Run_a_Child_Flow_-_Log_Flow_error": {
              "runAfter": {},
              "metadata": {
                "operationMetadataId": "87714453-2286-4be3-a929-2c2fe7d77018"
              },
              "type": "Workflow",
              "inputs": {
                "host": {
                  "workflowReferenceName": "01389840-615e-eb11-a812-0022489c791b"
                },
                "body": {
                  "text": "@string(result('Try'))",
                  "text_1": "@string(workflow())",
                  "text_2": "@outputs('CaseID')"
                }
              }
            }
          },
          "runAfter": {
            "Try": [
              "Failed",
              "Skipped",
              "TimedOut"
            ]
          },
          "metadata": {
            "operationMetadataId": "c49c03d6-025f-4ac5-8d5d-631015fb715d"
          },
          "type": "Scope"
        },
        "Actor": {
          "runAfter": {
            "MessageToUser": [
              "Succeeded"
            ]
          },
          "metadata": {
            "operationMetadataId": "2089dcb6-74c0-4142-8613-42830a683606"
          },
          "type": "Compose",
          "inputs": "@triggerBody()['text_5']"
        }
      },
      "outputs": {}
    }
  },
  "schemaVersion": "1.0.0.0"
}