{
  "properties": {
    "connectionReferences": {
      "shared_sharepointonline": {
        "runtimeSource": "embedded",
        "connection": {
          "connectionReferenceLogicalName": "cr93e_sharedsharepointonline_2738c"
        },
        "api": {
          "name": "shared_sharepointonline"
        }
      }
    },
    "definition": {
      "$schema": "https://schema.management.azure.com/providers/Microsoft.Logic/schemas/2016-06-01/workflowdefinition.json#",
      "contentVersion": "1.0.0.0",
      "parameters": {
        "$connections": {
          "defaultValue": {},
          "type": "Object"
        },
        "$authentication": {
          "defaultValue": {},
          "type": "SecureObject"
        },
        "BPM Site (cr93e_BPMSite)": {
          "defaultValue": "https://eurocontrol.sharepoint.com/sites/HRSADEV",
          "type": "String",
          "metadata": {
            "schemaName": "cr93e_BPMSite"
          }
        },
        "BPM Case Lifecycle (cr93e_BPMCaseLifecycle)": {
          "defaultValue": "f3de391d-6402-4616-9078-14cf2ca00a7d",
          "type": "String",
          "metadata": {
            "schemaName": "cr93e_BPMCaseLifecycle"
          }
        }
      },
      "triggers": {
        "manual": {
          "metadata": {
            "operationMetadataId": "2f6e26d4-23bb-4bac-a339-4786d9a41ea8"
          },
          "type": "Request",
          "kind": "Button",
          "inputs": {
            "schema": {
              "type": "object",
              "properties": {
                "text": {
                  "title": "CaseIDs",
                  "type": "string",
                  "x-ms-dynamically-added": true,
                  "description": "Please enter your input",
                  "x-ms-content-hint": "TEXT"
                },
                "text_1": {
                  "title": "Action",
                  "type": "string",
                  "x-ms-dynamically-added": true,
                  "description": "Please enter your input",
                  "x-ms-content-hint": "TEXT"
                },
                "text_2": {
                  "title": "WaitingRole",
                  "type": "string",
                  "x-ms-dynamically-added": true,
                  "description": "Please enter your input",
                  "x-ms-content-hint": "TEXT"
                }
              },
              "required": [
                "text",
                "text_1",
                "text_2"
              ]
            }
          }
        }
      },
      "actions": {
        "CaseIDs": {
          "runAfter": {},
          "metadata": {
            "operationMetadataId": "e9f88522-0c85-4b3a-b979-c8f910883f33"
          },
          "type": "Compose",
          "inputs": "@triggerBody()['text']"
        },
        "Respond_to_a_PowerApp_or_flow": {
          "runAfter": {
            "Select_-_CaseIDs": [
              "Succeeded"
            ]
          },
          "metadata": {
            "operationMetadataId": "32d7fc7c-32b2-4fdf-bf35-0c3e40cef325"
          },
          "type": "Response",
          "kind": "PowerApp",
          "inputs": {
            "statusCode": 200,
            "body": {},
            "schema": {
              "type": "object",
              "properties": {}
            }
          }
        },
        "Select_-_CaseIDs": {
          "runAfter": {
            "CaseIDs": [
              "Succeeded"
            ]
          },
          "metadata": {
            "operationMetadataId": "60f536d9-2c54-4445-8401-1570c9b57ef3"
          },
          "type": "Select",
          "inputs": {
            "from": "@json(outputs('CaseIDs'))",
            "select": {
              "CaseID": "@item()?['Value']"
            }
          }
        },
        "Apply_to_each_-_Request": {
          "foreach": "@body('Select_-_CaseIDs')",
          "actions": {
            "Get_items_-_Case_Lifecycle": {
              "runAfter": {},
              "metadata": {
                "operationMetadataId": "a388a100-c3b1-4495-bc63-4a5092d5df4c"
              },
              "type": "OpenApiConnection",
              "inputs": {
                "host": {
                  "connectionName": "shared_sharepointonline",
                  "operationId": "GetItems",
                  "apiId": "/providers/Microsoft.PowerApps/apis/shared_sharepointonline"
                },
                "parameters": {
                  "dataset": "@parameters('BPM Site (cr93e_BPMSite)')",
                  "table": "@parameters('BPM Case Lifecycle (cr93e_BPMCaseLifecycle)')",
                  "$filter": "(CaseID eq '@{items('Apply_to_each_-_Request')?['CaseID']}') and (Status eq 'Waiting') and (Actor eq '@{triggerBody()['text_2']}')"
                },
                "authentication": {
                  "type": "Raw",
                  "value": "@json(decodeBase64(triggerOutputs().headers['X-MS-APIM-Tokens']))['$ConnectionKey']"
                }
              }
            },
            "Apply_to_each_Case_Lifecycle": {
              "foreach": "@outputs('Get_items_-_Case_Lifecycle')?['body/value']",
              "actions": {
                "Run_a_Child_Flow_-_BPM_Toolkit_-_Act_On_Task": {
                  "runAfter": {},
                  "metadata": {
                    "operationMetadataId": "a749e41c-0339-402d-be71-12531992bc59"
                  },
                  "type": "Workflow",
                  "inputs": {
                    "host": {
                      "workflowReferenceName": "4e1cd2fa-68a3-ea11-a812-000d3a249ca1"
                    },
                    "body": {
                      "text": "@items('Apply_to_each_Case_Lifecycle')?['CaseID']",
                      "text_1": "@triggerBody()['text_1']",
                      "text_2": "@string(item()?['Step'])",
                      "text_3": "\" \" ",
                      "text_4": "batch"
                    }
                  }
                }
              },
              "runAfter": {
                "Get_items_-_Case_Lifecycle": [
                  "Succeeded"
                ]
              },
              "metadata": {
                "operationMetadataId": "16a3d66b-a869-4ddf-9181-657521fd5df9"
              },
              "type": "Foreach"
            }
          },
          "runAfter": {
            "Respond_to_a_PowerApp_or_flow": [
              "Succeeded"
            ]
          },
          "metadata": {
            "operationMetadataId": "2d00f500-f65e-4ddd-b2de-b6b517b65856"
          },
          "type": "Foreach"
        }
      },
      "outputs": {}
    }
  },
  "schemaVersion": "1.0.0.0"
}