{
  "properties": {
    "connectionReferences": {
      "shared_sharepointonline_1": {
        "runtimeSource": "embedded",
        "connection": {
          "connectionReferenceLogicalName": "cr93e_BPMToolkitSPConnectionref3"
        },
        "api": {
          "name": "shared_sharepointonline"
        }
      }
    },
    "definition": {
      "$schema": "https://schema.management.azure.com/providers/Microsoft.Logic/schemas/2016-06-01/workflowdefinition.json#",
      "contentVersion": "1.0.0.0",
      "parameters": {
        "$connections": {
          "defaultValue": {},
          "type": "Object"
        },
        "$authentication": {
          "defaultValue": {},
          "type": "SecureObject"
        },
        "BPM Site (cr93e_BPMSite)": {
          "defaultValue": "https://eurocontrol.sharepoint.com/sites/HRSADEV",
          "type": "String",
          "metadata": {
            "schemaName": "cr93e_BPMSite"
          }
        },
        "BPM Case Lifecycle (cr93e_BPMCaseLifecycle)": {
          "defaultValue": "f3de391d-6402-4616-9078-14cf2ca00a7d",
          "type": "String",
          "metadata": {
            "schemaName": "cr93e_BPMCaseLifecycle"
          }
        }
      },
      "triggers": {
        "manual": {
          "metadata": {
            "operationMetadataId": "b6204e3c-91b7-4289-b2f5-2a1ae8cf6de5"
          },
          "type": "Request",
          "kind": "Button",
          "inputs": {
            "schema": {
              "type": "object",
              "properties": {
                "text": {
                  "title": "CaseID",
                  "type": "string",
                  "x-ms-dynamically-added": true,
                  "description": "Please enter your input",
                  "x-ms-content-hint": "TEXT"
                },
                "text_1": {
                  "title": "Step",
                  "type": "string",
                  "x-ms-dynamically-added": true,
                  "description": "Please enter your input",
                  "x-ms-content-hint": "TEXT"
                },
                "text_2": {
                  "title": "Actor",
                  "type": "string",
                  "x-ms-dynamically-added": true,
                  "description": "Please enter your input",
                  "x-ms-content-hint": "TEXT"
                }
              },
              "required": [
                "text",
                "text_1",
                "text_2"
              ]
            }
          }
        }
      },
      "actions": {
        "Respond_to_a_PowerApp_or_flow": {
          "runAfter": {
            "Apply_to_each": [
              "Succeeded"
            ]
          },
          "metadata": {
            "operationMetadataId": "d42bfcdc-a749-409b-bfcf-0145ae6f7e28"
          },
          "type": "Response",
          "kind": "PowerApp",
          "inputs": {
            "statusCode": 200,
            "body": {},
            "schema": {
              "type": "object",
              "properties": {}
            }
          }
        },
        "CaseID": {
          "runAfter": {
            "Documentation": [
              "Succeeded"
            ]
          },
          "metadata": {
            "operationMetadataId": "36835835-21ac-48a1-a8a5-f16f1c03ce4e"
          },
          "type": "Compose",
          "inputs": "@triggerBody()['text']"
        },
        "Step": {
          "runAfter": {
            "CaseID": [
              "Succeeded"
            ]
          },
          "metadata": {
            "operationMetadataId": "20376420-6b06-4930-b4d1-607a4aa379c1"
          },
          "type": "Compose",
          "inputs": "@triggerBody()['text_1']"
        },
        "Actor": {
          "runAfter": {
            "Step": [
              "Succeeded"
            ]
          },
          "metadata": {
            "operationMetadataId": "4cff4ad4-6152-4851-92e8-374b27cb05b1"
          },
          "type": "Compose",
          "inputs": "@triggerBody()['text_2']"
        },
        "Get_items_-_Case_Lifecycle_-_Find_Previous_steps_with_Comments": {
          "runAfter": {
            "Actor": [
              "Succeeded"
            ]
          },
          "metadata": {
            "operationMetadataId": "7ffc5c9c-8fa5-4c8a-8bec-4d86ae4f9b10"
          },
          "type": "OpenApiConnection",
          "inputs": {
            "host": {
              "connectionName": "shared_sharepointonline_1",
              "operationId": "GetItems",
              "apiId": "/providers/Microsoft.PowerApps/apis/shared_sharepointonline"
            },
            "parameters": {
              "dataset": "@parameters('BPM Site (cr93e_BPMSite)')",
              "table": "@parameters('BPM Case Lifecycle (cr93e_BPMCaseLifecycle)')",
              "$filter": "CaseID eq '@{outputs('CaseID')}' and Step le @{outputs('Step')} and Comment ne null"
            },
            "authentication": {
              "type": "Raw",
              "value": "@json(decodeBase64(triggerOutputs().headers['X-MS-APIM-Tokens']))['$ConnectionKey']"
            }
          }
        },
        "Apply_to_each": {
          "foreach": "@outputs('Get_items_-_Case_Lifecycle_-_Find_Previous_steps_with_Comments')?['body/value']",
          "actions": {
            "Grant_access_to_an_item_or_a_folder_-_To_Actor": {
              "runAfter": {},
              "metadata": {
                "operationMetadataId": "56a2015c-8af7-493d-9e27-2d62ab03cf25"
              },
              "type": "OpenApiConnection",
              "inputs": {
                "host": {
                  "connectionName": "shared_sharepointonline_1",
                  "operationId": "GrantAccess",
                  "apiId": "/providers/Microsoft.PowerApps/apis/shared_sharepointonline"
                },
                "parameters": {
                  "dataset": "@parameters('BPM Site (cr93e_BPMSite)')",
                  "table": "@parameters('BPM Case Lifecycle (cr93e_BPMCaseLifecycle)')",
                  "id": "@items('Apply_to_each')?['ID']",
                  "parameter/recipients": "@outputs('Actor')",
                  "parameter/roleValue": "role:1073741826"
                },
                "authentication": {
                  "type": "Raw",
                  "value": "@json(decodeBase64(triggerOutputs().headers['X-MS-APIM-Tokens']))['$ConnectionKey']"
                }
              }
            }
          },
          "runAfter": {
            "Get_items_-_Case_Lifecycle_-_Find_Previous_steps_with_Comments": [
              "Succeeded"
            ]
          },
          "metadata": {
            "operationMetadataId": "4889b9b7-aede-4f89-8ede-ea98088ae488"
          },
          "type": "Foreach"
        },
        "Documentation": {
          "runAfter": {},
          "metadata": {
            "operationMetadataId": "3b4d8ed9-775c-41d0-ba38-038e14338741"
          },
          "type": "Compose",
          "inputs": "The goal of this flow is to make sure a current ser in the review pipeline can see the previous comments in the review pipeline"
        }
      },
      "outputs": {}
    }
  },
  "schemaVersion": "1.0.0.0"
}