<environmentvariabledefinition schemaname="cr93e_BPMMetaworkflows">
  <apiid>/providers/microsoft.powerapps/apis/shared_sharepointonline</apiid>
  <displayname default="BPM Metaworkflows">
    <label description="BPM Metaworkflows" languagecode="1033" />
  </displayname>
  <introducedversion>1.0.0.100</introducedversion>
  <iscustomizable>1</iscustomizable>
  <isrequired>0</isrequired>
  <parameterkey>table</parameterkey>
  <parentdefinitionid>
    <schemaname>cr93e_BPMSite</schemaname>
  </parentdefinitionid>
  <secretstore>0</secretstore>
  <type>100000004</type>
</environmentvariabledefinition>