{
  "properties": {
    "connectionReferences": {
      "shared_excelonlinebusiness": {
        "runtimeSource": "invoker",
        "connection": {
          "connectionReferenceLogicalName": "cr93f_sharedexcelonlinebusiness_fb2e7"
        },
        "api": {
          "name": "shared_excelonlinebusiness"
        }
      },
      "shared_commondataserviceforapps": {
        "runtimeSource": "embedded",
        "connection": {
          "connectionReferenceLogicalName": "cr93f_sharedcommondataserviceforapps_c7854"
        },
        "api": {
          "name": "shared_commondataserviceforapps"
        }
      },
      "shared_flowmanagement": {
        "runtimeSource": "invoker",
        "connection": {
          "connectionReferenceLogicalName": "cr93e_sharedflowmanagement_11686"
        },
        "api": {
          "name": "shared_flowmanagement"
        }
      }
    },
    "definition": {
      "$schema": "https://schema.management.azure.com/providers/Microsoft.Logic/schemas/2016-06-01/workflowdefinition.json#",
      "contentVersion": "1.0.0.0",
      "parameters": {
        "$connections": {
          "defaultValue": {},
          "type": "Object"
        },
        "$authentication": {
          "defaultValue": {},
          "type": "SecureObject"
        }
      },
      "staticResults": {
        "Turn_On_Flow0": {
          "status": "Succeeded",
          "outputs": {
            "statusCode": "OK",
            "headers": {}
          }
        },
        "Turn_Off_Flow0": {
          "status": "Succeeded",
          "outputs": {
            "statusCode": "OK",
            "headers": {}
          }
        }
      },
      "triggers": {
        "manual": {
          "metadata": {
            "operationMetadataId": "d0450a41-d274-4fa7-bb9c-2b96719b113e"
          },
          "type": "Request",
          "kind": "Button",
          "inputs": {
            "schema": {
              "type": "object",
              "properties": {},
              "required": []
            }
          }
        }
      },
      "actions": {
        "List_rows_present_in_a_table": {
          "runAfter": {},
          "metadata": {
            "01ECXEXIIHFU32OARSWNCJKDPYVOGJHK4I": "/BPM Toolkit flows.xlsx",
            "operationMetadataId": "f86a4ec4-5b7e-4f50-8c37-2e2d81a18144",
            "tableId": "{D743893A-D42E-421E-B361-89FC507207BA}"
          },
          "type": "OpenApiConnection",
          "inputs": {
            "host": {
              "connectionName": "shared_excelonlinebusiness",
              "operationId": "GetItems",
              "apiId": "/providers/Microsoft.PowerApps/apis/shared_excelonlinebusiness"
            },
            "parameters": {
              "source": "sites/doctorflow03.sharepoint.com,3af760dc-2e2c-4b8b-8491-f2f2727c4edc,1d9da596-c295-46fe-8904-7169e72d7b45",
              "drive": "b!3GD3Oiwui0uEkfLycnxO3JalnR2Vwv5GiQRxaecte0WiGuX2wU2ERZUcPg0w7OnY",
              "file": "01ECXEXIIHFU32OARSWNCJKDPYVOGJHK4I",
              "table": "{D743893A-D42E-421E-B361-89FC507207BA}"
            },
            "authentication": {
              "type": "Raw",
              "value": "@json(decodeBase64(triggerOutputs().headers['X-MS-APIM-Tokens']))['$ConnectionKey']"
            }
          }
        },
        "Apply_to_each": {
          "foreach": "@outputs('List_rows_present_in_a_table')?['body/value']",
          "actions": {
            "FlowName": {
              "runAfter": {},
              "metadata": {
                "operationMetadataId": "be7f65b9-a24a-4a2f-a499-d49089829cb9"
              },
              "type": "Compose",
              "inputs": "@items('Apply_to_each')?['BPM Toolkit flows']"
            },
            "List_rows": {
              "runAfter": {
                "FlowName": [
                  "Succeeded"
                ]
              },
              "metadata": {
                "operationMetadataId": "fdf4d168-ebba-436a-88ff-094561c9b8cd"
              },
              "type": "OpenApiConnection",
              "inputs": {
                "host": {
                  "connectionName": "shared_commondataserviceforapps",
                  "operationId": "ListRecords",
                  "apiId": "/providers/Microsoft.PowerApps/apis/shared_commondataserviceforapps"
                },
                "parameters": {
                  "entityName": "workflows",
                  "$filter": "name eq '@{outputs('FlowName')}'"
                },
                "authentication": {
                  "type": "Raw",
                  "value": "@json(decodeBase64(triggerOutputs().headers['X-MS-APIM-Tokens']))['$ConnectionKey']"
                }
              }
            },
            "Apply_to_each_2": {
              "foreach": "@outputs('List_rows')?['body/value']",
              "actions": {
                "workflowId": {
                  "runAfter": {},
                  "metadata": {
                    "operationMetadataId": "67ca6b59-46f4-417e-adb8-75c7cc6cf61e"
                  },
                  "type": "Compose",
                  "inputs": "@item()?['workflowidunique']"
                },
                "Turn_On_Flow": {
                  "runAfter": {
                    "workflowId": [
                      "Succeeded"
                    ]
                  },
                  "metadata": {
                    "operationMetadataId": "b131368f-dc9c-41ad-811c-41b54abb1c62"
                  },
                  "type": "OpenApiConnection",
                  "inputs": {
                    "host": {
                      "connectionName": "shared_flowmanagement",
                      "operationId": "StartFlow",
                      "apiId": "/providers/Microsoft.PowerApps/apis/shared_flowmanagement"
                    },
                    "parameters": {
                      "environmentName": "Default-59efb539-c6fe-45de-ac19-8ec158d53af3",
                      "flowName": "@outputs('workflowId')"
                    },
                    "authentication": {
                      "type": "Raw",
                      "value": "@json(decodeBase64(triggerOutputs().headers['X-MS-APIM-Tokens']))['$ConnectionKey']"
                    }
                  },
                  "runtimeConfiguration": {
                    "staticResult": {
                      "staticResultOptions": "Disabled",
                      "name": "Turn_On_Flow0"
                    }
                  }
                },
                "Turn_Off_Flow": {
                  "runAfter": {
                    "Turn_On_Flow": [
                      "Succeeded"
                    ]
                  },
                  "metadata": {
                    "operationMetadataId": "ff09eb50-6847-4365-8404-cd84c910ebc8"
                  },
                  "type": "OpenApiConnection",
                  "inputs": {
                    "host": {
                      "connectionName": "shared_flowmanagement",
                      "operationId": "StopFlow",
                      "apiId": "/providers/Microsoft.PowerApps/apis/shared_flowmanagement"
                    },
                    "parameters": {
                      "environmentName": "Default-59efb539-c6fe-45de-ac19-8ec158d53af3",
                      "flowName": "@outputs('workflowId')"
                    },
                    "authentication": {
                      "type": "Raw",
                      "value": "@json(decodeBase64(triggerOutputs().headers['X-MS-APIM-Tokens']))['$ConnectionKey']"
                    }
                  },
                  "runtimeConfiguration": {
                    "staticResult": {
                      "staticResultOptions": "Enabled",
                      "name": "Turn_Off_Flow0"
                    }
                  }
                },
                "Delay": {
                  "runAfter": {
                    "Turn_Off_Flow": [
                      "Succeeded"
                    ]
                  },
                  "metadata": {
                    "operationMetadataId": "233ffada-9b10-42f5-90d0-964e18416832"
                  },
                  "type": "Wait",
                  "inputs": {
                    "interval": {
                      "count": 10,
                      "unit": "Second"
                    }
                  }
                }
              },
              "runAfter": {
                "List_rows": [
                  "Succeeded"
                ]
              },
              "metadata": {
                "operationMetadataId": "15105285-d77a-4cf4-b4a4-def0c412cf69"
              },
              "type": "Foreach"
            }
          },
          "runAfter": {
            "List_rows_present_in_a_table": [
              "Succeeded"
            ]
          },
          "metadata": {
            "operationMetadataId": "a109b8b6-23ff-49ff-b87b-4f9c25ddb339"
          },
          "type": "Foreach"
        }
      }
    }
  },
  "schemaVersion": "1.0.0.0"
}