{
  "properties": {
    "connectionReferences": {
      "shared_sharepointonline": {
        "runtimeSource": "embedded",
        "connection": {
          "connectionReferenceLogicalName": "cr93f_sharedsharepointonline_4de97"
        },
        "api": {
          "name": "shared_sharepointonline"
        }
      }
    },
    "definition": {
      "$schema": "https://schema.management.azure.com/providers/Microsoft.Logic/schemas/2016-06-01/workflowdefinition.json#",
      "contentVersion": "1.0.0.0",
      "parameters": {
        "$connections": {
          "defaultValue": {},
          "type": "Object"
        },
        "$authentication": {
          "defaultValue": {},
          "type": "SecureObject"
        }
      },
      "staticResults": {
        "Send_an_HTTP_request_to_SharePoint_-_Delete_Cases_List_0": {
          "status": "Succeeded",
          "outputs": {
            "statusCode": "OK",
            "headers": {}
          }
        },
        "Send_an_HTTP_request_to_SharePoint_-_Create_Cases_List0": {
          "status": "Succeeded",
          "outputs": {
            "statusCode": "OK",
            "headers": {}
          }
        },
        "Send_an_HTTP_request_to_SharePoint_-_Create_Cases_List_Columns1": {
          "status": "Succeeded",
          "outputs": {
            "statusCode": "OK",
            "headers": {}
          }
        },
        "Send_an_HTTP_request_to_SharePoint0": {
          "status": "Succeeded",
          "outputs": {
            "statusCode": "OK",
            "headers": {}
          }
        }
      },
      "triggers": {
        "manual": {
          "metadata": {
            "operationMetadataId": "a9a94179-1275-4878-a840-17e7c853b691"
          },
          "type": "Request",
          "kind": "Button",
          "inputs": {
            "schema": {
              "type": "object",
              "properties": {
                "text": {
                  "title": "SiteUrl",
                  "type": "string",
                  "x-ms-dynamically-added": true,
                  "description": "Please enter your input",
                  "x-ms-content-hint": "TEXT"
                },
                "text_1": {
                  "title": "ListTitle",
                  "type": "string",
                  "x-ms-dynamically-added": true,
                  "description": "Please enter your input",
                  "x-ms-content-hint": "TEXT"
                },
                "text_2": {
                  "title": "ColumnInfos",
                  "type": "string",
                  "x-ms-dynamically-added": true,
                  "description": "Please enter your input",
                  "x-ms-content-hint": "TEXT"
                },
                "text_3": {
                  "title": "List description",
                  "type": "string",
                  "x-ms-dynamically-added": true,
                  "description": "Please enter your input",
                  "x-ms-content-hint": "TEXT"
                }
              },
              "required": [
                "text",
                "text_1",
                "text_2",
                "text_3"
              ]
            }
          }
        }
      },
      "actions": {
        "SharePoint_Site_Url": {
          "runAfter": {},
          "metadata": {
            "operationMetadataId": "3f98d30a-be3d-4609-aa2c-35ee69d76805"
          },
          "type": "Compose",
          "inputs": "@triggerBody()['text']"
        },
        "Initialize_variable_Column_Type": {
          "runAfter": {
            "List_description": [
              "Succeeded"
            ]
          },
          "metadata": {
            "operationMetadataId": "d9911fd7-d012-4031-99e0-221a2bfe5890"
          },
          "type": "InitializeVariable",
          "inputs": {
            "variables": [
              {
                "name": "Column Type",
                "type": "string"
              }
            ]
          }
        },
        "Columns_Infos": {
          "runAfter": {
            "ListTitle": [
              "Succeeded"
            ]
          },
          "metadata": {
            "operationMetadataId": "65a60e94-0122-4d89-9052-73ebac653a80"
          },
          "type": "Compose",
          "inputs": "@json(triggerBody()['text_2'])"
        },
        "ListTitle": {
          "runAfter": {
            "SharePoint_Site_Url": [
              "Succeeded"
            ]
          },
          "metadata": {
            "operationMetadataId": "b821a025-c5af-487d-9437-676c8e311966"
          },
          "type": "Compose",
          "inputs": "@triggerBody()['text_1']"
        },
        "Respond_to_a_PowerApp_or_flow": {
          "runAfter": {
            "Send_an_HTTP_request_to_SharePoint_-_Set_Title_field_as_Optional": [
              "Succeeded"
            ]
          },
          "metadata": {
            "operationMetadataId": "6a0eaed5-3119-4b17-891e-50251ab5fa2e"
          },
          "type": "Response",
          "kind": "PowerApp",
          "inputs": {
            "statusCode": 200,
            "body": {
              "newlistguid": "@{outputs('Send_an_HTTP_request_to_SharePoint_-_Create_BPM_List')?['body']?['d']?['Id']}",
              "newlisttitle": "@{outputs('Send_an_HTTP_request_to_SharePoint_-_Create_BPM_List')?['body']?['d']?['Title']}"
            },
            "schema": {
              "type": "object",
              "properties": {
                "newlistguid": {
                  "title": "NewListGuid",
                  "x-ms-dynamically-added": true,
                  "type": "string"
                },
                "newlisttitle": {
                  "title": "NewListTitle",
                  "x-ms-dynamically-added": true,
                  "type": "string"
                }
              }
            }
          }
        },
        "List_description": {
          "runAfter": {
            "Columns_Infos": [
              "Succeeded"
            ]
          },
          "metadata": {
            "operationMetadataId": "690e8462-906f-46f0-9308-715790bebde9"
          },
          "type": "Compose",
          "inputs": "@triggerBody()['text_3']"
        },
        "Send_an_HTTP_request_to_SharePoint_-_DeleteBPM_List_": {
          "runAfter": {
            "Initialize_variable_Column_Type": [
              "Succeeded"
            ]
          },
          "metadata": {
            "operationMetadataId": "62f6b4a6-0448-4410-972f-39508a3ac9d0"
          },
          "type": "OpenApiConnection",
          "inputs": {
            "host": {
              "connectionName": "shared_sharepointonline",
              "operationId": "HttpRequest",
              "apiId": "/providers/Microsoft.PowerApps/apis/shared_sharepointonline"
            },
            "parameters": {
              "dataset": "@outputs('SharePoint_Site_Url')",
              "parameters/method": "POST",
              "parameters/uri": "_api/web/lists/getByTitle('@{outputs('ListTitle')}')",
              "parameters/headers": {
                "accept": "application/json; odata=verbose",
                "IF-MATCH": "*",
                "X-HTTP-Method": "DELETE"
              }
            },
            "authentication": {
              "type": "Raw",
              "value": "@json(decodeBase64(triggerOutputs().headers['X-MS-APIM-Tokens']))['$ConnectionKey']"
            }
          },
          "runtimeConfiguration": {
            "staticResult": {
              "staticResultOptions": "Disabled",
              "name": "Send_an_HTTP_request_to_SharePoint_-_Delete_Cases_List_0"
            }
          }
        },
        "Send_an_HTTP_request_to_SharePoint_-_Create_BPM_List": {
          "runAfter": {
            "Send_an_HTTP_request_to_SharePoint_-_DeleteBPM_List_": [
              "Succeeded",
              "Failed",
              "Skipped",
              "TimedOut"
            ]
          },
          "metadata": {
            "operationMetadataId": "a7d31bce-c286-4ca1-bc60-af07f5e62fca"
          },
          "type": "OpenApiConnection",
          "inputs": {
            "host": {
              "connectionName": "shared_sharepointonline",
              "operationId": "HttpRequest",
              "apiId": "/providers/Microsoft.PowerApps/apis/shared_sharepointonline"
            },
            "parameters": {
              "dataset": "@outputs('SharePoint_Site_Url')",
              "parameters/method": "POST",
              "parameters/uri": "_api/web/lists",
              "parameters/body": "{\n  \"AllowContentTypes\": true,\n  \"BaseTemplate\": 100,\n \"ContentTypesEnabled\": false,\n \"Description\": \"@{outputs('List_description')}\",\n \"Title\": \"@{outputs('ListTitle')}\"\n}"
            },
            "authentication": {
              "type": "Raw",
              "value": "@json(decodeBase64(triggerOutputs().headers['X-MS-APIM-Tokens']))['$ConnectionKey']"
            }
          },
          "runtimeConfiguration": {
            "staticResult": {
              "staticResultOptions": "Disabled",
              "name": "Send_an_HTTP_request_to_SharePoint_-_Create_Cases_List0"
            }
          }
        },
        "Apply_to_each_Column": {
          "foreach": "@outputs('Columns_Infos')",
          "actions": {
            "Switch": {
              "runAfter": {},
              "cases": {
                "Single_lines_of_text": {
                  "case": "Single line of text",
                  "actions": {
                    "Set_variable_Column_Type_to_2": {
                      "runAfter": {},
                      "type": "SetVariable",
                      "inputs": {
                        "name": "Column Type",
                        "value": "2"
                      }
                    }
                  }
                },
                "Multiple_lines_of_text": {
                  "case": "Multiple lines of text",
                  "actions": {
                    "Set_variable_Column_Type_to_3": {
                      "runAfter": {},
                      "type": "SetVariable",
                      "inputs": {
                        "name": "Column Type",
                        "value": "3"
                      }
                    }
                  }
                },
                "Group": {
                  "case": "Group",
                  "actions": {
                    "Set_variable_Column_Type_to_20": {
                      "runAfter": {},
                      "type": "SetVariable",
                      "inputs": {
                        "name": "Column Type",
                        "value": "20"
                      }
                    }
                  }
                },
                "Number": {
                  "case": "Number",
                  "actions": {
                    "Set_variable_Column_Type_to_1": {
                      "runAfter": {},
                      "type": "SetVariable",
                      "inputs": {
                        "name": "Column Type",
                        "value": "1"
                      }
                    }
                  }
                },
                "Date": {
                  "case": "Date and Time",
                  "actions": {
                    "Set_variable_Column_Type_to_4": {
                      "runAfter": {},
                      "type": "SetVariable",
                      "inputs": {
                        "name": "Column Type",
                        "value": "4"
                      }
                    }
                  }
                },
                "Yes/No": {
                  "case": "Yes/No",
                  "actions": {
                    "Set_variable_Column_Type_to_8": {
                      "runAfter": {},
                      "type": "SetVariable",
                      "inputs": {
                        "name": "Column Type",
                        "value": "8"
                      }
                    }
                  }
                },
                "Lookup": {
                  "case": "Lookup",
                  "actions": {
                    "Set_variable_Column_Type_to_7": {
                      "runAfter": {},
                      "type": "SetVariable",
                      "inputs": {
                        "name": "Column Type",
                        "value": "7"
                      }
                    }
                  }
                },
                "MultiUsers": {
                  "case": "MultiUsers",
                  "actions": {
                    "Set_variable_ColumnType_to_20___": {
                      "runAfter": {},
                      "type": "SetVariable",
                      "inputs": {
                        "name": "Column Type",
                        "value": "20"
                      }
                    }
                  }
                }
              },
              "default": {
                "actions": {}
              },
              "expression": "@items('Apply_to_each_Column')?['Type']",
              "metadata": {
                "operationMetadataId": "a660b19c-e395-435b-9d38-78b556ad82b5"
              },
              "type": "Switch"
            },
            "Condition": {
              "actions": {
                "Send_an_HTTP_request_to_SharePoint_-_Add_new_column_to_default_view": {
                  "runAfter": {
                    "Send_an_HTTP_request_to_SharePoint_2": [
                      "Succeeded"
                    ]
                  },
                  "metadata": {
                    "operationMetadataId": "8752b288-36b7-4855-bb23-38cd5a936015"
                  },
                  "type": "OpenApiConnection",
                  "inputs": {
                    "host": {
                      "connectionName": "shared_sharepointonline",
                      "operationId": "HttpRequest",
                      "apiId": "/providers/Microsoft.PowerApps/apis/shared_sharepointonline"
                    },
                    "parameters": {
                      "dataset": "@outputs('SharePoint_Site_Url')",
                      "parameters/method": "POST",
                      "parameters/uri": "_api/web/lists/getByTitle('@{outputs('ListTitle')}')/Views/GetByTitle('All%20Items')/ViewFields/addViewField('@{items('Apply_to_each_Column')?['Title']}')",
                      "parameters/headers": {
                        "content-type": "application/json; odata=verbose"
                      }
                    },
                    "authentication": {
                      "type": "Raw",
                      "value": "@json(decodeBase64(triggerOutputs().headers['X-MS-APIM-Tokens']))['$ConnectionKey']"
                    }
                  },
                  "runtimeConfiguration": {
                    "staticResult": {
                      "staticResultOptions": "Disabled",
                      "name": "Send_an_HTTP_request_to_SharePoint_-_Create_Cases_List_Columns1"
                    }
                  }
                },
                "OriginalColumnName": {
                  "runAfter": {},
                  "metadata": {
                    "operationMetadataId": "1de032f6-5d08-4d61-ae98-e4a38df59dd8"
                  },
                  "type": "Compose",
                  "inputs": "@item()?['Title']"
                },
                "NoBlankColumnName": {
                  "runAfter": {
                    "OriginalColumnName": [
                      "Succeeded"
                    ]
                  },
                  "metadata": {
                    "operationMetadataId": "7af6d304-e934-4598-8b5b-1d2ae04212da"
                  },
                  "type": "Compose",
                  "inputs": "@if (equals(item()?['Escape'],'true'), item()?['Title'] , replace(trim(item()?['Title']),' ',''))"
                },
                "Send_an_HTTP_request_to_SharePoint_2": {
                  "runAfter": {
                    "If_MultiUsers": [
                      "Succeeded"
                    ]
                  },
                  "metadata": {
                    "operationMetadataId": "60cd26df-945c-4c7f-a6b9-f86e1f459d8b"
                  },
                  "type": "OpenApiConnection",
                  "inputs": {
                    "host": {
                      "connectionName": "shared_sharepointonline",
                      "operationId": "HttpRequest",
                      "apiId": "/providers/Microsoft.PowerApps/apis/shared_sharepointonline"
                    },
                    "parameters": {
                      "dataset": "@outputs('SharePoint_Site_Url')",
                      "parameters/method": "POST",
                      "parameters/uri": "_api/web/lists/getByTitle('@{outputs('ListTitle')}')/fields/getbytitle('@{outputs('NoBlankColumnName')}')",
                      "parameters/headers": {
                        "IF-MATCH": "*",
                        "X-HTTP-Method": "MERGE"
                      },
                      "parameters/body": "{     \n     'Title':  '@{outputs('OriginalColumnName')}'\n}"
                    },
                    "authentication": {
                      "type": "Raw",
                      "value": "@json(decodeBase64(triggerOutputs().headers['X-MS-APIM-Tokens']))['$ConnectionKey']"
                    }
                  }
                },
                "If_MultiUsers": {
                  "actions": {
                    "Send_an_HTTP_request_to_SharePoint_-_Create_CaseID_List_Column_2": {
                      "runAfter": {},
                      "metadata": {
                        "operationMetadataId": "70aa2555-12ed-4aec-a3d1-cee3e319616d"
                      },
                      "type": "OpenApiConnection",
                      "inputs": {
                        "host": {
                          "connectionName": "shared_sharepointonline",
                          "operationId": "HttpRequest",
                          "apiId": "/providers/Microsoft.PowerApps/apis/shared_sharepointonline"
                        },
                        "parameters": {
                          "dataset": "@outputs('SharePoint_Site_Url')",
                          "parameters/method": "POST",
                          "parameters/uri": "_api/web/lists/getByTitle('@{outputs('ListTitle')}')/fields",
                          "parameters/headers": {
                            "content-type": "application/json; odata=verbose"
                          },
                          "parameters/body": "{ '__metadata': { 'type': 'SP.FieldUser' }, \n     'FieldTypeKind': @{variables('Column Type')}, \n     'Title':'@{outputs('NoBlankColumnName')}',\n     'StaticName': '@{outputs('NoBlankColumnName')}',\n     'InternalName':'@{outputs('NoBlankColumnName')}',\n    'AllowMultipleValues': true\n}"
                        },
                        "authentication": {
                          "type": "Raw",
                          "value": "@json(decodeBase64(triggerOutputs().headers['X-MS-APIM-Tokens']))['$ConnectionKey']"
                        }
                      },
                      "runtimeConfiguration": {
                        "staticResult": {
                          "staticResultOptions": "Disabled",
                          "name": "Send_an_HTTP_request_to_SharePoint_-_Create_Cases_List_Columns1"
                        }
                      }
                    }
                  },
                  "runAfter": {
                    "NoBlankColumnName": [
                      "Succeeded"
                    ]
                  },
                  "else": {
                    "actions": {
                      "Send_an_HTTP_request_to_SharePoint_-_Create_CaseID_List_Column": {
                        "runAfter": {},
                        "metadata": {
                          "operationMetadataId": "14042336-0549-49b4-bd93-5bf398db69e9"
                        },
                        "type": "OpenApiConnection",
                        "inputs": {
                          "host": {
                            "connectionName": "shared_sharepointonline",
                            "operationId": "HttpRequest",
                            "apiId": "/providers/Microsoft.PowerApps/apis/shared_sharepointonline"
                          },
                          "parameters": {
                            "dataset": "@outputs('SharePoint_Site_Url')",
                            "parameters/method": "POST",
                            "parameters/uri": "_api/web/lists/getByTitle('@{outputs('ListTitle')}')/fields",
                            "parameters/headers": {
                              "content-type": "application/json; odata=verbose"
                            },
                            "parameters/body": "{ '__metadata': { 'type': 'SP.Field' }, \n     'FieldTypeKind': @{variables('Column Type')}, \n     'Title':'@{outputs('NoBlankColumnName')}',\n     'StaticName': '@{outputs('NoBlankColumnName')}',\n     'InternalName':'@{outputs('NoBlankColumnName')}'\n}"
                          },
                          "authentication": {
                            "type": "Raw",
                            "value": "@json(decodeBase64(triggerOutputs().headers['X-MS-APIM-Tokens']))['$ConnectionKey']"
                          }
                        },
                        "runtimeConfiguration": {
                          "staticResult": {
                            "staticResultOptions": "Disabled",
                            "name": "Send_an_HTTP_request_to_SharePoint_-_Create_Cases_List_Columns1"
                          }
                        }
                      }
                    }
                  },
                  "expression": {
                    "equals": [
                      "@item()?['Type']",
                      "MultiUsers"
                    ]
                  },
                  "metadata": {
                    "operationMetadataId": "c470af63-3bb1-4090-b122-54da2e8e7d0e"
                  },
                  "type": "If"
                }
              },
              "runAfter": {
                "Switch": [
                  "Succeeded"
                ]
              },
              "else": {
                "actions": {
                  "Send_an_HTTP_request_to_SharePoint": {
                    "runAfter": {
                      "FieldOnLookupList": [
                        "Succeeded"
                      ]
                    },
                    "metadata": {
                      "operationMetadataId": "03e39a72-014c-414d-899f-38e2171b6ff3"
                    },
                    "type": "OpenApiConnection",
                    "inputs": {
                      "host": {
                        "connectionName": "shared_sharepointonline",
                        "operationId": "HttpRequest",
                        "apiId": "/providers/Microsoft.PowerApps/apis/shared_sharepointonline"
                      },
                      "parameters": {
                        "dataset": "@outputs('SharePoint_Site_Url')",
                        "parameters/method": "POST",
                        "parameters/uri": "_api/web/lists/getByTitle('@{outputs('ListTitle')}')/fields/addfield",
                        "parameters/headers": {
                          "content-type": "application/json; odata=verbose"
                        },
                        "parameters/body": "{ 'parameters' :{\n\n '__metadata': { 'type': 'SP.FieldCreationInformation' }, \n     'FieldTypeKind': @{variables('Column Type')}, \n     'Title':'@{items('Apply_to_each_Column')?['Title']}',\n'LookupListId':'@{outputs('ToListGuid')}',\n'LookupFieldName':'@{outputs('FieldOnLookupList')}'\n}\n\n}"
                      },
                      "authentication": {
                        "type": "Raw",
                        "value": "@json(decodeBase64(triggerOutputs().headers['X-MS-APIM-Tokens']))['$ConnectionKey']"
                      }
                    },
                    "runtimeConfiguration": {
                      "staticResult": {
                        "staticResultOptions": "Disabled",
                        "name": "Send_an_HTTP_request_to_SharePoint0"
                      }
                    }
                  },
                  "Send_an_HTTP_request_to_SharePoint_-_Add_new_column_to_default_view_2": {
                    "runAfter": {
                      "Send_an_HTTP_request_to_SharePoint": [
                        "Succeeded"
                      ]
                    },
                    "metadata": {
                      "operationMetadataId": "11a5bcfa-1b2f-468d-ba50-5d97cb772fdc"
                    },
                    "type": "OpenApiConnection",
                    "inputs": {
                      "host": {
                        "connectionName": "shared_sharepointonline",
                        "operationId": "HttpRequest",
                        "apiId": "/providers/Microsoft.PowerApps/apis/shared_sharepointonline"
                      },
                      "parameters": {
                        "dataset": "@outputs('SharePoint_Site_Url')",
                        "parameters/method": "POST",
                        "parameters/uri": "_api/web/lists/getByTitle('@{outputs('ListTitle')}')/Views/GetByTitle('All%20Items')/ViewFields/addViewField('@{items('Apply_to_each_Column')?['Title']}')",
                        "parameters/headers": {
                          "content-type": "application/json; odata=verbose"
                        }
                      },
                      "authentication": {
                        "type": "Raw",
                        "value": "@json(decodeBase64(triggerOutputs().headers['X-MS-APIM-Tokens']))['$ConnectionKey']"
                      }
                    },
                    "runtimeConfiguration": {
                      "staticResult": {
                        "staticResultOptions": "Disabled",
                        "name": "Send_an_HTTP_request_to_SharePoint_-_Create_Cases_List_Columns1"
                      }
                    }
                  },
                  "ToList": {
                    "runAfter": {},
                    "metadata": {
                      "operationMetadataId": "f4f64ac4-a685-4b15-a7e4-47efe974e458"
                    },
                    "type": "Compose",
                    "inputs": "@items('Apply_to_each_Column')?['To List']"
                  },
                  "ToListGuid": {
                    "runAfter": {
                      "Send_an_HTTP_request_to_SharePoint_-_FindLookupListGuid": [
                        "Succeeded"
                      ]
                    },
                    "metadata": {
                      "operationMetadataId": "c893d861-af99-4108-9128-568f6d3cec60"
                    },
                    "type": "Compose",
                    "inputs": "@outputs('Send_an_HTTP_request_to_SharePoint_-_FindLookupListGuid')?['body']?['d']?['id']"
                  },
                  "Send_an_HTTP_request_to_SharePoint_-_FindLookupListGuid": {
                    "runAfter": {
                      "ToList": [
                        "Succeeded"
                      ]
                    },
                    "metadata": {
                      "operationMetadataId": "5cfb6b9f-0539-4624-b216-c13d24ad3bd9"
                    },
                    "type": "OpenApiConnection",
                    "inputs": {
                      "host": {
                        "connectionName": "shared_sharepointonline",
                        "operationId": "HttpRequest",
                        "apiId": "/providers/Microsoft.PowerApps/apis/shared_sharepointonline"
                      },
                      "parameters": {
                        "dataset": "@outputs('SharePoint_Site_Url')",
                        "parameters/method": "GET",
                        "parameters/uri": "_api/web/lists/getByTitle('@{outputs('ToList')}')",
                        "parameters/headers": {
                          "content-type": "application/json; odata=verbose"
                        }
                      },
                      "authentication": {
                        "type": "Raw",
                        "value": "@json(decodeBase64(triggerOutputs().headers['X-MS-APIM-Tokens']))['$ConnectionKey']"
                      }
                    },
                    "runtimeConfiguration": {
                      "staticResult": {
                        "staticResultOptions": "Disabled",
                        "name": "Send_an_HTTP_request_to_SharePoint_-_Create_Cases_List_Columns1"
                      }
                    }
                  },
                  "FieldOnLookupList": {
                    "runAfter": {
                      "ToListGuid": [
                        "Succeeded"
                      ]
                    },
                    "metadata": {
                      "operationMetadataId": "72f1bd4a-8020-4132-a4e3-1c8f06692995"
                    },
                    "type": "Compose",
                    "inputs": "@items('Apply_to_each_Column')?['FieldOnLookupList']"
                  }
                }
              },
              "expression": {
                "not": {
                  "equals": [
                    "@int(variables('Column Type'))",
                    "@int(7)"
                  ]
                }
              },
              "metadata": {
                "operationMetadataId": "7a5c0333-09d3-43db-92da-bb58da35d588"
              },
              "type": "If",
              "description": "7 is the lookup"
            }
          },
          "runAfter": {
            "Send_an_HTTP_request_to_SharePoint_-_Create_BPM_List": [
              "Succeeded"
            ]
          },
          "metadata": {
            "operationMetadataId": "0f867478-146f-4f18-979d-191369ec39e9"
          },
          "type": "Foreach"
        },
        "Send_an_HTTP_request_to_SharePoint_-_Set_Title_field_as_Optional": {
          "runAfter": {
            "Apply_to_each_Column": [
              "Succeeded"
            ]
          },
          "metadata": {
            "operationMetadataId": "46b28c8e-7786-4866-898b-f6240cc890a8"
          },
          "type": "OpenApiConnection",
          "inputs": {
            "host": {
              "connectionName": "shared_sharepointonline",
              "operationId": "HttpRequest",
              "apiId": "/providers/Microsoft.PowerApps/apis/shared_sharepointonline"
            },
            "parameters": {
              "dataset": "@outputs('SharePoint_Site_Url')",
              "parameters/method": "POST",
              "parameters/uri": "_api/web/lists/getByTitle('@{outputs('ListTitle')}')/fields/getbytitle('Title')",
              "parameters/headers": {
                "IF-MATCH": "*",
                "X-HTTP-Method": "MERGE"
              },
              "parameters/body": "{     \n     'Required':  'FALSE'\n}"
            },
            "authentication": {
              "type": "Raw",
              "value": "@json(decodeBase64(triggerOutputs().headers['X-MS-APIM-Tokens']))['$ConnectionKey']"
            }
          }
        }
      },
      "outputs": {}
    }
  },
  "schemaVersion": "1.0.0.0"
}