{
  "properties": {
    "connectionReferences": {},
    "definition": {
      "$schema": "https://schema.management.azure.com/providers/Microsoft.Logic/schemas/2016-06-01/workflowdefinition.json#",
      "contentVersion": "1.0.0.0",
      "parameters": {
        "$authentication": {
          "defaultValue": {},
          "type": "SecureObject"
        }
      },
      "triggers": {
        "manual": {
          "metadata": {
            "operationMetadataId": "fcca9ef6-47b7-4d98-9502-2410594fb928"
          },
          "type": "Request",
          "kind": "Button",
          "inputs": {
            "schema": {
              "type": "object",
              "properties": {
                "text": {
                  "title": "your SharePoint site url",
                  "type": "string",
                  "x-ms-dynamically-added": true,
                  "description": "Please enter your input",
                  "x-ms-content-hint": "TEXT"
                }
              },
              "required": [
                "text"
              ]
            }
          }
        }
      },
      "actions": {
        "Site_Url": {
          "runAfter": {
            "Documentation": [
              "Succeeded"
            ]
          },
          "metadata": {
            "operationMetadataId": "c8c13255-2a7c-487a-b95c-f153a7acf0ac"
          },
          "type": "Compose",
          "inputs": "@triggerBody()['text']"
        },
        "Documentation": {
          "runAfter": {},
          "metadata": {
            "operationMetadataId": "b294e9df-bc0f-406c-8b2c-8d06c951cac6"
          },
          "type": "Compose",
          "inputs": "Author: Serge Luca aka Doctor Flow\nFebruary 2021\nThis flow installs the lists for the BPM Toolkit; you must be site owner to run this flow\nThis flow calls a child flow that will provison the list. Make sure the \"Manage Run only Permission\" is set to your account, otherwise you will get an error"
        },
        "Initialize_variable_ListGuids": {
          "runAfter": {
            "Site_Url": [
              "Succeeded"
            ]
          },
          "metadata": {
            "operationMetadataId": "f246d9fe-8f09-437d-9dbf-04e2915ea88d"
          },
          "type": "InitializeVariable",
          "inputs": {
            "variables": [
              {
                "name": "List Guids",
                "type": "string"
              }
            ]
          }
        },
        "Error": {
          "actions": {},
          "runAfter": {
            "Main": [
              "Failed",
              "Skipped",
              "TimedOut"
            ]
          },
          "metadata": {
            "operationMetadataId": "e10dd537-fb4c-447d-bee8-338531f01545"
          },
          "type": "Scope"
        },
        "Main": {
          "actions": {
            "Scope": {
              "actions": {
                "BPM_Case_Configuration-_Columns_infos__": {
                  "runAfter": {},
                  "metadata": {
                    "operationMetadataId": "cc0e7216-546e-4c8b-b2b2-1017dea1ea88"
                  },
                  "type": "Compose",
                  "inputs": [
                    {
                      "Title": "Case Type",
                      "Type": "Single line of text"
                    },
                    {
                      "Title": "Security Group",
                      "Type": "Group"
                    },
                    {
                      "Title": "Security Group Id",
                      "Type": "Single line of text"
                    },
                    {
                      "Title": "SecurityLevel",
                      "Type": "Single line of text"
                    },
                    {
                      "Title": "TeamID",
                      "Type": "Single line of text"
                    },
                    {
                      "Title": "TeamChannelID",
                      "Type": "Single line of text"
                    },
                    {
                      "Title": "RequestListGuid",
                      "Type": "Single line of text"
                    },
                    {
                      "Title": "ApprovalPattern",
                      "Type": "Single line of text"
                    },
                    {
                      "Title": "ReminderAfter",
                      "Type": "Single line of text"
                    },
                    {
                      "Title": "Workflow",
                      "Type": "Single line of text"
                    },
                    {
                      "Title": "ArchiveAfterDays",
                      "Type": "Number"
                    },
                    {
                      "Title": "PurgeArchiveAfterDays",
                      "Type": "Number"
                    }
                  ]
                },
                "Run_a_Child_Flow_-_Create_BPM_Security_groups_for_Case_Types_List__": {
                  "runAfter": {
                    "BPM_Case_Configuration-_Columns_infos__": [
                      "Succeeded"
                    ]
                  },
                  "metadata": {
                    "operationMetadataId": "d23bf6bb-42c7-4f81-bd79-5fd5b1ce3e54"
                  },
                  "type": "Workflow",
                  "inputs": {
                    "host": {
                      "workflowReferenceName": "5d7da562-a612-eb11-a813-000d3a4b2a09"
                    },
                    "body": {
                      "text": "@outputs('Site_Url')",
                      "text_1": "BPM Case Configuration",
                      "text_2": "@string(outputs('BPM_Case_Configuration-_Columns_infos__'))",
                      "text_3": "BPM Security groups for Case Types"
                    }
                  }
                },
                "MetaWorkflows-_Columns_infos_": {
                  "runAfter": {
                    "Run_a_Child_Flow_-_Create_BPM_Security_groups_for_Case_Types_List__": [
                      "Succeeded"
                    ]
                  },
                  "metadata": {
                    "operationMetadataId": "667e9298-ca16-46a9-b372-c55084de4e58"
                  },
                  "type": "Compose",
                  "inputs": [
                    {
                      "Title": "Step",
                      "Type": "Number"
                    },
                    {
                      "Title": "Actor",
                      "Type": "Single line of text"
                    },
                    {
                      "Title": "Type of actor",
                      "Type": "Single line of text"
                    },
                    {
                      "Title": "CaseType",
                      "Type": "Single line of text"
                    },
                    {
                      "Title": "ActionExpected",
                      "Type": "Single line of text"
                    },
                    {
                      "Title": "Goto Step",
                      "Type": "Single line of text"
                    },
                    {
                      "Title": "If property",
                      "Type": "Single line of text",
                      "Escape": "false"
                    },
                    {
                      "Title": "if operation",
                      "Type": "Single line of text",
                      "Escape": "false"
                    },
                    {
                      "Title": "if value",
                      "Type": "Single line of text",
                      "Escape": "false"
                    },
                    {
                      "Title": "if Goto",
                      "Type": "Single line of text",
                      "Escape": "false"
                    },
                    {
                      "Title": "WorkflowIDToRun",
                      "Type": "Single line of text"
                    },
                    {
                      "Title": "LabelWorkflow",
                      "Type": "Single line of text"
                    },
                    {
                      "Title": "ViewForm",
                      "Type": "Single line of text"
                    }
                  ]
                },
                "Run_a_Child_Flow_-_Create_Metaworkflows_List_": {
                  "runAfter": {
                    "MetaWorkflows-_Columns_infos_": [
                      "Succeeded"
                    ]
                  },
                  "metadata": {
                    "operationMetadataId": "a0b09672-30be-48de-b479-0a8d5f873bb4"
                  },
                  "type": "Workflow",
                  "inputs": {
                    "host": {
                      "workflowReferenceName": "5d7da562-a612-eb11-a813-000d3a4b2a09"
                    },
                    "body": {
                      "text": "@outputs('Site_Url')",
                      "text_1": "BPM Meta Workflows",
                      "text_2": "@string(outputs('MetaWorkflows-_Columns_infos_'))",
                      "text_3": "Define your workflows here"
                    }
                  }
                },
                "Case_Lifecycle-Column_infos_": {
                  "runAfter": {
                    "Run_a_Child_Flow_-_Create_Metaworkflows_List_": [
                      "Succeeded"
                    ]
                  },
                  "metadata": {
                    "operationMetadataId": "76b564b3-2823-406a-9151-417e5232503b"
                  },
                  "type": "Compose",
                  "inputs": [
                    {
                      "Title": "CaseID",
                      "Type": "Single line of text"
                    },
                    {
                      "Title": "Step",
                      "Type": "Number"
                    },
                    {
                      "Title": "Comment",
                      "Type": "Multiple lines of text"
                    },
                    {
                      "Title": "Started",
                      "Type": "Single line of text"
                    },
                    {
                      "Title": "Ended",
                      "Type": "Single line of text"
                    },
                    {
                      "Title": "Actor",
                      "Type": "Single line of text"
                    },
                    {
                      "Title": "Status",
                      "Type": "Single line of text"
                    },
                    {
                      "Title": "TypeofactionExpected",
                      "Type": "Single line of text"
                    },
                    {
                      "Title": "Actor_Service",
                      "Type": "Single line of text"
                    },
                    {
                      "Title": "WorkingOnIt",
                      "Type": "Single line of text"
                    },
                    {
                      "Title": "DelegatedFrom",
                      "Type": "Single line of text"
                    },
                    {
                      "Title": "StepsGenerated",
                      "Type": "Single line of text"
                    },
                    {
                      "Title": "if property",
                      "Type": "Single line of text",
                      "Escape": "true"
                    },
                    {
                      "Title": "if value",
                      "Type": "Single line of text",
                      "Escape": "true"
                    },
                    {
                      "Title": "if operation",
                      "Type": "Single line of text",
                      "Escape": "true"
                    },
                    {
                      "Title": "if Goto",
                      "Type": "Single line of text",
                      "Escape": "true"
                    },
                    {
                      "Title": "WorkflowIDToRun",
                      "Type": "Single line of text"
                    },
                    {
                      "Title": "LabelWorkflow",
                      "Type": "Single line of text"
                    },
                    {
                      "Title": "CaseType",
                      "Type": "Single line of text"
                    },
                    {
                      "Title": "CaseDescr",
                      "Type": "Single line of text"
                    },
                    {
                      "Title": "Submitted By",
                      "Type": "Single line of text"
                    },
                    {
                      "Title": "On Behalf Of",
                      "Type": "Single line of text"
                    },
                    {
                      "Title": "SecurityGroupID",
                      "Type": "Single line of text"
                    },
                    {
                      "Title": "WorkflowTemplate",
                      "Type": "Single line of text"
                    },
                    {
                      "Title": "StepVisibleByEndUser",
                      "Type": "Single line of text"
                    },
                    {
                      "Title": "MessageToApprover",
                      "Type": "Single line of text"
                    },
                    {
                      "Title": "OriginalStep",
                      "Type": "Number"
                    },
                    {
                      "Title": "CaseTypeFriendlyName",
                      "Type": "Single line of text"
                    },
                    {
                      "Title": "TaskExecutedBy",
                      "Type": "Single line of text"
                    }
                  ]
                },
                "Run_a_Child_Flow_-_Create_Case_Lifecycle_List": {
                  "runAfter": {
                    "Case_Lifecycle-Column_infos_": [
                      "Succeeded"
                    ]
                  },
                  "metadata": {
                    "operationMetadataId": "ad813180-7d4d-44db-b587-7a93cb676b93"
                  },
                  "type": "Workflow",
                  "inputs": {
                    "host": {
                      "workflowReferenceName": "5d7da562-a612-eb11-a813-000d3a4b2a09"
                    },
                    "body": {
                      "text": "@outputs('Site_Url')",
                      "text_1": "BPM Case Lifecycle",
                      "text_2": "@string(outputs('Case_Lifecycle-Column_infos_'))",
                      "text_3": "BPM Toolkit Case Lifecycles"
                    }
                  }
                },
                "Cases-Column_infos": {
                  "runAfter": {
                    "Run_a_Child_Flow_-_Create_Case_Lifecycle_List": [
                      "Succeeded"
                    ]
                  },
                  "metadata": {
                    "operationMetadataId": "d1225c19-ee32-43a9-8077-42d8a012a285"
                  },
                  "type": "Compose",
                  "inputs": [
                    {
                      "Title": "CaseID",
                      "Type": "Single line of text"
                    },
                    {
                      "Title": "CaseActors",
                      "Type": "MultiUsers"
                    },
                    {
                      "Title": "MainSecurity GroupId",
                      "Type": "Single line of text"
                    },
                    {
                      "Title": "CaseDescr",
                      "Type": "Single line of text"
                    },
                    {
                      "Title": "CaseStatus",
                      "Type": "Single line of text"
                    },
                    {
                      "Title": "Location",
                      "Type": "Single line of text"
                    },
                    {
                      "Title": "Submitter",
                      "Type": "Single line of text"
                    },
                    {
                      "Title": "On Behalf Of",
                      "Type": "Single line of text"
                    },
                    {
                      "Title": "TypeOfrequest",
                      "Type": "Single line of text"
                    },
                    {
                      "Title": "Security",
                      "Type": "Single line of text"
                    },
                    {
                      "Title": "CaseSubmissionStatus",
                      "Type": "Single line of text"
                    },
                    {
                      "Title": "Link to Primary document",
                      "Type": "Single line of text"
                    },
                    {
                      "Title": "StepsGenerated",
                      "Type": "Single line of text"
                    },
                    {
                      "Title": "Request List Guid",
                      "Type": "Single line of text"
                    },
                    {
                      "Title": "Request Id",
                      "Type": "Single line of text"
                    },
                    {
                      "Title": "Messages",
                      "Type": "Multiple lines of text"
                    },
                    {
                      "Title": "Case Category",
                      "Type": "Single line of text"
                    },
                    {
                      "Title": "Case Type Internal Name",
                      "Type": "Single line of text"
                    },
                    {
                      "Title": "Case Type Friendly Name",
                      "Type": "Single line of text"
                    },
                    {
                      "Title": "Extra User Info",
                      "Type": "Multiple lines of text"
                    },
                    {
                      "Title": "MessageToApprover",
                      "Type": "Single line of text"
                    },
                    {
                      "Title": "TeamsConversationLink",
                      "Type": "Single line of text"
                    },
                    {
                      "Title": "DossierUrlr",
                      "Type": "Multiple lines of text"
                    },
                    {
                      "Title": "CanBeEdited",
                      "Type": "Number"
                    }
                  ]
                },
                "Run_a_Child_Flow_-_Create_Cases_List": {
                  "runAfter": {
                    "Cases-Column_infos": [
                      "Succeeded"
                    ]
                  },
                  "metadata": {
                    "operationMetadataId": "1e237b8d-5fd8-4c8b-91a9-a14cec64b334"
                  },
                  "type": "Workflow",
                  "inputs": {
                    "host": {
                      "workflowReferenceName": "5d7da562-a612-eb11-a813-000d3a4b2a09"
                    },
                    "body": {
                      "text": "@outputs('Site_Url')",
                      "text_1": "BPM Cases",
                      "text_2": "@string(outputs('Cases-Column_infos'))",
                      "text_3": "BPM Toolkit cases"
                    }
                  }
                },
                "Case_Workflows": {
                  "runAfter": {
                    "Run_a_Child_Flow_-_Create_Cases_List": [
                      "Succeeded"
                    ]
                  },
                  "metadata": {
                    "operationMetadataId": "2780896c-db7c-4b79-95cc-eb816c4271d0"
                  },
                  "type": "Compose",
                  "inputs": [
                    {
                      "Title": "CaseID",
                      "Type": "Single line of text"
                    },
                    {
                      "Title": "CaseDescr",
                      "Type": "Single line of text"
                    },
                    {
                      "Title": "CaseItemID",
                      "Type": "Single line of text"
                    },
                    {
                      "Title": "CaseStarted",
                      "Type": "Single line of text"
                    },
                    {
                      "Title": "CaseEnded",
                      "Type": "Single line of text"
                    },
                    {
                      "Title": "CaseStatus",
                      "Type": "Single line of text"
                    },
                    {
                      "Title": "WorkingOnIt",
                      "Type": "Single line of text"
                    },
                    {
                      "Title": "TypeOfRequest",
                      "Type": "Single line of text"
                    },
                    {
                      "Title": "Submitter",
                      "Type": "Single line of text"
                    },
                    {
                      "Title": "On Behalf Of",
                      "Type": "Single line of text"
                    },
                    {
                      "Title": "WorkingOnItCache",
                      "Type": "Single line of text"
                    },
                    {
                      "Title": "ViewForm",
                      "Type": "Single line of text"
                    },
                    {
                      "Title": "Case Category",
                      "Type": "Single line of text"
                    },
                    {
                      "Title": "Case Type Friendly Name",
                      "Type": "Single line of text"
                    },
                    {
                      "Title": "WorkflowTemplate",
                      "Type": "Single line of text"
                    },
                    {
                      "Title": "Bottleneck",
                      "Type": "Single line of text"
                    },
                    {
                      "Title": "ArchiveAfterDays",
                      "Type": "Number"
                    },
                    {
                      "Title": "PurgeArchiveAfterDays",
                      "Type": "Single line of text"
                    },
                    {
                      "Title": "WorkInProgress",
                      "Type": "Single line of text"
                    }
                  ]
                },
                "Run_a_Child_Flow_-_Create_Case_Workflows": {
                  "runAfter": {
                    "Case_Workflows": [
                      "Succeeded"
                    ]
                  },
                  "metadata": {
                    "operationMetadataId": "95e5d078-e492-4a32-b84b-9c81305e0263"
                  },
                  "type": "Workflow",
                  "inputs": {
                    "host": {
                      "workflowReferenceName": "5d7da562-a612-eb11-a813-000d3a4b2a09"
                    },
                    "body": {
                      "text": "@outputs('Site_Url')",
                      "text_1": "BPM Case Workflows",
                      "text_2": "@string(outputs('Case_Workflows'))",
                      "text_3": "BPM Toolkit Case Workflows"
                    }
                  }
                },
                "Case_Delegations_-_Columns_infos": {
                  "runAfter": {
                    "Run_a_Child_Flow_-_Create_Case_Workflows": [
                      "Succeeded"
                    ]
                  },
                  "metadata": {
                    "operationMetadataId": "98b8f1d4-26b5-481f-b211-40f771a6144c"
                  },
                  "type": "Compose",
                  "inputs": [
                    {
                      "Title": "User_To",
                      "Type": "Single line of text"
                    },
                    {
                      "Title": "From_Date",
                      "Type": "Single line of text"
                    },
                    {
                      "Title": "To_Date",
                      "Type": "Single line of text"
                    },
                    {
                      "Title": "User_From",
                      "Type": "Single line of text"
                    },
                    {
                      "Title": "Active",
                      "Type": "Yes/No"
                    }
                  ]
                },
                "Run_a_Child_Flow_-_Create_Case_Delegations": {
                  "runAfter": {
                    "Case_Delegations_-_Columns_infos": [
                      "Succeeded"
                    ]
                  },
                  "metadata": {
                    "operationMetadataId": "ec6f0900-88fa-4332-a544-da70beb70539"
                  },
                  "type": "Workflow",
                  "inputs": {
                    "host": {
                      "workflowReferenceName": "5d7da562-a612-eb11-a813-000d3a4b2a09"
                    },
                    "body": {
                      "text": "@outputs('Site_Url')",
                      "text_1": "BPM Case Delegations",
                      "text_2": "@string(outputs('Case_Delegations_-_Columns_infos'))",
                      "text_3": "BPM Toolkit Case Delegations"
                    }
                  }
                },
                "BPM_Business_Messages_-_Columns_infos": {
                  "runAfter": {
                    "Run_a_Child_Flow_-_Create_Case_Delegations": [
                      "Succeeded"
                    ]
                  },
                  "metadata": {
                    "operationMetadataId": "64eb63da-e70f-47f0-8403-ea6849cf7137"
                  },
                  "type": "Compose",
                  "inputs": [
                    {
                      "Title": "CodeID",
                      "Type": "Single line of text"
                    },
                    {
                      "Title": "Translation1",
                      "Type": "Single line of text"
                    },
                    {
                      "Title": "Translation2",
                      "Type": "Single line of text"
                    }
                  ]
                },
                "Run_a_Child_Flow_-_Create_BPM_Business_Messages": {
                  "runAfter": {
                    "BPM_Business_Messages_-_Columns_infos": [
                      "Succeeded"
                    ]
                  },
                  "metadata": {
                    "operationMetadataId": "c08bf3b7-dcb4-4286-a017-d0ac8bbf460e"
                  },
                  "type": "Workflow",
                  "inputs": {
                    "host": {
                      "workflowReferenceName": "5d7da562-a612-eb11-a813-000d3a4b2a09"
                    },
                    "body": {
                      "text": "@outputs('Site_Url')",
                      "text_1": "BPM Business Messages",
                      "text_2": "@string(outputs('BPM_Business_Messages_-_Columns_infos'))",
                      "text_3": "BPM Toolkit BPM Business Messages"
                    }
                  }
                },
                "BPM_Forms_-_Columns_infos_": {
                  "runAfter": {
                    "Run_a_Child_Flow_-_Create_BPM_Business_Messages": [
                      "Succeeded"
                    ]
                  },
                  "metadata": {
                    "operationMetadataId": "f1f16fc9-506b-4103-95fd-17599e4e9ecb"
                  },
                  "type": "Compose",
                  "inputs": [
                    {
                      "Title": "ViewForm",
                      "Type": "Single line of text"
                    },
                    {
                      "Title": "CaseType",
                      "Type": "Single line of text"
                    },
                    {
                      "Title": "EditForm",
                      "Type": "Single line of text"
                    },
                    {
                      "Title": "CreateForm",
                      "Type": "Single line of text"
                    },
                    {
                      "Title": "DescriptionLanguage1",
                      "Type": "Single line of text"
                    },
                    {
                      "Title": "DescriptionLanguage2",
                      "Type": "Single line of text"
                    }
                  ]
                },
                "Run_a_Child_Flow_-_Create_BPM_Forms": {
                  "runAfter": {
                    "BPM_Forms_-_Columns_infos_": [
                      "Succeeded"
                    ]
                  },
                  "metadata": {
                    "operationMetadataId": "6d03ae50-8f4d-47ac-926c-60227abfdc37"
                  },
                  "type": "Workflow",
                  "inputs": {
                    "host": {
                      "workflowReferenceName": "5d7da562-a612-eb11-a813-000d3a4b2a09"
                    },
                    "body": {
                      "text": "@outputs('Site_Url')",
                      "text_1": "BPM Forms",
                      "text_2": "@string(outputs('BPM_Forms_-_Columns_infos_'))",
                      "text_3": "BPM Toolkit  BPM Forms"
                    }
                  }
                },
                "BPM_Statistics_-_Columns_infos": {
                  "runAfter": {
                    "Run_a_Child_Flow_-_Create_BPM_Forms": [
                      "Succeeded"
                    ]
                  },
                  "metadata": {
                    "operationMetadataId": "6b962573-a222-4e3d-b54d-6d857b4f12df"
                  },
                  "type": "Compose",
                  "inputs": [
                    {
                      "Title": "KPI_AllCases",
                      "Type": "Single line of text"
                    },
                    {
                      "Title": "KPI_ApprovedCases",
                      "Type": "Single line of text"
                    },
                    {
                      "Title": "KPI_RejectedCases",
                      "Type": "Single line of text"
                    },
                    {
                      "Title": "KPI_CasesBeingWorkedOn",
                      "Type": "Single line of text"
                    },
                    {
                      "Title": "KPI_CasesStopped",
                      "Type": "Single line of text"
                    },
                    {
                      "Title": "KPI_WaitingCases",
                      "Type": "Single line of text"
                    },
                    {
                      "Title": "KPI_Late",
                      "Type": "Single line of text"
                    },
                    {
                      "Title": "AllServicesStatus",
                      "Type": "Single line of text"
                    },
                    {
                      "Title": "CheckedServicesWhen",
                      "Type": "Single line of text"
                    }
                  ]
                },
                "Run_a_Child_Flow_-_Create_BPM_Statistics": {
                  "runAfter": {
                    "BPM_Statistics_-_Columns_infos": [
                      "Succeeded"
                    ]
                  },
                  "metadata": {
                    "operationMetadataId": "6af2068d-89de-4ef4-8732-66e5f15c96fd"
                  },
                  "type": "Workflow",
                  "inputs": {
                    "host": {
                      "workflowReferenceName": "5d7da562-a612-eb11-a813-000d3a4b2a09"
                    },
                    "body": {
                      "text": "@outputs('Site_Url')",
                      "text_1": "BPM Statistics",
                      "text_2": "@string(outputs('BPM_Statistics_-_Columns_infos'))",
                      "text_3": "BPM Toolkit BPM Statistics"
                    }
                  }
                },
                "BPM_Internal_Messages_-_Columns_infos_": {
                  "runAfter": {
                    "Run_a_Child_Flow_-_Create_BPM_Statistics": [
                      "Succeeded"
                    ]
                  },
                  "metadata": {
                    "operationMetadataId": "601f61da-6632-45e6-a497-53ac63ce5801"
                  },
                  "type": "Compose",
                  "inputs": [
                    {
                      "Title": "CaseID",
                      "Type": "Single line of text"
                    },
                    {
                      "Title": "Step",
                      "Type": "Single line of text"
                    },
                    {
                      "Title": "From",
                      "Type": "Single line of text"
                    },
                    {
                      "Title": "Message",
                      "Type": "Single line of text"
                    }
                  ]
                },
                "Run_a_Child_Flow_-_Create_BPM_Internal_Messages": {
                  "runAfter": {
                    "BPM_Internal_Messages_-_Columns_infos_": [
                      "Succeeded"
                    ]
                  },
                  "metadata": {
                    "operationMetadataId": "242798a1-ccee-4168-a514-ddbcf125c6fb"
                  },
                  "type": "Workflow",
                  "inputs": {
                    "host": {
                      "workflowReferenceName": "5d7da562-a612-eb11-a813-000d3a4b2a09"
                    },
                    "body": {
                      "text": "@outputs('Site_Url')",
                      "text_1": "BPM Internal Messages",
                      "text_2": "@string(outputs('BPM_Internal_Messages_-_Columns_infos_'))",
                      "text_3": "BPM Toolkit BPM Internal Messages"
                    }
                  }
                },
                "BPM_Log_-_Columns_infos": {
                  "runAfter": {
                    "Run_a_Child_Flow_-_Create_BPM_Internal_Messages": [
                      "Succeeded"
                    ]
                  },
                  "metadata": {
                    "operationMetadataId": "5abb5214-da35-4460-9501-fcd9223ae2a0"
                  },
                  "type": "Compose",
                  "inputs": [
                    {
                      "Title": "CaseID",
                      "Type": "Single line of text"
                    },
                    {
                      "Title": "Severity",
                      "Type": "Single line of text"
                    },
                    {
                      "Title": "Actor",
                      "Type": "Single line of text"
                    }
                  ]
                },
                "Run_a_Child_Flow_-_Create_BPM_Log": {
                  "runAfter": {
                    "BPM_Log_-_Columns_infos": [
                      "Succeeded"
                    ]
                  },
                  "metadata": {
                    "operationMetadataId": "4131d767-ad36-4801-9959-30d9e25cfcc7"
                  },
                  "type": "Workflow",
                  "inputs": {
                    "host": {
                      "workflowReferenceName": "5d7da562-a612-eb11-a813-000d3a4b2a09"
                    },
                    "body": {
                      "text": "@outputs('Site_Url')",
                      "text_1": "BPM Log",
                      "text_2": "@string(outputs('BPM_Log_-_Columns_infos'))",
                      "text_3": "BPM Toolkit BPM Log"
                    }
                  }
                },
                "BPM_Toolkit_Error_Log_-_Columns_info": {
                  "runAfter": {
                    "Run_a_Child_Flow_-_Create_BPM_Log": [
                      "Succeeded"
                    ]
                  },
                  "metadata": {
                    "operationMetadataId": "36701abc-3fd8-4973-9f1e-c1f67993ec26"
                  },
                  "type": "Compose",
                  "inputs": [
                    {
                      "Title": "CaseID",
                      "Type": "Single line of text"
                    },
                    {
                      "Title": "Severity",
                      "Type": "Single line of text"
                    },
                    {
                      "Title": "FlowRun",
                      "Type": "Single line of text"
                    },
                    {
                      "Title": "Details",
                      "Type": "Multiple lines of text"
                    }
                  ]
                },
                "Run_a_Child_Flow_-_Create_BPM_Toolkit_Error_Log": {
                  "runAfter": {
                    "BPM_Toolkit_Error_Log_-_Columns_info": [
                      "Succeeded"
                    ]
                  },
                  "metadata": {
                    "operationMetadataId": "f3472c08-d7a7-4f1f-8b0f-999c443e7afc"
                  },
                  "type": "Workflow",
                  "inputs": {
                    "host": {
                      "workflowReferenceName": "5d7da562-a612-eb11-a813-000d3a4b2a09"
                    },
                    "body": {
                      "text": "@outputs('Site_Url')",
                      "text_1": "BPM Toolkit Error Log",
                      "text_2": "@string(outputs('BPM_Toolkit_Error_Log_-_Columns_info'))",
                      "text_3": "BPM Toolkit Error Log"
                    }
                  }
                },
                "BPM_Parameters_-_Columns_infos_": {
                  "runAfter": {
                    "Run_a_Child_Flow_-_Create_BPM_Toolkit_Error_Log": [
                      "Succeeded"
                    ]
                  },
                  "metadata": {
                    "operationMetadataId": "fda2dc92-7fe8-4982-bf70-7215ff5dde6b"
                  },
                  "type": "Compose",
                  "inputs": [
                    {
                      "Title": "Description",
                      "Type": "Single line of text"
                    },
                    {
                      "Title": "ParamName",
                      "Type": "Single line of text"
                    },
                    {
                      "Title": "ParamValue",
                      "Type": "Single line of text"
                    }
                  ]
                },
                "Run_a_Child_Flow_-_Create_BPM_Parameters": {
                  "runAfter": {
                    "BPM_Parameters_-_Columns_infos_": [
                      "Succeeded"
                    ]
                  },
                  "metadata": {
                    "operationMetadataId": "13ef7eca-3655-4536-9cc3-1c5c266bb833"
                  },
                  "type": "Workflow",
                  "inputs": {
                    "host": {
                      "workflowReferenceName": "5d7da562-a612-eb11-a813-000d3a4b2a09"
                    },
                    "body": {
                      "text": "@outputs('Site_Url')",
                      "text_1": "BPM Parameters",
                      "text_2": "@string(outputs('BPM_Parameters_-_Columns_infos_'))",
                      "text_3": "Contains Parameters for the BPM Toolkit"
                    }
                  }
                },
                "BPM_Roles_-_Columns_infos": {
                  "runAfter": {
                    "Run_a_Child_Flow_-_Create_BPM_Parameters": [
                      "Succeeded"
                    ]
                  },
                  "metadata": {
                    "operationMetadataId": "c906f4c7-da1d-4d73-b064-fcb06e878b35"
                  },
                  "type": "Compose",
                  "inputs": [
                    {
                      "Title": "Role",
                      "Type": "Single line of text"
                    },
                    {
                      "Title": "Description",
                      "Type": "Multiple lines of text"
                    },
                    {
                      "Title": "CanApproveInBatch",
                      "Type": "Single line of text"
                    }
                  ]
                },
                "Run_a_Child_Flow_-_Create_BPM_Roles": {
                  "runAfter": {
                    "BPM_Roles_-_Columns_infos": [
                      "Succeeded"
                    ]
                  },
                  "metadata": {
                    "operationMetadataId": "0e2568ce-43f3-4486-bc0b-a8516d831cd1"
                  },
                  "type": "Workflow",
                  "inputs": {
                    "host": {
                      "workflowReferenceName": "5d7da562-a612-eb11-a813-000d3a4b2a09"
                    },
                    "body": {
                      "text": "@outputs('Site_Url')",
                      "text_1": "BPM Roles",
                      "text_2": "@string(outputs('BPM_Roles_-_Columns_infos'))",
                      "text_3": "Contains Roles for the BPM Toolkit. Check the associated list BPM Person in Roles"
                    }
                  }
                },
                "BPM_Persons_in_Roles_-_Columns_infos": {
                  "runAfter": {
                    "Run_a_Child_Flow_-_Create_BPM_Roles": [
                      "Succeeded"
                    ]
                  },
                  "metadata": {
                    "operationMetadataId": "9ee23fac-b825-4207-bce1-98f6e3ad0b16"
                  },
                  "type": "Compose",
                  "inputs": [
                    {
                      "Title": "PersonEmail",
                      "Type": "Single line of text"
                    },
                    {
                      "Title": "Active",
                      "Type": "Yes/No"
                    },
                    {
                      "Title": "Role",
                      "Type": "Lookup",
                      "To List": "BPM Roles",
                      "FieldOnLookupList": "Role"
                    }
                  ]
                },
                "Run_a_Child_Flow_-_Create_BPM_Persons_in_Roles_": {
                  "runAfter": {
                    "BPM_Persons_in_Roles_-_Columns_infos": [
                      "Succeeded"
                    ]
                  },
                  "metadata": {
                    "operationMetadataId": "32af8d12-2529-4096-8bf9-19bd37d06a69"
                  },
                  "type": "Workflow",
                  "inputs": {
                    "host": {
                      "workflowReferenceName": "5d7da562-a612-eb11-a813-000d3a4b2a09"
                    },
                    "body": {
                      "text": "@outputs('Site_Url')",
                      "text_1": "BPM Persons in Roles",
                      "text_2": "@string(outputs('BPM_Persons_in_Roles_-_Columns_infos'))",
                      "text_3": "Define Who is in which role for the BPM Toolkit. Check the associated list BPM Roles"
                    }
                  }
                },
                "BPM_ALM_List_Migration_-_Columns_infos_": {
                  "runAfter": {
                    "Run_a_Child_Flow_-_Create_BPM_Persons_in_Roles_": [
                      "Succeeded"
                    ]
                  },
                  "metadata": {
                    "operationMetadataId": "fdfdd38a-0017-45ea-bf3f-864ae8cc1b95"
                  },
                  "type": "Compose",
                  "inputs": [
                    {
                      "Title": "list title",
                      "Type": "Single line of text"
                    },
                    {
                      "Title": "Old List Guid",
                      "Type": "Single line of text"
                    },
                    {
                      "Title": "New List Guid",
                      "Type": "Single line of text"
                    }
                  ]
                },
                "Run_a_Child_Flow_-_Create_BPMALM_List_Migration": {
                  "runAfter": {
                    "BPM_ALM_List_Migration_-_Columns_infos_": [
                      "Succeeded"
                    ]
                  },
                  "metadata": {
                    "operationMetadataId": "218045ec-548e-408f-a063-e2863ab3650d"
                  },
                  "type": "Workflow",
                  "inputs": {
                    "host": {
                      "workflowReferenceName": "5d7da562-a612-eb11-a813-000d3a4b2a09"
                    },
                    "body": {
                      "text": "@outputs('Site_Url')",
                      "text_1": "BPM ALM List Migration",
                      "text_2": "@string(outputs('BPM_ALM_List_Migration_-_Columns_infos_'))",
                      "text_3": "Technical list used during the migration of BPM Toolkit packages from 1 SharePoint site to another one"
                    }
                  }
                },
                "BPM_Case_Categories_-_Columns_infos__": {
                  "runAfter": {
                    "Run_a_Child_Flow_-_Create_BPMALM_List_Migration": [
                      "Succeeded"
                    ]
                  },
                  "metadata": {
                    "operationMetadataId": "c743cf2a-fdd0-49d4-b2fd-20bc9a80e2fe"
                  },
                  "type": "Compose",
                  "inputs": [
                    {
                      "Title": "Workflow",
                      "Type": "Single line of text"
                    },
                    {
                      "Title": "Case Category",
                      "Type": "Single line of text"
                    },
                    {
                      "Title": "Case Type Internal Name",
                      "Type": "Single line of text"
                    },
                    {
                      "Title": "Case Type Friendly Name",
                      "Type": "Single line of text"
                    }
                  ]
                },
                "Run_a_Child_Flow_-_Create_BPM_Case_Categories": {
                  "runAfter": {
                    "BPM_Case_Categories_-_Columns_infos__": [
                      "Succeeded"
                    ]
                  },
                  "metadata": {
                    "operationMetadataId": "3145c477-f1b8-4643-abe6-1e36165d4bd9"
                  },
                  "type": "Workflow",
                  "inputs": {
                    "host": {
                      "workflowReferenceName": "5d7da562-a612-eb11-a813-000d3a4b2a09"
                    },
                    "body": {
                      "text": "@outputs('Site_Url')",
                      "text_1": "BPM Case Categories",
                      "text_2": "@string(outputs('BPM_Case_Categories_-_Columns_infos__'))",
                      "text_3": "Technical list used during the migration of BPM Toolkit packages from 1 SharePoint site to another one"
                    }
                  }
                },
                "BPM_PPA_ORDERS_(demo)_-_Columns_infos": {
                  "runAfter": {
                    "Run_a_Child_Flow_-_Create_BPM_Case_Categories": [
                      "Succeeded"
                    ]
                  },
                  "metadata": {
                    "operationMetadataId": "cb17d13f-7f6d-4c69-b2b5-b1fe3bdc0d91"
                  },
                  "type": "Compose",
                  "inputs": [
                    {
                      "Title": "Product",
                      "Type": "Single line of text"
                    },
                    {
                      "Title": "Amount",
                      "Type": "Single line of text"
                    },
                    {
                      "Title": "Account",
                      "Type": "Single line of text"
                    },
                    {
                      "Title": "Contact",
                      "Type": "Single line of text"
                    },
                    {
                      "Title": "ContactEmaill",
                      "Type": "Single line of text"
                    },
                    {
                      "Title": "Submitter",
                      "Type": "Single line of text"
                    },
                    {
                      "Title": "On Behalf Of",
                      "Type": "Single line of text"
                    },
                    {
                      "Title": "CaseID",
                      "Type": "Single line of text"
                    },
                    {
                      "Title": "CaseSubmissionStatus",
                      "Type": "Single line of text"
                    },
                    {
                      "Title": "Actors",
                      "Type": "Single line of text"
                    },
                    {
                      "Title": "RequestType",
                      "Type": "Single line of text"
                    },
                    {
                      "Title": "ContactEmail",
                      "Type": "Single line of text"
                    }
                  ]
                },
                "Run_a_Child_Flow_-_Create_BPM_BPPA_ORDERS": {
                  "runAfter": {
                    "BPM_PPA_ORDERS_(demo)_-_Columns_infos": [
                      "Succeeded"
                    ]
                  },
                  "metadata": {
                    "operationMetadataId": "15e46a07-afee-47ad-860b-5826c6f4c333"
                  },
                  "type": "Workflow",
                  "inputs": {
                    "host": {
                      "workflowReferenceName": "5d7da562-a612-eb11-a813-000d3a4b2a09"
                    },
                    "body": {
                      "text": "@outputs('Site_Url')",
                      "text_1": "PPA_ORDERS",
                      "text_2": "@string(outputs('BPM_PPA_ORDERS_(demo)_-_Columns_infos'))",
                      "text_3": "List used for the BPM Toolkit tutorial"
                    }
                  }
                },
                "BPM_Permission_Matrix_-_Columns_infos": {
                  "runAfter": {
                    "Run_a_Child_Flow_-_Create_BPM_BPPA_ORDERS": [
                      "Succeeded"
                    ]
                  },
                  "metadata": {
                    "operationMetadataId": "11a66f25-8dbd-4e6e-8a70-0c4c2bf21660"
                  },
                  "type": "Compose",
                  "inputs": [
                    {
                      "Title": "email",
                      "Type": "Single line of text"
                    },
                    {
                      "Title": "security group",
                      "Type": "Single line of text"
                    },
                    {
                      "Title": "security group id",
                      "Type": "Single line of text"
                    }
                  ]
                },
                "Run_a_Child_Flow_-_Create_BPM_Permission_Matrix": {
                  "runAfter": {
                    "BPM_Permission_Matrix_-_Columns_infos": [
                      "Succeeded"
                    ]
                  },
                  "metadata": {
                    "operationMetadataId": "15e46a07-afee-47ad-860b-5826c6f4c333"
                  },
                  "type": "Workflow",
                  "inputs": {
                    "host": {
                      "workflowReferenceName": "5d7da562-a612-eb11-a813-000d3a4b2a09"
                    },
                    "body": {
                      "text": "@outputs('Site_Url')",
                      "text_1": "BPM Permission Matrix",
                      "text_2": "@string(outputs('BPM_Permission_Matrix_-_Columns_infos'))",
                      "text_3": "List used for Power BI for role based security"
                    }
                  }
                },
                "Late_cases_-_Columns_infos_": {
                  "runAfter": {
                    "Run_a_Child_Flow_-_Create_BPM_Permission_Matrix": [
                      "Succeeded"
                    ]
                  },
                  "metadata": {
                    "operationMetadataId": "11a66f25-8dbd-4e6e-8a70-0c4c2bf21660"
                  },
                  "type": "Compose",
                  "inputs": [
                    {
                      "Title": "CaseID",
                      "Type": "Single line of text"
                    },
                    {
                      "Title": "CaseType",
                      "Type": "Single line of text"
                    },
                    {
                      "Title": "WaitingFor",
                      "Type": "Single line of text"
                    },
                    {
                      "Title": "WaitingSince",
                      "Type": "Single line of text"
                    }
                  ]
                },
                "Run_a_Child_Flow_-_Create_Late_cases": {
                  "runAfter": {
                    "Late_cases_-_Columns_infos_": [
                      "Succeeded"
                    ]
                  },
                  "metadata": {
                    "operationMetadataId": "15e46a07-afee-47ad-860b-5826c6f4c333"
                  },
                  "type": "Workflow",
                  "inputs": {
                    "host": {
                      "workflowReferenceName": "5d7da562-a612-eb11-a813-000d3a4b2a09"
                    },
                    "body": {
                      "text": "@outputs('Site_Url')",
                      "text_1": "BPM Late cases",
                      "text_2": "@string(outputs('Late_cases_-_Columns_infos_'))",
                      "text_3": "Late cases batch"
                    }
                  }
                }
              },
              "runAfter": {},
              "metadata": {
                "operationMetadataId": "86faff99-ef88-4a37-9b9f-f3befde6f711"
              },
              "type": "Scope"
            }
          },
          "runAfter": {
            "Initialize_variable_ListGuids": [
              "Succeeded"
            ]
          },
          "metadata": {
            "operationMetadataId": "23314834-e51c-4dee-991b-f889b5a0ee08"
          },
          "type": "Scope"
        }
      },
      "outputs": {}
    }
  },
  "schemaVersion": "1.0.0.0"
}