{
  "properties": {
    "connectionReferences": {
      "shared_commondataserviceforapps_1": {
        "runtimeSource": "embedded",
        "connection": {
          "connectionReferenceLogicalName": "cr93f_sharedcommondataserviceforapps_c7854"
        },
        "api": {
          "name": "shared_commondataserviceforapps"
        }
      }
    },
    "definition": {
      "$schema": "https://schema.management.azure.com/providers/Microsoft.Logic/schemas/2016-06-01/workflowdefinition.json#",
      "contentVersion": "1.0.0.0",
      "parameters": {
        "$connections": {
          "defaultValue": {},
          "type": "Object"
        },
        "$authentication": {
          "defaultValue": {},
          "type": "SecureObject"
        }
      },
      "triggers": {
        "manual": {
          "metadata": {
            "operationMetadataId": "8e60b315-a184-474d-abe3-0ea30a7782a0"
          },
          "type": "Request",
          "kind": "Button",
          "inputs": {
            "schema": {
              "type": "object",
              "properties": {
                "text": {
                  "title": "String to search",
                  "type": "string",
                  "x-ms-dynamically-added": true,
                  "description": "Please enter your input",
                  "x-ms-content-hint": "TEXT"
                }
              },
              "required": [
                "text"
              ]
            }
          }
        }
      },
      "actions": {
        "List_records": {
          "runAfter": {
            "StringToSearch": [
              "Succeeded"
            ]
          },
          "metadata": {
            "operationMetadataId": "1935101b-9a79-4d5a-8be1-ac72b4484c92"
          },
          "type": "OpenApiConnection",
          "inputs": {
            "host": {
              "connectionName": "shared_commondataserviceforapps_1",
              "operationId": "ListRecords",
              "apiId": "/providers/Microsoft.PowerApps/apis/shared_commondataserviceforapps"
            },
            "parameters": {
              "entityName": "workflows",
              "$filter": "solutionid eq  'fd140aae-4df4-11dd-bd17-0019b9312238' "
            },
            "authentication": {
              "type": "Raw",
              "value": "@json(decodeBase64(triggerOutputs().headers['X-MS-APIM-Tokens']))['$ConnectionKey']"
            }
          }
        },
        "Apply_to_each": {
          "foreach": "@outputs('List_records')?['body/value']",
          "actions": {
            "WorkflowCode": {
              "runAfter": {},
              "metadata": {
                "operationMetadataId": "0dfb3f8d-0494-44a8-a79f-5234912b0ea0"
              },
              "type": "Compose",
              "inputs": "@items('Apply_to_each')?['clientdata']"
            },
            "Condition": {
              "actions": {
                "Append_to_array_variable": {
                  "runAfter": {},
                  "metadata": {
                    "operationMetadataId": "0027b71e-9338-4183-82e0-7a2c93bbc1a2"
                  },
                  "type": "AppendToArrayVariable",
                  "inputs": {
                    "name": "SearchResult",
                    "value": "@items('Apply_to_each')?['name']"
                  }
                }
              },
              "runAfter": {
                "Compose": [
                  "Succeeded"
                ]
              },
              "expression": {
                "contains": [
                  "@trim(tolower(outputs('WorkflowCode')))",
                  "@trim(tolower(outputs('StringToSearch')))"
                ]
              },
              "metadata": {
                "operationMetadataId": "b4dca3c0-0138-4099-9e68-0b90b2ddd2ee"
              },
              "type": "If"
            },
            "Compose": {
              "runAfter": {
                "WorkflowCode": [
                  "Succeeded"
                ]
              },
              "metadata": {
                "operationMetadataId": "758bd756-5d93-4188-b862-8d65dc387ca7"
              },
              "type": "Compose",
              "inputs": "@tolower(outputs('WorkflowCode'))"
            }
          },
          "runAfter": {
            "List_records": [
              "Succeeded"
            ]
          },
          "metadata": {
            "operationMetadataId": "b21aef77-42d4-458b-8515-87e9c4f60b88"
          },
          "type": "Foreach",
          "runtimeConfiguration": {
            "concurrency": {
              "repetitions": 24
            }
          }
        },
        "StringToSearch": {
          "runAfter": {
            "Initialize_variable_SearchResult": [
              "Succeeded"
            ]
          },
          "metadata": {
            "operationMetadataId": "22d2931b-6bbd-46eb-9f10-818bde9e2cfb"
          },
          "type": "Compose",
          "inputs": "@triggerBody()['text']"
        },
        "Initialize_variable_SearchResult": {
          "runAfter": {},
          "metadata": {
            "operationMetadataId": "5df4f2ad-5b28-4d09-bdaf-8ff5b0b183ca"
          },
          "type": "InitializeVariable",
          "inputs": {
            "variables": [
              {
                "name": "SearchResult",
                "type": "array",
                "value": []
              }
            ]
          }
        },
        "SearchResults": {
          "runAfter": {
            "Apply_to_each": [
              "Succeeded"
            ]
          },
          "metadata": {
            "operationMetadataId": "d09a07d7-64b6-4fbe-a623-71d8ad6597f5"
          },
          "type": "Compose",
          "inputs": "@variables('SearchResult')"
        }
      },
      "outputs": {}
    }
  },
  "schemaVersion": "1.0.0.0"
}